# https://github.com/mikedh/trimesh
mtllib material.mtl
usemtl material_0
v 0.45210660 -0.34813923 0.07307908
v 0.45201370 -0.34792823 0.07678954
v 0.45200303 -0.34775576 0.07968280
v 0.26597086 -0.36363375 0.19588500
v 0.26768419 -0.36425480 0.19659846
v 0.26601148 -0.36367914 0.19602209
v 0.25206682 -0.35759062 -0.00465776
v 0.25207981 -0.35772461 0.00635273
v 0.25230524 -0.35326618 -0.00000594
v 0.25228572 -0.35357848 0.01250841
v 0.25193840 -0.36157012 0.01166688
v 0.25188410 -0.36164936 -0.00103050
v 0.25189629 -0.36117390 -0.01332032
v 0.25205693 -0.35752356 -0.01248859
v 0.25201118 -0.35748258 -0.02128845
v 0.25188258 -0.36103082 -0.02053461
v 0.25176227 -0.36089924 -0.03255265
v 0.25176501 -0.36090723 -0.04468225
v 0.25175470 -0.36094847 -0.03963787
v 0.25213966 -0.35383692 -0.04854378
v 0.25173694 -0.36094338 -0.04924677
v 0.25211769 -0.35309061 -0.05576796
v 0.25227422 -0.35049027 -0.05197537
v 0.25221565 -0.35054240 -0.05744167
v 0.25167862 -0.36094856 -0.05302914
v 0.25178096 -0.35767683 -0.05747176
v 0.25193998 -0.35339859 -0.06152656
v 0.25161475 -0.35776669 -0.06214928
v 0.25181156 -0.35312977 -0.06555440
v 0.25214848 -0.35055539 -0.06144856
v 0.25127405 -0.35729763 -0.07180920
v 0.25154141 -0.35302207 -0.07333733
v 0.25138798 -0.35307959 -0.07829054
v 0.25104985 -0.35725898 -0.07873090
v 0.25149855 -0.36101136 -0.06046445
v 0.25224158 -0.35018221 -0.04131081
v 0.25222465 -0.34945187 -0.03193373
v 0.25226215 -0.34949952 -0.03990520
v 0.25233126 -0.35343656 0.01918491
v 0.25201565 -0.36147940 0.01869272
v 0.25230083 -0.35736158 0.02649529
v 0.25215092 -0.36138317 0.02595979
v 0.25233179 -0.36137593 0.03239783
v 0.25245708 -0.35638633 0.03272888
v 0.25248736 -0.36145684 0.03857906
v 0.25242859 -0.35361123 0.02630558
v 0.25253072 -0.35774434 0.03856990
v 0.25257570 -0.35355648 0.03616195
v 0.25268841 -0.35753977 0.04544602
v 0.25270322 -0.36151242 0.04641858
v 0.25287375 -0.36167637 0.05185355
v 0.25288334 -0.35769743 0.05170897
v 0.25300714 -0.35755751 0.05659658
v 0.25290981 -0.35467151 0.05089394
v 0.25298646 -0.36153084 0.05671572
v 0.25321561 -0.36440295 0.07184266
v 0.25308836 -0.36449683 0.06397257
v 0.25303459 -0.36469978 0.05980210
v 0.25303108 -0.36533028 0.05837310
v 0.25185254 -0.36398795 -0.03818660
v 0.25185218 -0.36403966 -0.03177429
v 0.25189731 -0.36392868 -0.04507791
v 0.25192344 -0.36420071 -0.02327142
v 0.25193405 -0.36430100 -0.01707038
v 0.25188163 -0.36451960 -0.00424575
v 0.25193962 -0.36456665 0.00942778
v 0.25203064 -0.36438999 0.01915260
v 0.25215837 -0.36430392 0.02628821
v 0.25245667 -0.36427897 0.03599524
v 0.25288913 -0.36452264 0.05127797
v 0.25277093 -0.35078114 0.04435619
v 0.25289565 -0.35089248 0.04812549
v 0.25306231 -0.35096687 0.05257492
v 0.25307536 -0.35378334 0.05602989
v 0.25326926 -0.35107490 0.06055016
v 0.25340682 -0.35417616 0.07203948
v 0.25343156 -0.35134137 0.06801295
v 0.25354558 -0.35156566 0.07404463
v 0.25364944 -0.35168266 0.08185637
v 0.25355485 -0.35408628 0.08163680
v 0.25351870 -0.35770226 0.09025608
v 0.25369471 -0.35168445 0.08736351
v 0.25374040 -0.35161141 0.09218151
v 0.25356838 -0.35817820 0.09558240
v 0.25392452 -0.35116702 0.10540681
v 0.25369507 -0.35842338 0.10804497
v 0.25397572 -0.35113159 0.11069234
v 0.25400084 -0.35121539 0.11452870
v 0.25402090 -0.35132036 0.11833508
v 0.25371218 -0.35954693 0.11841825
v 0.25401187 -0.35133833 0.12214540
v 0.25366527 -0.36074594 0.12517223
v 0.25399718 -0.35132238 0.12762703
v 0.25399277 -0.35182109 0.12981592
v 0.25370270 -0.36030453 0.12962063
v 0.25383723 -0.35794339 0.13362119
v 0.25402027 -0.35253590 0.13367186
v 0.25410235 -0.35318285 0.13750279
v 0.25420943 -0.35338682 0.14144105
v 0.25375587 -0.36095688 0.13377337
v 0.25401574 -0.36090198 0.14142850
v 0.25429505 -0.36084965 0.15134473
v 0.25432473 -0.35290560 0.14545383
v 0.25448361 -0.35678682 0.15564999
v 0.25442445 -0.35243151 0.14964607
v 0.25460970 -0.35185212 0.15783297
v 0.25452128 -0.35197613 0.15373853
v 0.25470006 -0.35584122 0.16368526
v 0.25469661 -0.35227653 0.16186512
v 0.25479636 -0.35302389 0.16565783
v 0.25490388 -0.35485220 0.17014050
v 0.25493616 -0.35244378 0.17015816
v 0.25516456 -0.35210291 0.17913422
v 0.25501928 -0.35691252 0.17778197
v 0.25470078 -0.36113364 0.16809767
v 0.25491181 -0.36127439 0.17710392
v 0.25524294 -0.35621688 0.18350419
v 0.25495058 -0.36594903 0.18047547
v 0.25475442 -0.36783463 0.17708540
v 0.25465116 -0.36786512 0.17393447
v 0.25456119 -0.36780080 0.17036298
v 0.25515437 -0.36108896 0.18333583
v 0.25506422 -0.36590791 0.18317132
v 0.25521314 -0.36283898 0.18543398
v 0.25517547 -0.36457279 0.18537614
v 0.25532058 -0.35202843 0.18346967
v 0.25448340 -0.36496848 0.16240253
v 0.25455999 -0.36096984 0.16162083
v 0.25424701 -0.36498782 0.15389228
v 0.25405237 -0.36477089 0.14759214
v 0.25388214 -0.36471808 0.14166370
v 0.25360060 -0.36456278 0.13319586
v 0.25352529 -0.36424774 0.12503329
v 0.25352246 -0.36598149 0.12825333
v 0.25348711 -0.36567366 0.12264087
v 0.25348106 -0.36552712 0.11901242
v 0.25363573 -0.36109605 0.11329554
v 0.25350380 -0.36544746 0.11434177
v 0.25351432 -0.36544812 0.10712539
v 0.25349727 -0.36544520 0.10201077
v 0.25342274 -0.36543483 0.09313297
v 0.25340191 -0.36536151 0.08606397
v 0.25344566 -0.35825592 0.08236427
v 0.25331870 -0.36529770 0.07828121
v 0.25330323 -0.36459720 0.07668649
v 0.25334734 -0.35812119 0.07516500
v 0.25317317 -0.35798085 0.06581455
v 0.25268295 -0.35069332 0.04026651
v 0.25261176 -0.35061535 0.03393997
v 0.25252014 -0.35060495 0.02664607
v 0.25241649 -0.35053700 0.01861730
v 0.25239584 -0.35046017 0.01179120
v 0.25242126 -0.35044584 0.00280192
v 0.25240812 -0.35031575 -0.00263237
v 0.25239152 -0.35006192 -0.00644638
v 0.25227913 -0.35333350 -0.01116105
v 0.25237855 -0.34937260 -0.01092140
v 0.25226757 -0.34939212 -0.02309699
v 0.25209796 -0.35344303 -0.03185850
v 0.25210190 -0.35368383 -0.03951972
v 0.25226265 -0.35039064 -0.04535420
v 0.25090411 -0.36090240 -0.07829736
v 0.25106528 -0.36102909 -0.07299688
v 0.25119483 -0.36102977 -0.06909034
v 0.25362644 -0.36632240 0.13462974
v 0.25387239 -0.36661911 0.14186032
v 0.25406069 -0.36688587 0.14808069
v 0.25428364 -0.36720452 0.15497506
v 0.25446516 -0.36748087 0.16203988
v 0.25547415 -0.34837708 0.18338619
v 0.25531790 -0.34855759 0.17907889
v 0.25523621 -0.34885544 0.17419329
v 0.25238660 -0.34940112 -0.00757362
v 0.25519696 -0.34934425 0.16618828
v 0.25077829 -0.36066589 -0.08632290
v 0.25072920 -0.36061636 -0.09412351
v 0.25083542 -0.35743412 -0.09679393
v 0.25073391 -0.36061636 -0.10314974
v 0.25077751 -0.35731760 -0.12067400
v 0.25067541 -0.36066926 -0.11800908
v 0.25069308 -0.36054987 -0.12887549
v 0.25077069 -0.35708699 -0.13102642
v 0.25077426 -0.35706905 -0.13770285
v 0.25072604 -0.36040255 -0.13728672
v 0.25080565 -0.35719764 -0.14623255
v 0.25078249 -0.36052722 -0.14795770
v 0.25084642 -0.35727230 -0.16157755
v 0.25081661 -0.36046261 -0.16178283
v 0.25084502 -0.35718784 -0.16645426
v 0.25089428 -0.35736573 -0.08767755
v 0.25085396 -0.36039263 -0.16629791
v 0.25082311 -0.35699549 -0.17087813
v 0.25109565 -0.35309467 -0.16808796
v 0.25103489 -0.35314804 -0.17475308
v 0.25073048 -0.35704789 -0.17802170
v 0.25068063 -0.35725483 -0.18203232
v 0.25093320 -0.35357338 -0.18359432
v 0.25062782 -0.35749188 -0.18599272
v 0.25051439 -0.35780421 -0.19324709
v 0.25078967 -0.35391113 -0.19312893
v 0.25050688 -0.35783648 -0.19764045
v 0.25078690 -0.35414994 -0.19783610
v 0.25055748 -0.35784012 -0.20151868
v 0.25081584 -0.35438874 -0.20185353
v 0.25061899 -0.35780850 -0.20556723
v 0.25084534 -0.35462710 -0.20709829
v 0.25119606 -0.35359189 -0.08901645
v 0.25112975 -0.35326773 -0.10854213
v 0.25108668 -0.35326290 -0.12329262
v 0.25105038 -0.35314631 -0.13334751
v 0.25104049 -0.35313654 -0.14027223
v 0.25105485 -0.35314846 -0.14804423
v 0.25111279 -0.35312569 -0.16087034
v 0.25071517 -0.35772741 -0.20965575
v 0.25095135 -0.35480219 -0.21381918
v 0.25091049 -0.35759929 -0.21539265
v 0.25135985 -0.35734043 -0.22898220
v 0.25113502 -0.35750091 -0.22393484
v 0.25144795 -0.35450873 -0.22921620
v 0.25129676 -0.35460740 -0.22520950
v 0.25117150 -0.35467049 -0.22150712
v 0.25104782 -0.35475665 -0.21764077
v 0.25148830 -0.35429996 -0.23278433
v 0.25089854 -0.36012712 -0.17389767
v 0.25285724 -0.36536720 0.04775731
v 0.25174451 -0.35140899 -0.22944809
v 0.25206277 -0.35054967 -0.06543627
v 0.25197408 -0.35056788 -0.06939642
v 0.25517887 -0.34951180 0.16212477
v 0.25165763 -0.35139978 -0.22538969
v 0.25159374 -0.35135871 -0.22170769
v 0.25184026 -0.35136706 -0.23290451
v 0.25547788 -0.36087242 0.18643609
v 0.25152659 -0.35135758 -0.21782814
v 0.25148094 -0.35139233 -0.21397346
v 0.25160515 -0.35728565 -0.23264170
v 0.25197250 -0.36416471 -0.04941796
v 0.25189635 -0.36380416 -0.05302795
v 0.25183320 -0.36363354 -0.05698262
v 0.25094494 -0.36003324 -0.17771293
v 0.25233084 -0.36554605 0.02763738
v 0.25218785 -0.36561397 0.01931328
v 0.25183612 -0.35071191 -0.07623028
v 0.25145432 -0.35133842 -0.21003778
v 0.25144529 -0.35078296 -0.19791946
v 0.25145724 -0.35061812 -0.19385774
v 0.25148660 -0.35058334 -0.18984811
v 0.25153977 -0.35064545 -0.18279561
v 0.25156915 -0.35055509 -0.17651421
v 0.25143993 -0.35101038 -0.20200333
v 0.25143835 -0.35120350 -0.20607249
v 0.25171220 -0.35104445 -0.08439358
v 0.25167578 -0.35109684 -0.09064068
v 0.25164446 -0.35092652 -0.09879093
v 0.25163668 -0.35072976 -0.10676460
v 0.25163195 -0.35066155 -0.11290237
v 0.25160992 -0.35070419 -0.12470778
v 0.25158113 -0.35060081 -0.13451144
v 0.25158370 -0.35045847 -0.14508395
v 0.25161403 -0.35034645 -0.15491454
v 0.25162503 -0.35035592 -0.16261096
v 0.25161090 -0.35041487 -0.16828056
v 0.25477326 -0.34994316 0.14179191
v 0.25108346 -0.36002043 -0.18167345
v 0.25571126 -0.35640669 0.18692380
v 0.25515780 -0.34965694 0.15803729
v 0.25509131 -0.34977308 0.15397567
v 0.25467247 -0.35000896 0.13784046
v 0.25499514 -0.34984320 0.14921738
v 0.25168589 -0.36330330 -0.06435996
v 0.25589758 -0.35224876 0.18673837
v 0.25629804 -0.34841937 0.18659610
v 0.25463006 -0.35009781 0.13398999
v 0.25210971 -0.36567557 0.00548276
v 0.25213352 -0.36564854 -0.03890949
v 0.25216326 -0.36579174 -0.02856651
v 0.25220266 -0.36582428 -0.01857051
v 0.25210324 -0.36574140 -0.00418051
v 0.25217634 -0.36535102 -0.04820268
v 0.25135726 -0.36021990 -0.18536608
v 0.25158542 -0.36317489 -0.06896935
v 0.25527948 -0.36811167 0.17873651
v 0.25544763 -0.36559743 0.18615760
v 0.25149360 -0.36305583 -0.07402963
v 0.25141561 -0.36282396 -0.08065128
v 0.25180396 -0.35414836 -0.23398629
v 0.25197330 -0.35161638 -0.23400712
v 0.25555447 -0.36816064 0.18318681
v 0.25595903 -0.34686226 0.18328191
v 0.25576439 -0.34721512 0.17761475
v 0.25600240 -0.36785164 0.18632241
v 0.25121394 -0.35973775 -0.18941055
v 0.25576457 -0.34800676 0.16773866
v 0.25204092 -0.35734478 -0.23403740
v 0.25465405 -0.35018224 0.13009837
v 0.25138921 -0.36268875 -0.08561874
v 0.25135067 -0.36268890 -0.11259712
v 0.25137368 -0.36264130 -0.10134216
v 0.25136104 -0.36264205 -0.09320922
v 0.25141007 -0.36243358 -0.14881217
v 0.25134829 -0.36260414 -0.12341214
v 0.25135159 -0.36257231 -0.12783886
v 0.25138769 -0.36246359 -0.13767634
v 0.25683746 -0.34685150 0.18664791
v 0.25143462 -0.36226168 -0.16188388
v 0.25148520 -0.36212200 -0.16816024
v 0.25581205 -0.34843078 0.15891783
v 0.25159600 -0.36177009 -0.17664869
v 0.25117868 -0.35949785 -0.19331175
v 0.25577930 -0.34857467 0.15418060
v 0.25239846 -0.35831413 -0.23409657
v 0.25642076 -0.36736560 0.18746255
v 0.25116375 -0.35921535 -0.19725952
v 0.25568953 -0.34869638 0.14767510
v 0.25119212 -0.35890010 -0.20113318
v 0.25655729 -0.36074245 0.18833943
v 0.25189561 -0.36137187 -0.18370964
v 0.25623524 -0.36519048 0.18746436
v 0.25457337 -0.35044616 0.12649760
v 0.25554270 -0.34871703 0.13929442
v 0.25478750 -0.35026687 0.12239844
v 0.25728807 -0.35689691 0.18926637
v 0.25771669 -0.34702453 0.18811506
v 0.25553846 -0.34888387 0.13372965
v 0.25207466 -0.35806218 -0.23261239
v 0.25171557 -0.35782707 -0.22893095
v 0.25124732 -0.35843602 -0.20536287
v 0.25565699 -0.34913945 0.12651201
v 0.25508896 -0.35008916 0.11819216
v 0.25766036 -0.34865993 0.18824802
v 0.25760505 -0.35287282 0.18884148
v 0.25583953 -0.34925285 0.11943591
v 0.25494584 -0.35022202 0.11463564
v 0.25493547 -0.35018158 0.11078762
v 0.25491029 -0.35023358 0.10559887
v 0.25486317 -0.35041085 0.09900950
v 0.29503480 -0.36488390 0.19937557
v 0.29505640 -0.36354136 0.19883557
v 0.29105377 -0.36505374 0.19911368
v 0.29920319 -0.36268190 0.19887532
v 0.29909217 -0.36458987 0.19966882
v 0.29108074 -0.36400715 0.19866432
v 0.28726152 -0.36431545 0.19851029
v 0.28724077 -0.36515614 0.19891247
v 0.30337808 -0.36263159 0.19946979
v 0.30332825 -0.36411402 0.19996253
v 0.30790082 -0.36233148 0.20001659
v 0.28345141 -0.36521676 0.19878936
v 0.29094589 -0.36209166 0.19763482
v 0.28709605 -0.36233574 0.19744259
v 0.28727341 -0.35895377 0.19586731
v 0.28300351 -0.35888362 0.19555318
v 0.28322124 -0.36246321 0.19727799
v 0.27916318 -0.35884050 0.19532406
v 0.28001204 -0.35430372 0.19331972
v 0.28360108 -0.34864208 0.19102031
v 0.27604368 -0.35061789 0.19139309
v 0.27015573 -0.35700959 0.19376704
v 0.27446437 -0.35632768 0.19381711
v 0.27139995 -0.35476550 0.19289611
v 0.26663724 -0.35408106 0.19219467
v 0.26697019 -0.35090867 0.19091977
v 0.28152734 -0.35588720 0.19411160
v 0.29036391 -0.35348561 0.19363594
v 0.29020178 -0.34836540 0.19130686
v 0.29433167 -0.35181117 0.19306949
v 0.29438615 -0.34826699 0.19147865
v 0.28983369 -0.35532889 0.19441281
v 0.29477528 -0.35896161 0.19645308
v 0.26284981 -0.35082069 0.19056098
v 0.27586851 -0.34892100 0.19056773
v 0.29457697 -0.35527268 0.19467412
v 0.27150989 -0.35860744 0.19463380
v 0.27537495 -0.35882595 0.19508687
v 0.27936178 -0.36254743 0.19716127
v 0.29900220 -0.35940641 0.19704843
v 0.29653731 -0.36159191 0.19790925
v 0.30059865 -0.36117998 0.19816253
v 0.26220131 -0.34877241 0.18958928
v 0.26132309 -0.35089990 0.19042335
v 0.29874864 -0.35256070 0.19354874
v 0.29830638 -0.34830967 0.19164449
v 0.29860702 -0.35517716 0.19483267
v 0.27561617 -0.36267304 0.19706424
v 0.27637273 -0.36462492 0.19820368
v 0.27155066 -0.36327943 0.19706376
v 0.27078059 -0.34898147 0.19020382
v 0.26595718 -0.34885666 0.18977506
v 0.30311251 -0.35873669 0.19711046
v 0.26711977 -0.35970312 0.19461188
v 0.26691329 -0.35768348 0.19371460
v 0.30255330 -0.35319450 0.19392575
v 0.30283532 -0.35039067 0.19265147
v 0.30157125 -0.34852022 0.19181083
v 0.30274293 -0.35523298 0.19507465
v 0.30750400 -0.35546893 0.19543041
v 0.27307856 -0.36519510 0.19832416
v 0.26511690 -0.36009008 0.19449662
v 0.26755130 -0.36242294 0.19599479
v 0.30777133 -0.35840529 0.19744261
v 0.30332476 -0.36092743 0.19838138
v 0.30734113 -0.35136732 0.19294645
v 0.30735821 -0.35343641 0.19398427
v 0.27667555 -0.36528024 0.19863549
v 0.25986183 -0.34932867 0.18940264
v 0.26306203 -0.35394624 0.19167754
v 0.30789194 -0.36050192 0.19877906
v 0.31235403 -0.35810769 0.19787805
v 0.26355720 -0.35833117 0.19327937
v 0.25899529 -0.34723029 0.18854398
v 0.31229162 -0.36197001 0.20058532
v 0.31235319 -0.36008349 0.19928423
v 0.31228495 -0.35594040 0.19594628
v 0.31081110 -0.35232407 0.19295821
v 0.31224230 -0.35394925 0.19375511
v 0.31629887 -0.36150467 0.20120336
v 0.31636956 -0.35963598 0.20007172
v 0.26555121 -0.36191648 0.19529374
v 0.26768419 -0.36425480 0.19659846
v 0.31639460 -0.35782963 0.19861726
v 0.26703876 -0.34814921 0.18929744
v 0.26053631 -0.34748396 0.18890724
v 0.26601148 -0.36367914 0.19602209
v 0.30787659 -0.36354437 0.20031440
v 0.27143848 -0.36496431 0.19750211
v 0.32055923 -0.35874572 0.20094337
v 0.31956667 -0.35755557 0.19960693
v 0.32049108 -0.36111039 0.20145682
v 0.27044013 -0.34821144 0.18951674
v 0.26101035 -0.35380930 0.19099702
v 0.27878198 -0.34812662 0.19014329
v 0.27499408 -0.34813973 0.18980184
v 0.28266391 -0.34768555 0.19009249
v 0.28933135 -0.34721786 0.19019960
v 0.25771669 -0.34702453 0.18811506
v 0.29445705 -0.34700951 0.19027947
v 0.29841313 -0.34709084 0.19035883
v 0.32370013 -0.35885257 0.20194162
v 0.32214347 -0.35730299 0.20064181
v 0.32402679 -0.35717952 0.20097113
v 0.32683995 -0.35786965 0.20232157
v 0.32468104 -0.35979813 0.20267293
v 0.32959151 -0.35761222 0.20259018
v 0.33042958 -0.35853979 0.20282404
v 0.33659381 -0.35777396 0.20276682
v 0.34030712 -0.35803869 0.20288311
v 0.32717809 -0.35697636 0.20150660
v 0.33849210 -0.35859525 0.20292617
v 0.31227872 -0.36293778 0.20068097
v 0.32648629 -0.36001667 0.20278019
v 0.31639162 -0.35647064 0.19676557
v 0.33270296 -0.35896510 0.20285861
v 0.26080242 -0.35741931 0.19173847
v 0.25959328 -0.35347697 0.19009517
v 0.25766036 -0.34865993 0.18824802
v 0.32456306 -0.36016032 0.20267539
v 0.33662558 -0.35705048 0.20187844
v 0.34062472 -0.35702133 0.20201431
v 0.34541586 -0.35806203 0.20313203
v 0.34546983 -0.35703814 0.20241451
v 0.34724620 -0.35728657 0.20336685
v 0.33307749 -0.35702690 0.20180094
v 0.32363471 -0.36057803 0.20192510
v 0.32992521 -0.35694367 0.20175505
v 0.26089212 -0.35828558 0.19187725
v 0.26389524 -0.36059728 0.19382407
v 0.25760505 -0.35287282 0.18884148
v 0.25728807 -0.35689691 0.18926637
v 0.25952297 -0.35735530 0.19026157
v 0.30218160 -0.34773204 0.19052869
v 0.25655729 -0.36074245 0.18833943
v 0.31629404 -0.36227584 0.20102109
v 0.30325067 -0.34952843 0.19060802
v 0.26559111 -0.34833825 0.18714912
v 0.26175261 -0.34802777 0.18748316
v 0.25792643 -0.36051694 0.18857531
v 0.25623524 -0.36519048 0.18746436
v 0.25708067 -0.36508936 0.18758225
v 0.25642076 -0.36736560 0.18746255
v 0.25673586 -0.36735347 0.18749996
v 0.25683746 -0.34685150 0.18664791
v 0.25855505 -0.34715673 0.18720201
v 0.45224881 -0.35658336 0.06541209
v 0.45207226 -0.35580105 0.06918193
v 0.45243117 -0.35791421 0.06515997
v 0.45225960 -0.35787210 0.06894919
v 0.45198458 -0.35494351 0.07263540
v 0.45215738 -0.35786331 0.07271201
v 0.45189574 -0.35529435 0.07664794
v 0.45211601 -0.35792163 0.07631580
v 0.45181116 -0.35485429 0.08076638
v 0.45167923 -0.35629261 0.08710916
v 0.45173019 -0.35745835 0.08712605
v 0.45202139 -0.35380104 0.06925501
v 0.45178545 -0.35317615 0.08227342
v 0.45173597 -0.35351756 0.08433649
v 0.45164701 -0.35511488 0.08823303
v 0.45187202 -0.35106084 0.08078756
v 0.45200303 -0.34775576 0.07968280
v 0.45189178 -0.34777009 0.08473057
v 0.45181105 -0.35029033 0.08435969
v 0.45178619 -0.34911454 0.08865972
v 0.45218664 -0.34825984 0.07067124
v 0.45206711 -0.35112891 0.07272132
v 0.45214882 -0.34974751 0.07064296
v 0.45204031 -0.35335258 0.07121811
v 0.45182353 -0.34820572 0.09051394
v 0.45183954 -0.35780576 0.08821801
v 0.45178515 -0.35781395 0.09256319
v 0.45156279 -0.35535434 0.09282662
v 0.45129052 -0.35264936 0.09374386
v 0.45124805 -0.35280511 0.09888339
v 0.45176324 -0.35780227 0.09968086
v 0.45150372 -0.35496616 0.11103328
v 0.45176059 -0.35782853 0.10890981
v 0.45151076 -0.35519060 0.11558218
v 0.45124352 -0.35225278 0.11176851
v 0.45124021 -0.35266846 0.10529451
v 0.45124832 -0.35209379 0.11567149
v 0.45143166 -0.35222057 0.08452563
v 0.45168841 -0.35787213 0.11672655
v 0.45152792 -0.35639572 0.12128419
v 0.45162925 -0.35784304 0.12384278
v 0.45137483 -0.35548875 0.12835270
v 0.45114928 -0.35290617 0.12615131
v 0.45113561 -0.35315475 0.13132082
v 0.45113999 -0.35324728 0.13520187
v 0.45138389 -0.35534197 0.13749182
v 0.45166790 -0.35781187 0.13176641
v 0.45114163 -0.35338199 0.13946225
v 0.45133483 -0.35507759 0.14289524
v 0.45121858 -0.35226947 0.11963318
v 0.45201224 -0.35461211 0.06554531
v 0.45243868 -0.35709175 0.06224282
v 0.45113656 -0.35349149 0.14150529
v 0.45268622 -0.35796896 0.06030932
v 0.45173141 -0.35780430 0.13912797
v 0.45173985 -0.35780674 0.14681911
v 0.45160958 -0.35118294 0.08140782
v 0.45179659 -0.35143182 0.07238802
v 0.45137507 -0.35559234 0.14676768
v 0.45132920 -0.35584232 0.15375379
v 0.45130265 -0.35599184 0.16034296
v 0.45157346 -0.35770351 0.15741947
v 0.45152986 -0.35764894 0.16355611
v 0.45135421 -0.35571527 0.15021737
v 0.45130852 -0.35594600 0.16799474
v 0.45157880 -0.35772601 0.17386124
v 0.45128223 -0.35594800 0.17737353
v 0.45150271 -0.35775951 0.18053423
v 0.45118597 -0.35604128 0.18246730
v 0.45102155 -0.35613066 0.18671331
v 0.45118782 -0.35776186 0.18900113
v 0.45080596 -0.35619754 0.19094303
v 0.45058972 -0.35623181 0.19503188
v 0.45087489 -0.35773841 0.19473033
v 0.45215723 -0.35563305 0.06122936
v 0.45061699 -0.35589829 0.19912612
v 0.45088857 -0.35763693 0.19893323
v 0.45045233 -0.35595179 0.20225301
v 0.45042095 -0.35740083 0.20222203
v 0.45274231 -0.35799381 0.05722262
v 0.45208591 -0.35540733 0.05758933
v 0.45280400 -0.35800943 0.05323485
v 0.45209637 -0.35540938 0.05359293
v 0.45285499 -0.35790339 0.04904677
v 0.45224121 -0.35578546 0.04926565
v 0.45272541 -0.35852998 0.06292153
v 0.45287395 -0.35732338 0.04764155
v 0.45289102 -0.35810587 0.04487266
v 0.45294330 -0.35827425 0.04081282
v 0.45291921 -0.35721439 0.04046790
v 0.45306483 -0.35873669 0.03357903
v 0.45302960 -0.35822135 0.02994369
v 0.45294678 -0.35708681 0.03643078
v 0.45297402 -0.35667968 0.02751703
v 0.45309606 -0.35886803 0.03004119
v 0.45299885 -0.35812509 0.02113502
v 0.45308042 -0.35892415 0.02125567
v 0.45300695 -0.35646039 0.02103299
v 0.45343834 -0.35883522 0.01704448
v 0.45392576 -0.35806817 0.01687257
v 0.45374361 -0.35626689 0.01678880
v 0.45138729 -0.35321206 0.06181973
v 0.45133263 -0.35329035 0.05781354
v 0.45211625 -0.35821590 0.08209436
v 0.45129189 -0.35335591 0.05382284
v 0.45146269 -0.35311344 0.06576454
v 0.45122686 -0.35337093 0.04952088
v 0.45009646 -0.35644495 0.20340741
v 0.45244819 -0.35837942 0.06950027
v 0.45231214 -0.35838887 0.07615780
v 0.45205790 -0.35536221 0.04500334
v 0.45118880 -0.35345170 0.04510546
v 0.45116928 -0.35349095 0.04283523
v 0.45186949 -0.35495642 0.04121123
v 0.45206001 -0.35525230 0.03681528
v 0.45209718 -0.35483065 0.02509133
v 0.45208916 -0.35498688 0.02899601
v 0.45211962 -0.35469764 0.02103930
v 0.45207533 -0.35513228 0.03281142
v 0.45007196 -0.35674748 0.20340057
v 0.45155171 -0.35292885 0.06946730
v 0.45583889 -0.35808709 0.01270586
v 0.45501822 -0.35611784 0.01257575
v 0.45443061 -0.35864270 0.01292865
v 0.45129675 -0.35805142 0.17613170
v 0.45135388 -0.35826486 0.11446545
v 0.45131257 -0.35824662 0.12064302
v 0.45174235 -0.35033479 0.08439945
v 0.25869235 -0.35951164 0.15394923
v 0.25761452 -0.36372679 0.15807161
v 0.25750962 -0.36363673 0.15410730
v 0.25870836 -0.35954329 0.15784980
v 0.25866327 -0.35959756 0.16185327
v 0.25866944 -0.35949808 0.14997636
v 0.25741649 -0.36356843 0.15012617
v 0.25867912 -0.35949847 0.14592181
v 0.25773075 -0.36396989 0.16604410
v 0.25862545 -0.35967183 0.16600457
v 0.25781411 -0.36418626 0.17041068
v 0.25671250 -0.36713272 0.16614066
v 0.25734022 -0.36353141 0.14609048
v 0.25624752 -0.36590862 0.13034698
v 0.25718200 -0.36348704 0.13406992
v 0.25631392 -0.36605877 0.13425176
v 0.25724030 -0.36350727 0.13790491
v 0.25635049 -0.36613771 0.13808529
v 0.25637609 -0.36619797 0.14205167
v 0.25726762 -0.36352041 0.14189351
v 0.25642991 -0.36629289 0.14619979
v 0.25648183 -0.36642039 0.15020564
v 0.25659683 -0.36676198 0.15760677
v 0.25675330 -0.36734295 0.17040455
v 0.25785455 -0.36438677 0.17457291
v 0.25869912 -0.35951203 0.14169019
v 0.25674951 -0.36754894 0.17451417
v 0.25786743 -0.36455074 0.17893209
v 0.25673786 -0.36768827 0.17882861
v 0.25704625 -0.36346504 0.12647510
v 0.25811097 -0.36473116 0.18335350
v 0.25617409 -0.36574632 0.12651445
v 0.25608519 -0.36560288 0.12273870
v 0.25690669 -0.36785018 0.18324935
v 0.25695413 -0.36771804 0.18638091
v 0.25795931 -0.36494792 0.18650512
v 0.25893825 -0.35914683 0.13769455
v 0.25870660 -0.35957184 0.13376935
v 0.25870135 -0.35957286 0.12979841
v 0.25702953 -0.36338782 0.12259567
v 0.25600120 -0.36548769 0.11870521
v 0.25894624 -0.35916269 0.12585995
v 0.25877386 -0.35953584 0.12222620
v 0.25966009 -0.35736769 0.16172430
v 0.25971359 -0.35743454 0.15640314
v 0.25971439 -0.35746586 0.14950283
v 0.25960892 -0.35725990 0.16590193
v 0.25863481 -0.35975388 0.17035908
v 0.25867143 -0.35982344 0.17466033
v 0.25871217 -0.35988849 0.17906325
v 0.25953230 -0.35680616 0.17471626
v 0.25956297 -0.35707906 0.17028663
v 0.25951070 -0.35633600 0.17913218
v 0.25883022 -0.35997286 0.18345334
v 0.25873998 -0.36017576 0.18690555
v 0.25951853 -0.35563180 0.18324994
v 0.25949663 -0.35609841 0.18697770
v 0.25975081 -0.35403746 0.18443976
v 0.25974914 -0.35399956 0.18558952
v 0.25884023 -0.35955545 0.11844797
v 0.25700915 -0.36340263 0.11503863
v 0.25913393 -0.35921866 0.11471166
v 0.25704718 -0.36343199 0.11125929
v 0.25596952 -0.36543879 0.11512918
v 0.25990471 -0.35768354 0.11576828
v 0.25902069 -0.35969064 0.11102282
v 0.25905678 -0.35981739 0.10715678
v 0.25978905 -0.35755393 0.13892004
v 0.25980318 -0.35761616 0.12437284
v 0.25705287 -0.36354986 0.10522696
v 0.25910300 -0.35999849 0.09854634
v 0.25907791 -0.35993150 0.10316090
v 0.25717634 -0.36351311 0.09720320
v 0.25907117 -0.36002526 0.09137759
v 0.25710404 -0.36354941 0.09167109
v 0.25594211 -0.36540666 0.10770878
v 0.25594586 -0.36540666 0.10339249
v 0.25680625 -0.36388543 0.08762476
v 0.25900763 -0.36009586 0.08394498
v 0.25699466 -0.36347353 0.08403149
v 0.25664276 -0.36332208 0.05214952
v 0.25865290 -0.36001384 0.05623814
v 0.25668594 -0.36344269 0.05600331
v 0.25673875 -0.36347777 0.06085489
v 0.25875413 -0.36009780 0.06408760
v 0.25686517 -0.36337814 0.07019292
v 0.25884256 -0.36012793 0.07095347
v 0.25691476 -0.36339107 0.07630988
v 0.25894946 -0.36012670 0.07907817
v 0.25696078 -0.36341774 0.08020951
v 0.25860408 -0.35998166 0.05215732
v 0.25658518 -0.36315754 0.04827578
v 0.25854537 -0.35997075 0.04821739
v 0.25654548 -0.36299339 0.04434942
v 0.25597945 -0.36541906 0.09617401
v 0.25591469 -0.36535949 0.08893885
v 0.25850442 -0.35998693 0.04416845
v 0.25650412 -0.36282542 0.04040308
v 0.25846153 -0.36000207 0.04019571
v 0.25645676 -0.36267659 0.03642659
v 0.25561154 -0.36531049 0.08623014
v 0.25517064 -0.36527058 0.08403838
v 0.25841269 -0.36002481 0.03623537
v 0.25836450 -0.36004439 0.03235488
v 0.25640938 -0.36254826 0.03257320
v 0.25830245 -0.36004919 0.02856512
v 0.25634718 -0.36242771 0.02880756
v 0.25823316 -0.36005843 0.02477466
v 0.25627720 -0.36233199 0.02501833
v 0.25622770 -0.36230749 0.02119222
v 0.25617850 -0.36236942 0.01677328
v 0.25818458 -0.36006668 0.02097936
v 0.25813171 -0.36001685 0.01344446
v 0.25615865 -0.36253181 0.00963839
v 0.25812078 -0.36002117 0.00954527
v 0.25621387 -0.36251214 0.00456792
v 0.25811002 -0.36001009 0.00377023
v 0.25811571 -0.35976467 -0.01416865
v 0.25813815 -0.35977754 -0.00896593
v 0.25600064 -0.36262503 -0.00849146
v 0.25615481 -0.36249918 -0.00223149
v 0.25468653 -0.36416000 -0.01370659
v 0.25470343 -0.36421835 -0.01006399
v 0.25469556 -0.36425820 -0.00616091
v 0.25614327 -0.36218983 -0.01802604
v 0.25468990 -0.36407757 -0.01973960
v 0.25601086 -0.36178601 -0.03350771
v 0.25605690 -0.36202285 -0.02669796
v 0.25457475 -0.36392024 -0.02796648
v 0.25612018 -0.36211351 -0.02193614
v 0.25450730 -0.36371893 -0.03339309
v 0.25597271 -0.36169419 -0.03723515
v 0.25444546 -0.36362025 -0.03713867
v 0.25597614 -0.36169124 -0.04109383
v 0.25810033 -0.35979500 -0.01815320
v 0.25437441 -0.36360961 -0.04099775
v 0.25599757 -0.36172226 -0.04515908
v 0.25464955 -0.36426511 -0.00217053
v 0.25807643 -0.35982409 -0.02207849
v 0.25804228 -0.35983121 -0.02605990
v 0.25257656 -0.36556649 -0.04040572
v 0.25457722 -0.36431757 0.00561805
v 0.25451970 -0.36427203 0.01139436
v 0.25447091 -0.36415461 0.02016631
v 0.25801039 -0.35982820 -0.02994337
v 0.25426456 -0.36363199 -0.04505396
v 0.25600871 -0.36173508 -0.04920189
v 0.25275517 -0.36568809 -0.03172864
v 0.25286567 -0.36572486 -0.02564253
v 0.25245446 -0.36544403 -0.04493302
v 0.25445002 -0.36420473 0.02511868
v 0.25447768 -0.36430314 0.02891806
v 0.25451738 -0.36441612 0.03267065
v 0.25454882 -0.36452726 0.03651003
v 0.25457272 -0.36465058 0.04048584
v 0.25457254 -0.36477971 0.04440876
v 0.25793999 -0.35983765 -0.03440805
v 0.25794214 -0.35984036 -0.04166719
v 0.25796914 -0.35977924 -0.04930108
v 0.25602576 -0.36175913 -0.05308230
v 0.25833154 -0.35939682 -0.05316441
v 0.25605235 -0.36180210 -0.05697385
v 0.25794637 -0.35973868 -0.05703858
v 0.25607798 -0.36185163 -0.06095393
v 0.25812802 -0.35982022 -0.07287543
v 0.25611502 -0.36191317 -0.06883964
v 0.25614867 -0.36192080 -0.07275379
v 0.25798976 -0.35984182 -0.06715713
v 0.25609440 -0.36188889 -0.06488518
v 0.25795737 -0.35976252 -0.06098538
v 0.25616035 -0.36186722 -0.07665431
v 0.25992954 -0.35797730 -0.07494698
v 0.25977489 -0.35799316 -0.06845772
v 0.25971410 -0.35794777 -0.06100704
v 0.25855646 -0.35946560 -0.07644635
v 0.25974801 -0.35792944 -0.05656754
v 0.25977281 -0.35796654 -0.05450269
v 0.25612748 -0.36176187 -0.08069932
v 0.25231922 -0.36533922 -0.04820322
v 0.25372761 -0.36394998 -0.04939184
v 0.25294140 -0.36573529 -0.01967912
v 0.25472853 -0.36521262 0.08022778
v 0.25820786 -0.35987633 -0.08080807
v 0.25453749 -0.36490336 0.04825071
v 0.25458932 -0.36504114 0.05205639
v 0.25463867 -0.36514646 0.05590962
v 0.25607759 -0.36166885 -0.08467819
v 0.25401407 -0.36355960 -0.05298469
v 0.25294083 -0.36570877 -0.01390300
v 0.25814703 -0.35990328 -0.08611546
v 0.25601882 -0.36157593 -0.09087614
v 0.25808161 -0.35984203 -0.09248466
v 0.25597987 -0.36156690 -0.09618792
v 0.25806391 -0.35978001 -0.09626367
v 0.25597534 -0.36157361 -0.09996121
v 0.25807339 -0.35968047 -0.10231775
v 0.25597861 -0.36159277 -0.10443992
v 0.25807473 -0.35969171 -0.10926824
v 0.25600815 -0.36159420 -0.11283682
v 0.25804380 -0.35979435 -0.11529197
v 0.25595024 -0.36154816 -0.11941321
v 0.25799170 -0.35984361 -0.11946198
v 0.25293899 -0.36568353 -0.00887402
v 0.25583971 -0.36144078 -0.12782258
v 0.25784433 -0.35969254 -0.13177675
v 0.25746268 -0.36010560 -0.12744603
v 0.25791353 -0.35982448 -0.12367675
v 0.25423712 -0.36518690 0.05984889
v 0.25447387 -0.36509609 0.06401689
v 0.25450280 -0.36506450 0.06817807
v 0.25453874 -0.36509261 0.07233115
v 0.25578445 -0.36135906 -0.13168697
v 0.25783491 -0.35961053 -0.13563451
v 0.25432581 -0.36518192 0.07671648
v 0.25399220 -0.36342248 -0.05690157
v 0.25281113 -0.36561757 0.00100925
v 0.25266197 -0.36554331 0.02023284
v 0.25567836 -0.36125958 -0.13555428
v 0.25782976 -0.35957080 -0.13951404
v 0.25269297 -0.36551198 0.02518448
v 0.25271004 -0.36558154 0.01317437
v 0.25559330 -0.36118415 -0.13943142
v 0.25782713 -0.35960171 -0.14346263
v 0.25552711 -0.36119488 -0.14373039
v 0.25276181 -0.36548892 0.02897488
v 0.25564179 -0.36122477 -0.15167819
v 0.25784498 -0.35970944 -0.15294488
v 0.25518116 -0.36782628 0.15921740
v 0.25506276 -0.36740440 0.15102687
v 0.25525963 -0.36822566 0.16859798
v 0.25396836 -0.36326236 -0.06092620
v 0.25285488 -0.36546364 0.03270397
v 0.25792643 -0.36051694 0.18857531
v 0.25952297 -0.35735530 0.19026157
v 0.25530225 -0.36830983 0.17442155
v 0.25498083 -0.36715919 0.14613397
v 0.25293371 -0.36543384 0.03653072
v 0.25491711 -0.36695749 0.14201103
v 0.25299847 -0.36540315 0.04049602
v 0.25708067 -0.36508936 0.18758225
v 0.25673586 -0.36735347 0.18749996
v 0.25484493 -0.36680830 0.13805136
v 0.25304148 -0.36537078 0.04440174
v 0.25477937 -0.36663091 0.13420396
v 0.25474197 -0.36637342 0.13030173
v 0.26176134 -0.35502350 0.18786612
v 0.26203564 -0.35694197 0.19028956
v 0.32901427 -0.35812548 -0.23417832
v 0.32435724 -0.35692260 -0.23410812
v 0.33059478 -0.35676029 -0.23419988
v 0.33366439 -0.35878614 -0.23418902
v 0.33426622 -0.35671583 -0.23424315
v 0.34149915 -0.35798028 -0.23416169
v 0.33797753 -0.35675874 -0.23422116
v 0.34181553 -0.35685429 -0.23415445
v 0.34553802 -0.35811386 -0.23419194
v 0.33034679 -0.35884625 -0.23416713
v 0.32398051 -0.35884452 -0.23414823
v 0.31626362 -0.35882580 -0.23415947
v 0.31122988 -0.35714355 -0.23414968
v 0.31886187 -0.35703760 -0.23411185
v 0.30458143 -0.35715005 -0.23412171
v 0.30967507 -0.35876471 -0.23411340
v 0.29995897 -0.35871124 -0.23401631
v 0.29912576 -0.35707331 -0.23408534
v 0.29486901 -0.35696635 -0.23410515
v 0.29334956 -0.35857677 -0.23400463
v 0.29024455 -0.35680300 -0.23420654
v 0.28345627 -0.35746512 -0.23428175
v 0.28617248 -0.35659093 -0.23431581
v 0.28255254 -0.35636908 -0.23439094
v 0.27894878 -0.35619122 -0.23437507
v 0.27876180 -0.35794866 -0.23437893
v 0.27483881 -0.35599276 -0.23428962
v 0.27488181 -0.35780865 -0.23432913
v 0.27064472 -0.35567394 -0.23420148
v 0.27069044 -0.35773975 -0.23422161
v 0.26635545 -0.35518786 -0.23416400
v 0.26580071 -0.35768086 -0.23414718
v 0.26251125 -0.35441408 -0.23417632
v 0.25806260 -0.35468403 -0.23413604
v 0.25805122 -0.35196403 -0.23419049
v 0.25820947 -0.35753974 -0.23413555
v 0.26407811 -0.35271117 -0.23424213
v 0.26144779 -0.35232815 -0.23423214
v 0.25180396 -0.35414836 -0.23398629
v 0.25407410 -0.35158977 -0.23406331
v 0.25197330 -0.35161638 -0.23400712
v 0.25424272 -0.35761160 -0.23408327
v 0.25204092 -0.35734478 -0.23403740
v 0.25311467 -0.35828915 -0.23410809
v 0.25239846 -0.35831413 -0.23409657
v 0.27728820 -0.35858840 -0.23428722
v 0.34585282 -0.35696828 -0.23406032
v 0.35169518 -0.35820851 -0.23411968
v 0.28004918 -0.35853362 -0.23432119
v 0.28272563 -0.35839549 -0.23417953
v 0.28613159 -0.35835534 -0.23408352
v 0.33890578 -0.35859528 -0.23412803
v 0.34392655 -0.35858306 -0.23407547
v 0.26630703 -0.35309741 -0.23373449
v 0.35000458 -0.35703409 -0.23393679
v 0.35404736 -0.35703254 -0.23382299
v 0.35874787 -0.35795975 -0.23396643
v 0.35859099 -0.35700780 -0.23376183
v 0.37282410 -0.35831589 -0.23413296
v 0.37111887 -0.35883904 -0.23424169
v 0.38144153 -0.35887596 -0.23427849
v 0.36747238 -0.35699156 -0.23383375
v 0.37335020 -0.35704765 -0.23390946
v 0.38200518 -0.35716447 -0.23393969
v 0.39411366 -0.35871646 -0.23437643
v 0.39649335 -0.35725108 -0.23412906
v 0.40066674 -0.35860682 -0.23439063
v 0.40895936 -0.35729524 -0.23424597
v 0.41087264 -0.35849831 -0.23445107
v 0.38723415 -0.35884887 -0.23432839
v 0.41897029 -0.35786983 -0.23432307
v 0.42305011 -0.35843369 -0.23440889
v 0.42415741 -0.35792020 -0.23434949
v 0.42793745 -0.35791841 -0.23438182
v 0.43186763 -0.35841593 -0.23446381
v 0.43196529 -0.35795149 -0.23441401
v 0.44045663 -0.35833836 -0.23452003
v 0.43633261 -0.35798305 -0.23446114
v 0.44062617 -0.35797071 -0.23450887
v 0.44387785 -0.35834941 -0.23452669
v 0.44398212 -0.35810339 -0.23452909
v 0.41508180 -0.35732311 -0.23422654
v 0.35021159 -0.35890278 -0.23431228
v 0.35893163 -0.35881913 -0.23420282
v 0.34677014 -0.35886523 -0.23432459
v 0.42038175 -0.35736257 -0.23403588
v 0.44530630 -0.35781220 -0.23371916
v 0.42431465 -0.35737544 -0.23392673
v 0.27026567 -0.35380232 -0.23268086
v 0.25553015 -0.35815701 -0.23364300
v 0.38518581 -0.35894996 0.20333926
v 0.38967478 -0.35676625 0.20322639
v 0.38304064 -0.35676351 0.20334917
v 0.37914449 -0.35794982 0.20338197
v 0.37638429 -0.35696486 0.20342477
v 0.37343097 -0.35895178 0.20337524
v 0.38924664 -0.35896981 0.20329638
v 0.39651388 -0.35688713 0.20306392
v 0.36963102 -0.35724866 0.20352814
v 0.36486870 -0.35729572 0.20357016
v 0.36444938 -0.35902783 0.20347115
v 0.35614154 -0.35896409 0.20341335
v 0.35564831 -0.35718220 0.20346560
v 0.34724620 -0.35728657 0.20336685
v 0.39651093 -0.35899577 0.20319119
v 0.40938783 -0.35906196 0.20315000
v 0.41863489 -0.35889018 0.20318705
v 0.41039863 -0.35704213 0.20302217
v 0.40389466 -0.35905865 0.20313822
v 0.40260160 -0.35693190 0.20300871
v 0.41730776 -0.35718107 0.20309800
v 0.42655727 -0.35702491 0.20329745
v 0.43545565 -0.35896587 0.20345245
v 0.43709052 -0.35690111 0.20341450
v 0.43262804 -0.35689914 0.20336136
v 0.44089592 -0.35694134 0.20345816
v 0.44260240 -0.35887945 0.20352158
v 0.44440794 -0.35799238 0.20353372
v 0.42520985 -0.35880840 0.20331219
v 0.44497952 -0.35683247 0.20354821
v 0.44846252 -0.35656247 0.20351082
v 0.44837570 -0.35716563 0.20349367
v 0.45009646 -0.35644495 0.20340741
v 0.45007196 -0.35674748 0.20340057
v 0.35305122 -0.35878885 0.20332833
v 0.34983882 -0.35860607 0.20327224
v 0.34541586 -0.35806203 0.20313203
v 0.44821545 -0.35794950 0.20312808
v 0.44534260 -0.35844463 0.20339483
v 0.46767345 -0.35726303 -0.07408026
v 0.46759886 -0.35675171 -0.06365968
v 0.46765977 -0.35741967 -0.06455906
v 0.46763718 -0.35681641 -0.07368208
v 0.46782270 -0.35732287 -0.09015635
v 0.46764755 -0.35757047 -0.05771361
v 0.46754727 -0.35682565 -0.05565044
v 0.46767339 -0.35811928 -0.05897293
v 0.46741962 -0.35716596 -0.04453991
v 0.46754888 -0.35801840 -0.05095094
v 0.46775511 -0.35683432 -0.08483419
v 0.46782395 -0.35657138 -0.09779857
v 0.46791917 -0.35745680 -0.10560058
v 0.46788797 -0.35645235 -0.10836412
v 0.46791548 -0.35739371 -0.12299426
v 0.46781027 -0.35748208 -0.13491240
v 0.46788085 -0.35657230 -0.12382495
v 0.46767682 -0.35655719 -0.14079705
v 0.46735790 -0.35785908 -0.04274698
v 0.46774045 -0.35744101 -0.14454718
v 0.46771753 -0.35652825 -0.14984380
v 0.46774015 -0.35796958 -0.14089099
v 0.46734029 -0.35720906 -0.03812291
v 0.46782291 -0.35796297 -0.15280893
v 0.46727696 -0.35769004 -0.03701868
v 0.46784601 -0.35754585 -0.15165997
v 0.46777511 -0.35795021 -0.12952822
v 0.46750817 -0.35790011 -0.07097905
v 0.46809813 -0.35741946 -0.15815620
v 0.46805847 -0.35662389 -0.15811333
v 0.46818236 -0.35740191 -0.16208279
v 0.46815044 -0.35666099 -0.16204563
v 0.46815202 -0.35738122 -0.16656154
v 0.46811521 -0.35663709 -0.16671577
v 0.46782964 -0.35725001 -0.17565383
v 0.46780452 -0.35653192 -0.17516772
v 0.46776152 -0.35648969 -0.18149906
v 0.46775389 -0.35720935 -0.18560819
v 0.46769133 -0.35659418 -0.18670912
v 0.46755141 -0.35697520 -0.19173615
v 0.46755528 -0.35764217 -0.18973780
v 0.46737257 -0.35743684 -0.19329658
v 0.46764478 -0.35771954 -0.18567777
v 0.46764991 -0.35773399 -0.17684881
v 0.46773741 -0.35798478 -0.09874246
v 0.46776983 -0.35789564 -0.11762837
v 0.46796384 -0.35791513 -0.16729663
v 0.46746081 -0.35780883 -0.07858569
v 0.46798056 -0.35793176 -0.16149728
v 0.46703258 -0.35653853 -0.03700366
v 0.46719354 -0.35778037 -0.03220933
v 0.46693119 -0.35643446 -0.03328278
v 0.46688962 -0.35651895 -0.02051694
v 0.46714970 -0.35778651 -0.02061967
v 0.46720237 -0.35783350 -0.01181127
v 0.46691224 -0.35667971 -0.01251385
v 0.46685523 -0.35675400 -0.00645552
v 0.46713740 -0.35781577 -0.00626639
v 0.46675438 -0.35682350 -0.00306977
v 0.46699610 -0.35778531 -0.00276306
v 0.46655276 -0.35696843 0.00041662
v 0.46666616 -0.35774469 0.00073095
v 0.46635088 -0.35716647 0.00337111
v 0.46624658 -0.35771409 0.00405770
v 0.46699944 -0.35629219 -0.04109069
v 0.46706522 -0.35612175 -0.04747986
v 0.46710980 -0.35599682 -0.05192538
v 0.46713775 -0.35595468 -0.05596741
v 0.46714535 -0.35595506 -0.06015617
v 0.46712527 -0.35683054 -0.19333369
v 0.46689573 -0.35698381 -0.19710374
v 0.46701556 -0.35752675 -0.19722112
v 0.46657243 -0.35755944 -0.19981277
v 0.46711272 -0.35605109 -0.06693678
v 0.46732384 -0.35570210 -0.10487080
v 0.46672368 -0.35713053 -0.19952418
v 0.46733281 -0.35568082 -0.11220056
v 0.46718732 -0.35585389 -0.14366554
v 0.46722636 -0.35590282 -0.13584320
v 0.46762440 -0.35791269 -0.09199954
v 0.46754590 -0.35785055 -0.08684092
v 0.46725461 -0.35584196 -0.15119927
v 0.46731362 -0.35587525 -0.15437567
v 0.46728614 -0.35580596 -0.09941632
v 0.46725664 -0.35591456 -0.09560243
v 0.46722779 -0.35601959 -0.09190895
v 0.46727839 -0.35589948 -0.12904723
v 0.46732703 -0.35580733 -0.11960575
v 0.46515092 -0.35776180 0.00606010
v 0.46712008 -0.35624588 -0.07508133
v 0.46714461 -0.35628298 -0.08046225
v 0.46718496 -0.35624284 -0.08469229
v 0.46611407 -0.35807595 0.00359843
v 0.46678975 -0.35817307 -0.00431870
v 0.46688068 -0.35823214 -0.01172675
v 0.46679026 -0.35819146 -0.02113265
v 0.46677664 -0.35821599 -0.03612067
v 0.45292771 -0.35842749 -0.22740145
v 0.45283329 -0.35786128 -0.22883633
v 0.45289174 -0.35840109 -0.22258292
v 0.45291615 -0.35843450 -0.21698748
v 0.45283675 -0.35689557 -0.21806161
v 0.45280778 -0.35642511 -0.22470655
v 0.45278871 -0.35628930 -0.22876877
v 0.45280978 -0.35728833 -0.23276980
v 0.45279488 -0.35623762 -0.23282850
v 0.45282328 -0.35680282 -0.23453616
v 0.45282423 -0.35630468 -0.23454142
v 0.45278803 -0.35712308 -0.21283688
v 0.45289731 -0.35856029 -0.20910595
v 0.45285124 -0.35791308 -0.20909938
v 0.45279622 -0.35715935 -0.20909953
v 0.45283383 -0.35833412 -0.23031129
v 0.45418376 -0.35715792 -0.20530398
v 0.45233288 -0.35808429 -0.23272030
v 0.45563912 -0.35804734 -0.20466001
v 0.29867011 -0.34833491 0.18849845
v 0.29886392 -0.34996271 0.18961020
v 0.29684481 -0.35005382 0.18942174
v 0.30154574 -0.34796473 0.18890290
v 0.30325067 -0.34952843 0.19060802
v 0.29495490 -0.34903902 0.18800783
v 0.29853189 -0.34684491 0.18843213
v 0.30147547 -0.34719554 0.18886097
v 0.29689142 -0.35036713 0.18942046
v 0.29912460 -0.35135832 0.18959577
v 0.30342820 -0.35276449 0.18985082
v 0.30805552 -0.35367391 0.19006807
v 0.30756354 -0.35116637 0.19180241
v 0.29519507 -0.35166895 0.18639745
v 0.44954199 -0.35780025 -0.23452456
v 0.45028555 -0.35699221 -0.23451950
v 0.45163926 -0.35757658 -0.23452404
v 0.45193541 -0.35652775 -0.23452640
v 0.45282328 -0.35680282 -0.23453616
v 0.45282423 -0.35630468 -0.23454142
v 0.44965819 -0.35839975 -0.23452823
v 0.45070699 -0.35841748 -0.23452507
v 0.44763979 -0.35783926 -0.23390648
v 0.25861147 -0.35056365 0.17503949
v 0.26152411 -0.35147399 0.17874484
v 0.26008198 -0.35210937 0.17673942
v 0.25972912 -0.35271212 0.17386936
v 0.25960511 -0.35312402 0.17032902
v 0.25796926 -0.35045481 0.17037678
v 0.25631598 -0.34800124 0.17038043
v 0.25651604 -0.34772456 0.17457274
v 0.25854877 -0.34942418 0.17909454
v 0.25615713 -0.34821203 0.16636649
v 0.25775585 -0.35060135 0.16626219
v 0.25953472 -0.35333979 0.16611673
v 0.25768161 -0.35074386 0.16220324
v 0.25601017 -0.34845394 0.15994772
v 0.25768793 -0.35087284 0.15811162
v 0.25956431 -0.35348859 0.16174518
v 0.25599018 -0.34869400 0.15188098
v 0.25963274 -0.35358956 0.15387684
v 0.25957975 -0.35366228 0.14623325
v 0.25601649 -0.34877551 0.14614411
v 0.25778878 -0.35112861 0.14215197
v 0.25958562 -0.35363138 0.14218150
v 0.25605735 -0.34878042 0.14211372
v 0.25787759 -0.35115215 0.13818848
v 0.25963816 -0.35353145 0.13818227
v 0.25608602 -0.34882286 0.13818420
v 0.25793701 -0.35118002 0.13428497
v 0.25607476 -0.34892946 0.13424645
v 0.25970697 -0.35340267 0.13423401
v 0.25796267 -0.35120496 0.13030723
v 0.25599012 -0.34917119 0.12651679
v 0.25977284 -0.35328451 0.13020998
v 0.25982901 -0.35320714 0.12534413
v 0.25795868 -0.35123095 0.12640692
v 0.25832716 -0.35162988 0.12282740
v 0.25670695 -0.34741113 0.17899513
v 0.25595713 -0.34925959 0.12260060
v 0.25751871 -0.35084343 0.11825381
v 0.25996715 -0.35313606 0.11850271
v 0.25583953 -0.34925285 0.11943591
v 0.25887597 -0.34842172 0.18338461
v 0.25576457 -0.34800676 0.16773866
v 0.25581205 -0.34843078 0.15891783
v 0.25565699 -0.34913945 0.12651201
v 0.25577930 -0.34857467 0.15418060
v 0.25568953 -0.34869638 0.14767510
v 0.25554270 -0.34871703 0.13929442
v 0.25553846 -0.34888387 0.13372965
v 0.46472043 -0.35688132 0.00453297
v 0.46335819 -0.35783052 0.00737236
v 0.46515092 -0.35776180 0.00606010
v 0.46635088 -0.35716647 0.00337111
v 0.46361202 -0.35713688 0.00741276
v 0.45987457 -0.35675842 0.00858817
v 0.45988411 -0.35803571 0.00965210
v 0.45797527 -0.35706848 0.01108860
v 0.45807946 -0.35774255 0.01124529
v 0.45583889 -0.35808709 0.01270586
v 0.45501822 -0.35611784 0.01257575
v 0.46444926 -0.35767010 -0.20098360
v 0.46672368 -0.35713053 -0.19952418
v 0.46657243 -0.35755944 -0.19981277
v 0.46469560 -0.35713124 -0.20023000
v 0.46045700 -0.35714170 -0.20110479
v 0.45969948 -0.35797799 -0.20226194
v 0.45632470 -0.35706225 -0.20212275
v 0.45760882 -0.35773325 -0.20279005
v 0.34850889 -0.35469002 0.00964064
v 0.34215802 -0.35462224 0.01495239
v 0.34613112 -0.35467595 0.01493342
v 0.34799501 -0.35470033 0.02388640
v 0.35011095 -0.35471499 0.01876001
v 0.34187537 -0.35460237 0.02367817
v 0.34613302 -0.35472178 0.03058320
v 0.34804407 -0.35477850 0.03637272
v 0.33850133 -0.35456046 0.02165096
v 0.33717605 -0.35463327 0.03346664
v 0.34015912 -0.35473749 0.04026452
v 0.33133060 -0.35465363 0.04055387
v 0.33185086 -0.35473347 0.04458892
v 0.34299976 -0.35484725 0.04426998
v 0.33827478 -0.35499680 0.05149822
v 0.32886821 -0.35484618 0.05055888
v 0.32612666 -0.35463634 0.04457968
v 0.31836575 -0.35457772 0.04875879
v 0.32445526 -0.35482478 0.05257157
v 0.32350561 -0.35494891 0.05635129
v 0.33317688 -0.35510466 0.05658978
v 0.31802782 -0.35485220 0.05609493
v 0.31714943 -0.35471237 0.05300163
v 0.30941582 -0.35478622 0.05613001
v 0.31375778 -0.35501963 0.05979608
v 0.31917727 -0.35524949 0.06337047
v 0.32650888 -0.35536569 0.06385955
v 0.32820016 -0.35520828 0.06025389
v 0.33401984 -0.35549667 0.06420305
v 0.34074005 -0.35519162 0.05667565
v 0.34304887 -0.35557169 0.06412996
v 0.33444700 -0.35566226 0.06809201
v 0.34164888 -0.35572153 0.06795473
v 0.33952025 -0.35582608 0.07177212
v 0.34765357 -0.35584730 0.07183457
v 0.34266293 -0.35592860 0.07585913
v 0.33377260 -0.35590988 0.07787412
v 0.34265441 -0.35599458 0.07997468
v 0.33888656 -0.35602647 0.08418395
v 0.33345211 -0.35599786 0.08460241
v 0.33893678 -0.35605919 0.09023200
v 0.32986602 -0.35583773 0.07754914
v 0.32755587 -0.35566288 0.07155524
v 0.33341372 -0.35576874 0.07186477
v 0.32792237 -0.35554740 0.06789041
v 0.32352403 -0.35556644 0.06931406
v 0.31999201 -0.35552001 0.06915557
v 0.32356462 -0.35576949 0.07549823
v 0.31408432 -0.35556084 0.07134403
v 0.31400862 -0.35540283 0.06736737
v 0.31185031 -0.35521373 0.06351891
v 0.29880086 -0.35508892 0.06356914
v 0.29909095 -0.35468262 0.05622656
v 0.29476821 -0.35462511 0.05665953
v 0.29900971 -0.35437170 0.04901832
v 0.30821556 -0.35461849 0.05260004
v 0.30911338 -0.35448992 0.04901360
v 0.29900920 -0.35423791 0.04514328
v 0.31273761 -0.35441428 0.04512489
v 0.30896443 -0.35429144 0.04103912
v 0.31678554 -0.35439536 0.04122458
v 0.31186086 -0.35428607 0.03693857
v 0.32054433 -0.35442850 0.03663270
v 0.32048929 -0.35440421 0.03064988
v 0.32811752 -0.35456526 0.03645557
v 0.32619822 -0.35449415 0.02764198
v 0.32240027 -0.35440040 0.02279490
v 0.32627073 -0.35446507 0.01883280
v 0.32050017 -0.35436440 0.01688265
v 0.32642159 -0.35450190 0.00818660
v 0.33033204 -0.35454440 0.00813098
v 0.32650188 -0.35453719 0.00143464
v 0.33045986 -0.35454848 -0.00064167
v 0.32654333 -0.35454082 -0.00438134
v 0.33254170 -0.35451704 -0.00642926
v 0.33636999 -0.35455197 -0.00076330
v 0.34040222 -0.35451019 -0.00464353
v 0.33315217 -0.35448807 -0.00945884
v 0.33894527 -0.35433608 -0.01599114
v 0.33490556 -0.35437459 -0.01696516
v 0.33403337 -0.35424328 -0.02774932
v 0.33999449 -0.35413015 -0.02854528
v 0.33155960 -0.35423833 -0.03381258
v 0.34047863 -0.35407081 -0.03382577
v 0.33180276 -0.35418591 -0.03750374
v 0.34031391 -0.35401547 -0.03766440
v 0.33892450 -0.35395899 -0.04133108
v 0.34591153 -0.35384133 -0.04156286
v 0.34075081 -0.35381049 -0.04514952
v 0.34985095 -0.35356191 -0.04892822
v 0.35060361 -0.35375458 -0.04269750
v 0.34923643 -0.35399416 -0.03316497
v 0.34056354 -0.35367239 -0.04886687
v 0.34039384 -0.35355586 -0.05269690
v 0.34986782 -0.35349652 -0.05195883
v 0.34836596 -0.35342431 -0.05666018
v 0.35368153 -0.35343647 -0.05663812
v 0.35678965 -0.35349241 -0.05306842
v 0.35844904 -0.35347402 -0.05666444
v 0.36142030 -0.35349992 -0.05621506
v 0.36539653 -0.35350111 -0.05258743
v 0.37243128 -0.35354108 -0.05705445
v 0.37513459 -0.35354245 -0.06073763
v 0.37989965 -0.35350648 -0.05625009
v 0.38183123 -0.35349822 -0.06092351
v 0.37919936 -0.35347030 -0.06706855
v 0.38098526 -0.35342285 -0.06838250
v 0.38542214 -0.35334560 -0.06790425
v 0.38930652 -0.35315609 -0.07419319
v 0.38323939 -0.35322669 -0.07593627
v 0.39031500 -0.35300791 -0.08202069
v 0.38322431 -0.35316017 -0.07992910
v 0.38491637 -0.35307610 -0.08499385
v 0.39129743 -0.35292217 -0.08763943
v 0.39790416 -0.35284808 -0.08358806
v 0.39899457 -0.35271522 -0.08818402
v 0.40426537 -0.35263231 -0.08734058
v 0.40040764 -0.35261697 -0.09311335
v 0.40661493 -0.35252178 -0.09237012
v 0.39769307 -0.35269207 -0.09292912
v 0.39310291 -0.35282499 -0.09925552
v 0.40030700 -0.35264501 -0.10415407
v 0.39023739 -0.35288051 -0.10207324
v 0.39676648 -0.35265470 -0.11254410
v 0.40078485 -0.35261288 -0.10968041
v 0.40079105 -0.35257560 -0.11930497
v 0.40494356 -0.35258061 -0.11760776
v 0.39474851 -0.35262465 -0.11935972
v 0.39984941 -0.35253441 -0.12322378
v 0.40634239 -0.35256395 -0.12315677
v 0.38807571 -0.35263592 -0.12260618
v 0.39235458 -0.35242981 -0.13083376
v 0.38878113 -0.35244328 -0.13070226
v 0.38186735 -0.35242420 -0.13131443
v 0.38185763 -0.35237327 -0.13506778
v 0.39226967 -0.35239434 -0.13488637
v 0.38569373 -0.35238439 -0.13970919
v 0.39265528 -0.35241559 -0.14093199
v 0.38881111 -0.35245740 -0.14473227
v 0.39256436 -0.35255927 -0.15037669
v 0.38841987 -0.35256085 -0.15067612
v 0.38152081 -0.35258281 -0.15057012
v 0.38311005 -0.35264143 -0.15480159
v 0.37742034 -0.35259643 -0.15395668
v 0.37913916 -0.35262507 -0.15852033
v 0.37378758 -0.35255128 -0.15664610
v 0.37470841 -0.35256216 -0.16274357
v 0.38139433 -0.35271481 -0.16250831
v 0.38508391 -0.35281849 -0.16244479
v 0.36875650 -0.35254797 -0.14748155
v 0.37385052 -0.35255718 -0.14665662
v 0.37779519 -0.35258231 -0.14826265
v 0.37715599 -0.35244828 -0.13911852
v 0.38153604 -0.35239622 -0.13916771
v 0.37518790 -0.35242814 -0.13490289
v 0.37379551 -0.35249311 -0.14079195
v 0.36848876 -0.35245919 -0.13499497
v 0.36788312 -0.35251355 -0.14172292
v 0.36227036 -0.35254428 -0.14638300
v 0.36185813 -0.35254055 -0.15279004
v 0.36580870 -0.35252208 -0.15676893
v 0.36959147 -0.35250869 -0.16213225
v 0.36126831 -0.35253325 -0.16268870
v 0.35581058 -0.35258693 -0.15081534
v 0.35382673 -0.35259753 -0.15694782
v 0.34983185 -0.35260490 -0.15084304
v 0.35183054 -0.35257381 -0.14675960
v 0.35987234 -0.35249627 -0.14066538
v 0.35281843 -0.35248822 -0.14070863
v 0.35686177 -0.35242099 -0.13481122
v 0.34661621 -0.35241199 -0.13507196
v 0.34383884 -0.35243362 -0.13883683
v 0.34785196 -0.35250014 -0.14277872
v 0.33931696 -0.35243887 -0.14151630
v 0.34383398 -0.35254350 -0.14678684
v 0.34378242 -0.35258484 -0.15078799
v 0.33800161 -0.35254079 -0.14869869
v 0.33598474 -0.35258865 -0.15661123
v 0.34367889 -0.35261014 -0.15682536
v 0.34399453 -0.35263461 -0.16278027
v 0.35067609 -0.35262817 -0.16280748
v 0.33218387 -0.35256919 -0.15056473
v 0.33216840 -0.35253996 -0.14666957
v 0.33214065 -0.35248885 -0.14279732
v 0.33214700 -0.35245478 -0.13886186
v 0.33834228 -0.35239866 -0.13491803
v 0.32357648 -0.35250518 -0.13517866
v 0.32380170 -0.35249862 -0.13908264
v 0.31740946 -0.35245514 -0.13927415
v 0.32344842 -0.35254085 -0.14525586
v 0.32116148 -0.35252225 -0.14805754
v 0.32836962 -0.35257155 -0.15249562
v 0.32401580 -0.35252607 -0.15560022
v 0.31475818 -0.35241795 -0.13952121
v 0.31497452 -0.35244927 -0.13516833
v 0.31474668 -0.35238269 -0.14732423
v 0.31948757 -0.35244200 -0.15353660
v 0.31106934 -0.35235345 -0.14280002
v 0.30728039 -0.35236439 -0.13941479
v 0.31109607 -0.35245335 -0.13521183
v 0.31511879 -0.35250774 -0.13112414
v 0.32390955 -0.35255623 -0.13119544
v 0.33880517 -0.35243079 -0.13098688
v 0.34676045 -0.35242078 -0.13120434
v 0.35451618 -0.35240874 -0.13079298
v 0.36801541 -0.35246733 -0.13111165
v 0.37427163 -0.35246298 -0.13072145
v 0.36968964 -0.35255885 -0.12502861
v 0.37333512 -0.35266471 -0.12021442
v 0.37918088 -0.35252237 -0.12719566
v 0.37902403 -0.35263589 -0.12225555
v 0.38085872 -0.35274035 -0.11744009
v 0.38671970 -0.35270655 -0.11893723
v 0.38489562 -0.35279340 -0.11358422
v 0.38894835 -0.35277063 -0.11256915
v 0.39291143 -0.35271695 -0.11254628
v 0.38504353 -0.35288322 -0.10568756
v 0.38567978 -0.35296226 -0.09768604
v 0.38925543 -0.35294342 -0.09350438
v 0.38535076 -0.35302866 -0.09197934
v 0.37873721 -0.35311788 -0.08825882
v 0.37935641 -0.35315242 -0.08498015
v 0.37302402 -0.35336885 -0.07988685
v 0.37714484 -0.35328469 -0.07987096
v 0.37319517 -0.35339740 -0.07613195
v 0.37977216 -0.35332125 -0.07467495
v 0.37597221 -0.35339376 -0.07234090
v 0.37166953 -0.35341585 -0.07766089
v 0.37323084 -0.35311708 -0.09097110
v 0.37847203 -0.35297182 -0.09986849
v 0.37327844 -0.35302484 -0.09803884
v 0.37310898 -0.35294378 -0.10534826
v 0.37986743 -0.35286123 -0.10922189
v 0.37504211 -0.35281405 -0.11265083
v 0.36849394 -0.35294047 -0.10529362
v 0.36943454 -0.35272175 -0.11635159
v 0.36537507 -0.35280496 -0.11074559
v 0.36259145 -0.35261524 -0.11819506
v 0.36371881 -0.35254461 -0.12300685
v 0.35934550 -0.35249305 -0.12502405
v 0.35771674 -0.35259247 -0.11727777
v 0.35759801 -0.35278040 -0.10778988
v 0.35379267 -0.35266268 -0.11350811
v 0.35260364 -0.35250860 -0.12181463
v 0.34988058 -0.35261744 -0.11733496
v 0.34998408 -0.35277954 -0.10879488
v 0.35386261 -0.35278612 -0.10647688
v 0.34500089 -0.35275361 -0.11353018
v 0.34404358 -0.35283291 -0.10774103
v 0.34405631 -0.35284612 -0.10380533
v 0.35000557 -0.35281628 -0.10182134
v 0.35373181 -0.35282001 -0.09810237
v 0.35759470 -0.35283887 -0.10294842
v 0.36308724 -0.35291439 -0.10379513
v 0.36122471 -0.35292783 -0.09801745
v 0.36728948 -0.35297611 -0.10004602
v 0.36725867 -0.35299474 -0.09603309
v 0.36931062 -0.35305274 -0.09194298
v 0.36622018 -0.35307571 -0.08820032
v 0.36958641 -0.35333428 -0.07997896
v 0.36121556 -0.35298875 -0.08767996
v 0.36524388 -0.35323724 -0.07994257
v 0.36505952 -0.35326460 -0.07440883
v 0.36976036 -0.35336009 -0.07234167
v 0.36522540 -0.35330784 -0.06823310
v 0.36993241 -0.35339668 -0.06766370
v 0.37360090 -0.35347289 -0.06469723
v 0.36709321 -0.35344797 -0.06345437
v 0.36197573 -0.35348308 -0.05905303
v 0.36151567 -0.35329902 -0.06483338
v 0.35566971 -0.35335934 -0.06016437
v 0.34967986 -0.35329199 -0.06082229
v 0.34010339 -0.35334909 -0.06090792
v 0.34693158 -0.35299885 -0.06843445
v 0.34984127 -0.35299465 -0.06792703
v 0.34883985 -0.35286537 -0.07230979
v 0.35365951 -0.35298914 -0.06895570
v 0.35365069 -0.35287210 -0.07397201
v 0.34936112 -0.35280636 -0.07592007
v 0.35369235 -0.35279188 -0.08287932
v 0.34968784 -0.35277990 -0.07977599
v 0.34984809 -0.35276607 -0.08582283
v 0.35357499 -0.35278332 -0.08827849
v 0.35000867 -0.35280603 -0.09391785
v 0.34602669 -0.35281035 -0.08997519
v 0.34608346 -0.35284048 -0.09790437
v 0.34206456 -0.35281157 -0.08999653
v 0.34391749 -0.35278454 -0.08410753
v 0.33838382 -0.35278419 -0.08361821
v 0.33801079 -0.35278395 -0.08804130
v 0.33800900 -0.35283688 -0.09699158
v 0.34207839 -0.35285008 -0.09794185
v 0.33803794 -0.35285529 -0.10738762
v 0.33388901 -0.35288805 -0.10390386
v 0.33163098 -0.35292521 -0.11163638
v 0.33902511 -0.35281989 -0.11231301
v 0.33807462 -0.35276580 -0.11718257
v 0.34388614 -0.35265106 -0.11927638
v 0.34319201 -0.35254741 -0.12404504
v 0.34783188 -0.35246879 -0.12710518
v 0.33787566 -0.35256964 -0.12522539
v 0.33308512 -0.35262966 -0.12524402
v 0.32289246 -0.35265547 -0.12728848
v 0.32298833 -0.35283580 -0.12097182
v 0.33116975 -0.35283029 -0.11904662
v 0.33138064 -0.35289317 -0.11552649
v 0.32277575 -0.35293573 -0.11525430
v 0.32265785 -0.35297421 -0.11161498
v 0.32645038 -0.35294679 -0.10733395
v 0.32259429 -0.35298258 -0.10656361
v 0.32254997 -0.35290852 -0.09938040
v 0.32637191 -0.35284975 -0.09865562
v 0.32260454 -0.35278845 -0.09223317
v 0.32611153 -0.35275257 -0.09210424
v 0.33010602 -0.35286424 -0.09914954
v 0.33388716 -0.35286090 -0.09803601
v 0.33397856 -0.35279998 -0.08951309
v 0.32612669 -0.35272974 -0.08834393
v 0.33383662 -0.35280883 -0.08408831
v 0.32622036 -0.35275802 -0.08399692
v 0.33323526 -0.35286924 -0.07961321
v 0.33880401 -0.35284427 -0.07823519
v 0.33392653 -0.35305014 -0.07076829
v 0.33986336 -0.35306087 -0.06892216
v 0.33998200 -0.35320717 -0.06505618
v 0.33222058 -0.35340577 -0.05954716
v 0.33369228 -0.35352704 -0.05540158
v 0.32633951 -0.35349736 -0.05655705
v 0.33182853 -0.35369837 -0.05096511
v 0.32682848 -0.35373679 -0.05114594
v 0.32661524 -0.35401413 -0.04519549
v 0.33227795 -0.35396188 -0.04482576
v 0.33153477 -0.35410103 -0.04130193
v 0.32660070 -0.35414642 -0.04131322
v 0.32650381 -0.35425586 -0.03585641
v 0.32199600 -0.35413215 -0.04159083
v 0.32111746 -0.35399371 -0.04574841
v 0.31420326 -0.35406435 -0.04136090
v 0.31832421 -0.35431623 -0.03168228
v 0.32235432 -0.35427383 -0.03487236
v 0.32254916 -0.35437536 -0.02782987
v 0.32908806 -0.35430023 -0.02910130
v 0.32671684 -0.35435799 -0.02587625
v 0.32875746 -0.35440671 -0.02091518
v 0.32248875 -0.35447809 -0.02106751
v 0.32869673 -0.35447049 -0.01596575
v 0.32283023 -0.35453612 -0.01447329
v 0.32280120 -0.35455239 -0.01007718
v 0.32270434 -0.35454169 -0.00387658
v 0.32292014 -0.35450640 0.00234192
v 0.31856072 -0.35449660 -0.00227166
v 0.31729320 -0.35452875 -0.01061745
v 0.31250000 -0.35443634 -0.00609715
v 0.31241924 -0.35446578 -0.00992048
v 0.31028414 -0.35443407 -0.01579974
v 0.31381011 -0.35445666 -0.02093647
v 0.31836826 -0.35452086 -0.01582916
v 0.31818995 -0.35447592 -0.02218586
v 0.31418520 -0.35436454 -0.02784181
v 0.31008884 -0.35423270 -0.03380695
v 0.30738869 -0.35428348 -0.02991808
v 0.30701381 -0.35431111 -0.02635907
v 0.29827473 -0.35427245 -0.03295961
v 0.29847252 -0.35432425 -0.02443840
v 0.30260170 -0.35432297 -0.01987942
v 0.30662709 -0.35434759 -0.02063192
v 0.30541870 -0.35435656 -0.01392125
v 0.29876015 -0.35430539 -0.01581798
v 0.30518040 -0.35434037 -0.00901241
v 0.29899094 -0.35426521 -0.00797271
v 0.30283755 -0.35426074 -0.00412405
v 0.30676472 -0.35425568 -0.00025542
v 0.31258678 -0.35436708 -0.00025483
v 0.30707526 -0.35417601 0.00580225
v 0.31858835 -0.35443237 0.00353872
v 0.32053345 -0.35439670 0.01111796
v 0.31358674 -0.35427147 0.01114544
v 0.31259090 -0.35424694 0.01692247
v 0.31857282 -0.35432893 0.02283739
v 0.31160143 -0.35424235 0.02287369
v 0.31470329 -0.35430753 0.03077818
v 0.30586910 -0.35418993 0.02895887
v 0.30593050 -0.35419106 0.03318215
v 0.29914442 -0.35410318 0.03723125
v 0.29896638 -0.35415015 0.04092331
v 0.29501054 -0.35406351 0.04139736
v 0.29518762 -0.35419294 0.04635148
v 0.29506552 -0.35400566 0.03743641
v 0.29887366 -0.35410726 0.02910987
v 0.29479992 -0.35401571 0.02910900
v 0.29878408 -0.35405985 0.02287697
v 0.29493463 -0.35396427 0.01880101
v 0.29868922 -0.35404137 0.01589338
v 0.30479252 -0.35411990 0.01587056
v 0.30279577 -0.35410154 0.01107306
v 0.30280888 -0.35415590 0.00352583
v 0.29880494 -0.35409737 0.00723995
v 0.29893860 -0.35418344 -0.00031814
v 0.29466879 -0.35400182 0.01099700
v 0.29519978 -0.35417980 -0.00512946
v 0.29231998 -0.35425267 -0.02193860
v 0.29146248 -0.35412526 -0.00897420
v 0.29104608 -0.35403544 0.00059818
v 0.28738728 -0.35393530 -0.00177430
v 0.28724658 -0.35383108 0.00521849
v 0.28708610 -0.35371995 0.01335869
v 0.29087099 -0.35386699 0.01451928
v 0.28698859 -0.35371214 0.02276244
v 0.29121241 -0.35388705 0.02889787
v 0.28714177 -0.35369202 0.02913532
v 0.28597325 -0.35357854 0.03380642
v 0.29114100 -0.35384399 0.03361206
v 0.28933144 -0.35374752 0.03765135
v 0.28192493 -0.35338667 0.03697401
v 0.28195205 -0.35335845 0.03311130
v 0.27579325 -0.35313785 0.03655624
v 0.27873391 -0.35321152 0.03272444
v 0.27051538 -0.35280350 0.03245734
v 0.27451339 -0.35294715 0.02866838
v 0.26587564 -0.35249978 0.02964964
v 0.27387169 -0.35286260 0.02515670
v 0.26591179 -0.35240892 0.02458217
v 0.26590049 -0.35237637 0.02064682
v 0.27492008 -0.35290805 0.01981856
v 0.27492416 -0.35290933 0.01669688
v 0.28102663 -0.35334045 0.01179766
v 0.28387526 -0.35352191 0.01743689
v 0.28399849 -0.35354999 0.01174104
v 0.28294718 -0.35357440 0.00520233
v 0.28316563 -0.35366738 0.00165856
v 0.28343445 -0.35376659 -0.00243168
v 0.28776932 -0.35403913 -0.00966971
v 0.28348535 -0.35387129 -0.00863421
v 0.28352302 -0.35396120 -0.01520690
v 0.28787154 -0.35414889 -0.02148107
v 0.28359747 -0.35400033 -0.02167732
v 0.28358915 -0.35396847 -0.02565088
v 0.28772956 -0.35412040 -0.02569369
v 0.28559297 -0.35399646 -0.02916776
v 0.29178295 -0.35422552 -0.02738567
v 0.29021654 -0.35408518 -0.03325631
v 0.29485860 -0.35424128 -0.03271229
v 0.29443476 -0.35410559 -0.03782460
v 0.29845655 -0.35417774 -0.03778194
v 0.30986547 -0.35413438 -0.03804942
v 0.30971155 -0.35401991 -0.04188710
v 0.29867893 -0.35404101 -0.04157145
v 0.29468372 -0.35429814 -0.02346550
v 0.28345457 -0.35379374 -0.03358001
v 0.28750533 -0.35382110 -0.03771488
v 0.28852901 -0.35370189 -0.04173003
v 0.29458508 -0.35394037 -0.04186932
v 0.29468867 -0.35356444 -0.04931428
v 0.28850621 -0.35357529 -0.04465096
v 0.28447300 -0.35342917 -0.04503232
v 0.29111537 -0.35333541 -0.05335722
v 0.28727132 -0.35330877 -0.05154004
v 0.28718036 -0.35308397 -0.05923271
v 0.29371378 -0.35319397 -0.05833615
v 0.28577194 -0.35287917 -0.06499228
v 0.29064709 -0.35285714 -0.06783257
v 0.28554446 -0.35276479 -0.06897813
v 0.29090771 -0.35277411 -0.07283065
v 0.29603881 -0.35278344 -0.07305440
v 0.29496679 -0.35274771 -0.07952426
v 0.29894125 -0.35272259 -0.07676110
v 0.30035439 -0.35270825 -0.08096583
v 0.30020306 -0.35275060 -0.08497642
v 0.30713174 -0.35263705 -0.08072829
v 0.30745202 -0.35269934 -0.08705389
v 0.30113119 -0.35281089 -0.08867265
v 0.30340865 -0.35295606 -0.09625379
v 0.30730033 -0.35290590 -0.09632803
v 0.29936796 -0.35297248 -0.09627590
v 0.29491010 -0.35281029 -0.08963281
v 0.29516053 -0.35294619 -0.09626223
v 0.29062998 -0.35276040 -0.08972622
v 0.29513776 -0.35275990 -0.08483715
v 0.29114965 -0.35273191 -0.08267695
v 0.28656471 -0.35269058 -0.08955999
v 0.28813368 -0.35284036 -0.09608831
v 0.28218806 -0.35257977 -0.08907313
v 0.28239241 -0.35268870 -0.09602115
v 0.28802702 -0.35284910 -0.10010043
v 0.29458269 -0.35295022 -0.10036457
v 0.29175892 -0.35284647 -0.10602526
v 0.29923970 -0.35293534 -0.10583665
v 0.29914787 -0.35284907 -0.11321930
v 0.30299479 -0.35291940 -0.11032813
v 0.29889372 -0.35274446 -0.11956850
v 0.30319801 -0.35278928 -0.11923417
v 0.30392683 -0.35261410 -0.12672715
v 0.30759415 -0.35278806 -0.11897468
v 0.30716568 -0.35265315 -0.12548171
v 0.30725548 -0.35249549 -0.13336132
v 0.31485432 -0.35256779 -0.12827376
v 0.31076786 -0.35274863 -0.12022440
v 0.31491536 -0.35275042 -0.12078608
v 0.31876180 -0.35281616 -0.12069996
v 0.31877825 -0.35292247 -0.11237421
v 0.31875750 -0.35293171 -0.10634517
v 0.31840056 -0.35285610 -0.09902065
v 0.31877255 -0.35273418 -0.09232850
v 0.32268915 -0.35276198 -0.08826818
v 0.31885761 -0.35269275 -0.08840034
v 0.31856743 -0.35270232 -0.08336435
v 0.32274401 -0.35279319 -0.08342198
v 0.31905463 -0.35282844 -0.07492441
v 0.32296598 -0.35295689 -0.07324620
v 0.32270345 -0.35304964 -0.06885586
v 0.31886747 -0.35295269 -0.06904722
v 0.32291016 -0.35323605 -0.06333639
v 0.31902513 -0.35315311 -0.06309353
v 0.31946421 -0.35346338 -0.05564580
v 0.32302666 -0.35349968 -0.05596351
v 0.32826185 -0.35321897 -0.06500397
v 0.33014566 -0.35302714 -0.07129384
v 0.32626471 -0.35296747 -0.07255585
v 0.32264185 -0.35384139 -0.04926421
v 0.31503758 -0.35335535 -0.05612621
v 0.31472203 -0.35283041 -0.06781453
v 0.31078899 -0.35286105 -0.06541364
v 0.31089336 -0.35272232 -0.06927375
v 0.31061807 -0.35329443 -0.05620338
v 0.30955657 -0.35351798 -0.05207975
v 0.30568409 -0.35331547 -0.05589492
v 0.29934087 -0.35346380 -0.05325963
v 0.29896915 -0.35364369 -0.04933943
v 0.30968174 -0.35383525 -0.04591747
v 0.31861562 -0.35379705 -0.04932736
v 0.29528338 -0.35345304 -0.05260909
v 0.30008057 -0.35326767 -0.05730416
v 0.29459849 -0.35302585 -0.06321874
v 0.29879650 -0.35299486 -0.06398524
v 0.29653201 -0.35285470 -0.06913108
v 0.30555362 -0.35273725 -0.06938778
v 0.30517608 -0.35266528 -0.07293396
v 0.31100586 -0.35264474 -0.07296426
v 0.31111690 -0.35260510 -0.07669313
v 0.30447453 -0.35264799 -0.07679550
v 0.31117874 -0.35259143 -0.08062416
v 0.31119299 -0.35260105 -0.08467599
v 0.30722612 -0.35288641 -0.06496049
v 0.31506553 -0.35258782 -0.08453074
v 0.31510505 -0.35261205 -0.08047649
v 0.31504616 -0.35267338 -0.07490081
v 0.31491429 -0.35261017 -0.09014858
v 0.31506899 -0.35278901 -0.09876822
v 0.31481451 -0.35285214 -0.10643654
v 0.31470013 -0.35283077 -0.11296766
v 0.30355635 -0.35244060 -0.13481191
v 0.29608077 -0.35210052 -0.14271122
v 0.29553407 -0.35193068 -0.15062843
v 0.30525923 -0.35218748 -0.14677984
v 0.30430692 -0.35207322 -0.15076406
v 0.31322420 -0.35229245 -0.15068635
v 0.28714013 -0.35181591 -0.15021420
v 0.28675818 -0.35191211 -0.14459760
v 0.28671071 -0.35207465 -0.13702241
v 0.29401210 -0.35215980 -0.13891837
v 0.29608014 -0.35229796 -0.13526620
v 0.29916248 -0.35253856 -0.12745395
v 0.29179776 -0.35233170 -0.12953585
v 0.29279625 -0.35251227 -0.12342475
v 0.28671491 -0.35245878 -0.11971188
v 0.29284406 -0.35272324 -0.11324499
v 0.28533521 -0.35253513 -0.11295537
v 0.28650379 -0.35273945 -0.10550112
v 0.28257141 -0.35262004 -0.10498848
v 0.28233245 -0.35268378 -0.10006248
v 0.27864546 -0.35253090 -0.10091282
v 0.27852279 -0.35254309 -0.09577665
v 0.26635075 -0.35198843 -0.09997420
v 0.27220345 -0.35227355 -0.09578557
v 0.27398509 -0.35233313 -0.09203463
v 0.27237907 -0.35226652 -0.08889638
v 0.26629692 -0.35203779 -0.09464407
v 0.26609945 -0.35208517 -0.08356049
v 0.27860993 -0.35235742 -0.10940284
v 0.27285737 -0.35221535 -0.10378458
v 0.27498749 -0.35219187 -0.10939760
v 0.28056172 -0.35228574 -0.11719292
v 0.27306882 -0.35200161 -0.11637254
v 0.27674317 -0.35204011 -0.12343149
v 0.28244019 -0.35218439 -0.12641926
v 0.27857298 -0.35198110 -0.13035214
v 0.28261349 -0.35196286 -0.13792750
v 0.28656894 -0.35222775 -0.12948850
v 0.27874097 -0.35180026 -0.14063545
v 0.27840033 -0.35166061 -0.14645284
v 0.28263646 -0.35173273 -0.14978690
v 0.27822670 -0.35160625 -0.14983977
v 0.27093956 -0.35138038 -0.14821741
v 0.27274519 -0.35163856 -0.13884158
v 0.27273816 -0.35177687 -0.13096648
v 0.30706096 -0.35292462 -0.10859115
v 0.31091699 -0.35287768 -0.10819956
v 0.31147891 -0.35286185 -0.10118476
v 0.31122500 -0.35280287 -0.09630673
v 0.31151372 -0.35265324 -0.09018563
v 0.30637428 -0.35295054 -0.10051339
v 0.30681556 -0.35293421 -0.10413118
v 0.29929861 -0.35298023 -0.10026546
v 0.27792042 -0.35244030 -0.08360096
v 0.28598636 -0.35265967 -0.08423619
v 0.28292471 -0.35260195 -0.07869181
v 0.28701282 -0.35272369 -0.07305104
v 0.28116333 -0.35259175 -0.07282171
v 0.27327448 -0.35243309 -0.06880809
v 0.27318594 -0.35237417 -0.07287068
v 0.27710932 -0.35244876 -0.07775651
v 0.27094200 -0.35226107 -0.07980960
v 0.26651818 -0.35212213 -0.07418278
v 0.26648101 -0.35220987 -0.06789292
v 0.27226499 -0.35255945 -0.06299204
v 0.27743560 -0.35266316 -0.06491467
v 0.28326279 -0.35300887 -0.05915549
v 0.27924848 -0.35295272 -0.05755882
v 0.28333157 -0.35321280 -0.05151656
v 0.27971494 -0.35311806 -0.05078474
v 0.27956843 -0.35328686 -0.04363400
v 0.28245029 -0.35352692 -0.03948999
v 0.27564776 -0.35311055 -0.04361413
v 0.27555189 -0.35324454 -0.03762373
v 0.27561775 -0.35338742 -0.03331601
v 0.27890214 -0.35368705 -0.02940488
v 0.27385545 -0.35340947 -0.02912439
v 0.27348512 -0.35345426 -0.02485754
v 0.27954009 -0.35378379 -0.02560255
v 0.27935833 -0.35380957 -0.02073461
v 0.27319741 -0.35345331 -0.02183476
v 0.27609608 -0.35358107 -0.01603250
v 0.27949587 -0.35374230 -0.01274327
v 0.27452037 -0.35340363 -0.01144551
v 0.27864763 -0.35353020 -0.00415796
v 0.27547500 -0.35333997 -0.00521104
v 0.27546388 -0.35311222 0.00372199
v 0.27089986 -0.35310990 -0.00540775
v 0.27109954 -0.35325864 -0.01222079
v 0.26605266 -0.35306472 -0.01271809
v 0.26606715 -0.35290736 -0.00458174
v 0.26616180 -0.35311210 -0.02120873
v 0.27092651 -0.35295084 0.00129470
v 0.26601541 -0.35264286 0.00514638
v 0.27077505 -0.35282302 0.00707496
v 0.27482376 -0.35294122 0.01234146
v 0.26604611 -0.35248807 0.01186010
v 0.26590937 -0.35239226 0.01685969
v 0.26611358 -0.35306454 -0.02732343
v 0.26604077 -0.35289013 -0.03555303
v 0.26621404 -0.35276541 -0.04201618
v 0.26624489 -0.35270503 -0.04569366
v 0.27342486 -0.35284311 -0.05339861
v 0.26625341 -0.35262734 -0.05167140
v 0.26630366 -0.35251927 -0.05750881
v 0.28385940 -0.35353035 0.02154927
v 0.28134489 -0.35334566 0.02726937
v 0.27842927 -0.35316551 0.02445710
v 0.27053910 -0.35293087 0.03834934
v 0.26590961 -0.35272053 0.03948681
v 0.26602241 -0.35282582 0.04428645
v 0.27627864 -0.35330155 0.04396741
v 0.28136760 -0.35345414 0.04104270
v 0.28919476 -0.35382563 0.04125915
v 0.27701342 -0.35338768 0.04573602
v 0.28200299 -0.35361016 0.04468749
v 0.28705117 -0.35388172 0.04535349
v 0.29204163 -0.35410383 0.04643165
v 0.28679755 -0.35438967 0.05632131
v 0.28677845 -0.35422221 0.05257703
v 0.28283748 -0.35398632 0.05117256
v 0.27858812 -0.35360059 0.04849756
v 0.27876797 -0.35394862 0.05503937
v 0.28258559 -0.35422179 0.05619762
v 0.27876469 -0.35419834 0.05976089
v 0.28261754 -0.35464147 0.06369651
v 0.27871352 -0.35447693 0.06555849
v 0.28266251 -0.35480618 0.06758004
v 0.28271353 -0.35493845 0.07169359
v 0.27898356 -0.35476828 0.07431332
v 0.28663981 -0.35481617 0.06362062
v 0.27486736 -0.35366437 0.05542777
v 0.26592156 -0.35294548 0.04932708
v 0.27297920 -0.35344911 0.05431688
v 0.26598501 -0.35309297 0.05388651
v 0.27045539 -0.35338575 0.05593113
v 0.26604837 -0.35334095 0.06010040
v 0.27112585 -0.35348111 0.05752452
v 0.27007431 -0.35355204 0.06020534
v 0.26453498 -0.35338381 0.06261457
v 0.26608706 -0.35352731 0.06394091
v 0.27067727 -0.35387373 0.06667059
v 0.26608917 -0.35371897 0.06796488
v 0.27090019 -0.35411206 0.07299615
v 0.26603341 -0.35394728 0.07413820
v 0.26346445 -0.35344508 0.06528548
v 0.30481330 -0.35414216 0.02287437
v 0.35399699 -0.35313588 -0.06504920
v 0.35748509 -0.35307872 -0.06891651
v 0.35999531 -0.35309809 -0.07271679
v 0.36153084 -0.35311925 -0.08056276
v 0.35673010 -0.35292754 -0.07857540
v 0.35738707 -0.35300055 -0.07255492
v 0.35757121 -0.35287851 -0.08656945
v 0.35793093 -0.35287368 -0.09366389
v 0.36140594 -0.35295516 -0.09178372
v 0.33023909 -0.35260081 -0.16238089
v 0.39622572 -0.35247168 -0.13894270
v 0.39629069 -0.35242942 -0.13495933
v 0.39987496 -0.35244057 -0.13106950
v 0.39645070 -0.35248289 -0.12711875
v 0.40146264 -0.35246962 -0.12762228
v 0.40417257 -0.35258093 -0.10977720
v 0.40443271 -0.35253674 -0.09763310
v 0.39318264 -0.35304207 -0.07807476
v 0.39869252 -0.35293359 -0.08002554
v 0.38565841 -0.35349953 -0.05835440
v 0.38926080 -0.35332263 -0.06645569
v 0.38126183 -0.35351902 -0.05281705
v 0.37603953 -0.35349596 -0.05142662
v 0.36666021 -0.35350168 -0.05079844
v 0.35773322 -0.35356972 -0.04922237
v 0.34316862 -0.35418910 -0.02375202
v 0.34855831 -0.35413656 -0.02566236
v 0.34473854 -0.35434672 -0.01396352
v 0.34848353 -0.35422522 -0.02159686
v 0.34439218 -0.35447025 -0.00652586
v 0.34493095 -0.35460117 0.00118071
v 0.33626527 -0.35458973 0.00514693
v 0.33219129 -0.35452971 0.01882371
v 0.33720317 -0.35459301 0.01006204
v 0.33316770 -0.35455751 0.02614371
v 0.33012334 -0.35456336 0.03055992
v 0.32430428 -0.35453588 0.04056122
v 0.31894004 -0.35448831 0.04490766
v 0.29304123 -0.35500950 0.06370096
v 0.29595888 -0.35523680 0.06734303
v 0.29069552 -0.35512534 0.06740840
v 0.29067487 -0.35527012 0.07151701
v 0.29614386 -0.35538244 0.07118028
v 0.29416004 -0.35549793 0.07716013
v 0.29984733 -0.35562885 0.07799502
v 0.30544156 -0.35562032 0.07548541
v 0.31207228 -0.35568705 0.07543303
v 0.30988419 -0.35579151 0.07963997
v 0.32315576 -0.35586658 0.07914770
v 0.32663316 -0.35583207 0.07850163
v 0.32314634 -0.35594544 0.08342567
v 0.32680884 -0.35592219 0.08439609
v 0.32373017 -0.35603121 0.09354749
v 0.32679328 -0.35600564 0.09556500
v 0.32709545 -0.35601014 0.10174694
v 0.31950334 -0.35608658 0.10140581
v 0.32193506 -0.35607600 0.10730607
v 0.32704154 -0.35600287 0.11269130
v 0.31775594 -0.35616490 0.10953453
v 0.32390171 -0.35609245 0.11728745
v 0.32755256 -0.35606480 0.11977687
v 0.32740158 -0.35610005 0.12504591
v 0.32401946 -0.35614336 0.12492714
v 0.32397753 -0.35622600 0.13085756
v 0.32765484 -0.35621965 0.13418841
v 0.32417616 -0.35625860 0.13600446
v 0.32401595 -0.35625631 0.14602736
v 0.32774425 -0.35622457 0.14318347
v 0.32769269 -0.35627866 0.15148719
v 0.32388675 -0.35630587 0.15842256
v 0.32799408 -0.35635525 0.16036245
v 0.32018170 -0.35631192 0.15254542
v 0.32028151 -0.35630819 0.15962136
v 0.32421154 -0.35627067 0.16649632
v 0.32000083 -0.35623288 0.16943762
v 0.32410890 -0.35625681 0.17027339
v 0.32388970 -0.35626894 0.17567933
v 0.32015058 -0.35623088 0.17722981
v 0.32404575 -0.35627452 0.18039098
v 0.31628466 -0.35630348 0.16412312
v 0.31626081 -0.35635331 0.15609264
v 0.31228042 -0.35632145 0.16690505
v 0.31225303 -0.35641432 0.15326887
v 0.31317335 -0.35644272 0.14671713
v 0.30815798 -0.35646969 0.14894736
v 0.30793652 -0.35659793 0.13547312
v 0.31214619 -0.35655147 0.13553108
v 0.30820835 -0.35659480 0.13051897
v 0.31233415 -0.35654938 0.13054611
v 0.31232241 -0.35649297 0.12510738
v 0.30807525 -0.35652587 0.12469064
v 0.30801189 -0.35637826 0.11668290
v 0.31215602 -0.35632637 0.11489208
v 0.30774099 -0.35623637 0.10838167
v 0.31219456 -0.35619444 0.10594917
v 0.31617352 -0.35614657 0.10490293
v 0.31207699 -0.35608470 0.09709665
v 0.31737763 -0.35607374 0.09703553
v 0.31413543 -0.35598290 0.08972795
v 0.32002491 -0.35600460 0.08993687
v 0.30941716 -0.35588160 0.08383502
v 0.30768958 -0.35594118 0.08956021
v 0.30772227 -0.35603657 0.09508675
v 0.30357212 -0.35590464 0.09086477
v 0.30068657 -0.35576296 0.08379277
v 0.29898682 -0.35580951 0.09039868
v 0.29871637 -0.35601258 0.10053144
v 0.30315983 -0.35607821 0.10057951
v 0.30108607 -0.35615104 0.10631041
v 0.30770361 -0.35611862 0.10067089
v 0.30111736 -0.35628396 0.11231061
v 0.30358642 -0.35637593 0.11657178
v 0.29917890 -0.35642552 0.12053721
v 0.30385303 -0.35652098 0.12443554
v 0.29525292 -0.35653865 0.13029407
v 0.30344105 -0.35660407 0.13047041
v 0.29588187 -0.35656077 0.13466901
v 0.30369192 -0.35661259 0.13543896
v 0.30386856 -0.35649902 0.14636335
v 0.29949653 -0.35652244 0.14235932
v 0.30154878 -0.35640025 0.15380678
v 0.30806884 -0.35637474 0.15951078
v 0.30368185 -0.35635453 0.16138260
v 0.30780500 -0.35632020 0.16831116
v 0.30831659 -0.35629252 0.17392336
v 0.31432164 -0.35627526 0.17416854
v 0.31637213 -0.35624352 0.17731804
v 0.31243509 -0.35623473 0.17730086
v 0.30840290 -0.35620937 0.17730297
v 0.30380699 -0.35621405 0.17381848
v 0.30389786 -0.35609558 0.17733505
v 0.29932827 -0.35594621 0.17733455
v 0.29707670 -0.35603684 0.17338820
v 0.29487404 -0.35609615 0.16903746
v 0.29921353 -0.35626975 0.16522501
v 0.30388573 -0.35628086 0.16939811
v 0.29543138 -0.35628188 0.16079791
v 0.29492697 -0.35620895 0.16506037
v 0.29083380 -0.35618204 0.16110329
v 0.29521039 -0.35633013 0.15502055
v 0.29090750 -0.35624865 0.15480661
v 0.29046759 -0.35635248 0.14788520
v 0.29511267 -0.35641381 0.14880401
v 0.29509574 -0.35649776 0.14127177
v 0.29078883 -0.35647473 0.13524750
v 0.28657848 -0.35635293 0.13560158
v 0.29052025 -0.35646033 0.13044596
v 0.29026541 -0.35629177 0.11865956
v 0.29459211 -0.35631305 0.11600664
v 0.29033104 -0.35616702 0.11295620
v 0.29506758 -0.35619125 0.11055074
v 0.29445878 -0.35604739 0.10611795
v 0.29032257 -0.35594192 0.10610817
v 0.29383716 -0.35594112 0.10208946
v 0.29008946 -0.35580194 0.10105399
v 0.29465014 -0.35572174 0.09143120
v 0.29483223 -0.35565767 0.08693435
v 0.29074347 -0.35557675 0.09142822
v 0.29076841 -0.35551435 0.08764058
v 0.29014224 -0.35537332 0.07680287
v 0.28671002 -0.35523903 0.07728658
v 0.27997401 -0.35497627 0.08761214
v 0.28378296 -0.35524178 0.09181509
v 0.27920401 -0.35499871 0.09210239
v 0.27903637 -0.35520595 0.10026269
v 0.28253439 -0.35556096 0.10512360
v 0.28635868 -0.35572216 0.10408654
v 0.28602928 -0.35601997 0.11308382
v 0.28201440 -0.35584268 0.11382418
v 0.28581652 -0.35617363 0.11940439
v 0.28192133 -0.35597369 0.11826086
v 0.28176224 -0.35604405 0.12250050
v 0.28205529 -0.35614446 0.13058576
v 0.28621644 -0.35633290 0.13023365
v 0.28227103 -0.35614267 0.14203493
v 0.28659254 -0.35625556 0.14750315
v 0.28251964 -0.35609338 0.14844988
v 0.28665915 -0.35610849 0.15507808
v 0.28270027 -0.35594788 0.15537845
v 0.28478768 -0.35596475 0.16111289
v 0.29080951 -0.35611317 0.16494788
v 0.28681916 -0.35596564 0.16490918
v 0.28267679 -0.35577387 0.16492422
v 0.27834970 -0.35554466 0.16500603
v 0.27841747 -0.35565522 0.16114672
v 0.27832052 -0.35573629 0.15569851
v 0.27424449 -0.35539204 0.16127302
v 0.27441978 -0.35549000 0.15567046
v 0.27453044 -0.35559350 0.15037511
v 0.27844313 -0.35586214 0.15034808
v 0.27455211 -0.35563496 0.14677447
v 0.27846307 -0.35593095 0.14540069
v 0.27452043 -0.35563558 0.14282995
v 0.27829349 -0.35591179 0.13695499
v 0.27442116 -0.35559320 0.13645673
v 0.27406865 -0.35556373 0.12769605
v 0.27815294 -0.35589683 0.12869450
v 0.27790841 -0.35582232 0.12218913
v 0.27412558 -0.35551199 0.12217555
v 0.27006331 -0.35519573 0.12767881
v 0.27009124 -0.35511190 0.12146421
v 0.27418005 -0.35541230 0.11821089
v 0.27026665 -0.35483202 0.11173389
v 0.27339402 -0.35509160 0.11134012
v 0.27046457 -0.35472399 0.10643407
v 0.27480298 -0.35504577 0.10635012
v 0.27502152 -0.35491943 0.10075987
v 0.27844447 -0.35535914 0.10676282
v 0.27578211 -0.35477552 0.09255486
v 0.27095020 -0.35464048 0.09964079
v 0.27080831 -0.35452163 0.09293886
v 0.27540308 -0.35465902 0.08758173
v 0.27093992 -0.35441804 0.08754630
v 0.27534151 -0.35461262 0.08370013
v 0.27091894 -0.35430643 0.08130745
v 0.27518049 -0.35451615 0.07756961
v 0.27514943 -0.35437360 0.07190812
v 0.27500537 -0.35412246 0.06474346
v 0.27785820 -0.35572004 0.11785755
v 0.27023697 -0.35521919 0.13654326
v 0.27037212 -0.35528463 0.14270917
v 0.27037427 -0.35529709 0.14668047
v 0.27029207 -0.35526204 0.15041085
v 0.27013972 -0.35509115 0.16143553
v 0.27916485 -0.35487196 0.08048877
v 0.28313401 -0.35507166 0.07745061
v 0.28670764 -0.35513094 0.07159548
v 0.28667563 -0.35499495 0.06747350
v 0.29065284 -0.35578281 0.17327324
v 0.29487872 -0.35576326 0.17729706
v 0.29073673 -0.35597467 0.16887854
v 0.31651202 -0.35627353 0.11683150
v 0.32017252 -0.35617611 0.11714232
v 0.32017279 -0.35622934 0.12411413
v 0.31618330 -0.35637102 0.12367566
v 0.32020536 -0.35630319 0.13071787
v 0.31633389 -0.35644069 0.13061321
v 0.32021126 -0.35633075 0.13602109
v 0.31607789 -0.35645857 0.13557895
v 0.31993830 -0.35630834 0.14467350
v 0.29067150 -0.35470036 0.05976176
v 0.32967481 -0.35593352 0.08437626
v 0.32983917 -0.35599735 0.09414031
v 0.32994580 -0.35603422 0.10484128
v 0.33519065 -0.35606658 0.09605666
v 0.33324900 -0.35610580 0.11213601
v 0.33062375 -0.35615355 0.12577622
v 0.33448347 -0.35625991 0.12712626
v 0.33097157 -0.35625196 0.13370478
v 0.33462438 -0.35634795 0.13371812
v 0.33118966 -0.35627446 0.14310439
v 0.33391115 -0.35635251 0.14379056
v 0.33040646 -0.35642293 0.15869495
v 0.33373454 -0.35652739 0.15873197
v 0.33127275 -0.35649982 0.16657366
v 0.33377153 -0.35660034 0.16727968
v 0.32776326 -0.35634360 0.16689001
v 0.32758135 -0.35638374 0.17131330
v 0.33111390 -0.35662079 0.17335580
v 0.33380917 -0.35673115 0.17295223
v 0.32732555 -0.35644409 0.17721452
v 0.33075047 -0.35664749 0.18006752
v 0.33072987 -0.35672614 0.18666157
v 0.32765508 -0.35652891 0.18389414
v 0.32756281 -0.35654661 0.18784061
v 0.35042459 -0.35514361 0.05255812
v 0.34842461 -0.35429546 -0.01760911
v 0.35357702 -0.35410717 -0.02756487
v 0.35366929 -0.35426489 -0.01897286
v 0.35744220 -0.35422772 -0.01928582
v 0.35200512 -0.35434371 -0.01192343
v 0.35767949 -0.35429654 -0.01362001
v 0.36194757 -0.35430175 -0.01326657
v 0.36184567 -0.35441720 -0.00730536
v 0.37027854 -0.35444516 -0.01005753
v 0.35791057 -0.35443044 -0.00550348
v 0.36387283 -0.35456955 0.00134679
v 0.36765051 -0.35453400 -0.00247085
v 0.35203198 -0.35445911 -0.00466341
v 0.35499987 -0.35457087 0.00117662
v 0.35994971 -0.35462695 0.00524491
v 0.36861140 -0.35462302 0.00532491
v 0.34489310 -0.35465175 0.00532077
v 0.35064313 -0.35465753 0.00505669
v 0.35597381 -0.35468799 0.01011781
v 0.35596931 -0.35474384 0.02071152
v 0.35598910 -0.35476312 0.02463718
v 0.35888547 -0.35482788 0.02863812
v 0.36373869 -0.35479012 0.02273218
v 0.35301137 -0.35480389 0.03156879
v 0.34896207 -0.35484070 0.04025898
v 0.35975012 -0.35492510 0.03784055
v 0.35569897 -0.35497248 0.04430070
v 0.36837298 -0.35501125 0.04037049
v 0.34866929 -0.35500923 0.04834475
v 0.35918012 -0.35532555 0.05638334
v 0.35009927 -0.35542810 0.06025426
v 0.35909164 -0.35547483 0.06013298
v 0.35495555 -0.35561514 0.06400183
v 0.36703944 -0.35558099 0.06208052
v 0.35487801 -0.35575533 0.06787223
v 0.36212152 -0.35587800 0.07180153
v 0.35915256 -0.35593638 0.07580541
v 0.36836773 -0.35598493 0.07791518
v 0.37201935 -0.35589433 0.07185506
v 0.36034739 -0.35601628 0.08200221
v 0.37136683 -0.35612959 0.08893886
v 0.37336510 -0.35600677 0.07798647
v 0.36046734 -0.35607800 0.08802684
v 0.36406207 -0.35613689 0.09360303
v 0.35730255 -0.35609508 0.09362467
v 0.35094765 -0.35606807 0.08814102
v 0.35093582 -0.35609409 0.09414476
v 0.35714686 -0.35615239 0.10097628
v 0.35086232 -0.35614872 0.10192993
v 0.34477767 -0.35610676 0.09477392
v 0.34473038 -0.35616490 0.10511284
v 0.35177320 -0.35618901 0.10697182
v 0.34663755 -0.35618484 0.11139140
v 0.34078658 -0.35615015 0.10536280
v 0.33898276 -0.35614523 0.11150922
v 0.35069600 -0.35592896 0.07581115
v 0.35082412 -0.35601208 0.08205307
v 0.34470123 -0.35605884 0.08620992
v 0.34081876 -0.35611790 0.09776068
v 0.33339533 -0.35608625 0.10479179
v 0.33703217 -0.35611522 0.10560590
v 0.33907688 -0.35618782 0.11654443
v 0.34322533 -0.35642901 0.13064229
v 0.33931077 -0.35642195 0.13511829
v 0.34477082 -0.35645667 0.13437250
v 0.35855711 -0.35648513 0.13402706
v 0.33767849 -0.35640025 0.14233001
v 0.34643978 -0.35643309 0.14244965
v 0.35148916 -0.35645530 0.13825658
v 0.35461080 -0.35645878 0.14240736
v 0.35268661 -0.35646915 0.14867431
v 0.35872266 -0.35648775 0.14553437
v 0.34645748 -0.35646409 0.14863381
v 0.34994298 -0.35653934 0.15716144
v 0.34043074 -0.35650986 0.15284678
v 0.33746031 -0.35642594 0.14601128
v 0.33692241 -0.35665855 0.16752499
v 0.34026006 -0.35666597 0.16742305
v 0.34080958 -0.35628384 0.12254425
v 0.34438145 -0.35635674 0.12538126
v 0.34456456 -0.35624069 0.11771764
v 0.34858584 -0.35625657 0.11952841
v 0.35903651 -0.35636914 0.12353973
v 0.35242504 -0.35626751 0.11778001
v 0.35468486 -0.35622317 0.11130953
v 0.35969073 -0.35631186 0.11758982
v 0.36414015 -0.35627115 0.11130883
v 0.36337644 -0.35620940 0.10256072
v 0.36839241 -0.35627729 0.10710452
v 0.37453720 -0.35628730 0.10201871
v 0.37342393 -0.35624072 0.09726867
v 0.37960020 -0.35618168 0.08632248
v 0.38267809 -0.35615569 0.08018942
v 0.36509448 -0.35578957 0.06790395
v 0.37260658 -0.35538390 0.05596840
v 0.37293684 -0.35560262 0.06212014
v 0.36730534 -0.35507387 0.04446325
v 0.36326337 -0.35518906 0.05047834
v 0.36563444 -0.35490626 0.03152584
v 0.35693607 -0.35472608 0.01593000
v 0.36427692 -0.35469991 0.01309376
v 0.37141067 -0.35459787 0.00148468
v 0.37034893 -0.35450813 -0.00623623
v 0.37115753 -0.35432187 -0.01630955
v 0.36647451 -0.35422501 -0.01949875
v 0.36349607 -0.35412407 -0.02534858
v 0.35732526 -0.35409728 -0.02744257
v 0.35900277 -0.35402897 -0.03296952
v 0.35944247 -0.35392705 -0.03778300
v 0.35943651 -0.35382700 -0.04183004
v 0.35553694 -0.35368806 -0.04565888
v 0.36818033 -0.35387185 -0.04157623
v 0.36785838 -0.35398528 -0.03754497
v 0.37691972 -0.35396162 -0.03754779
v 0.36746100 -0.35407054 -0.03340271
v 0.37660259 -0.35406601 -0.03322249
v 0.37136859 -0.35411197 -0.02949709
v 0.37408108 -0.35415530 -0.02560936
v 0.37779468 -0.35434276 -0.01689463
v 0.38387460 -0.35436261 -0.01641792
v 0.38106960 -0.35407850 -0.03381701
v 0.38289511 -0.35421854 -0.02382611
v 0.38544983 -0.35413557 -0.03341590
v 0.38500828 -0.35405159 -0.03755018
v 0.38092411 -0.35388139 -0.04171310
v 0.38423431 -0.35393333 -0.04199673
v 0.38914302 -0.35372305 -0.05036460
v 0.38915417 -0.35389197 -0.04526130
v 0.38920829 -0.35349727 -0.05891661
v 0.39279351 -0.35353914 -0.05873358
v 0.39390045 -0.35334003 -0.06489562
v 0.39503738 -0.35322729 -0.06810439
v 0.40294757 -0.35320881 -0.06854024
v 0.38179874 -0.35360679 -0.04945357
v 0.39965329 -0.35301509 -0.07621193
v 0.40441206 -0.35292763 -0.07705749
v 0.40285701 -0.35308182 -0.07209619
v 0.40822774 -0.35302976 -0.07309936
v 0.41074950 -0.35319731 -0.06902348
v 0.40676796 -0.35339910 -0.06453341
v 0.41341877 -0.35349500 -0.06333251
v 0.41705933 -0.35350594 -0.06384951
v 0.41475049 -0.35361055 -0.06075454
v 0.42192990 -0.35367233 -0.06092595
v 0.40779358 -0.35357329 -0.06123833
v 0.41507477 -0.35372418 -0.05724150
v 0.42051378 -0.35377136 -0.05566357
v 0.41617507 -0.35381302 -0.05308091
v 0.41964415 -0.35389498 -0.04588560
v 0.42418742 -0.35381520 -0.05473964
v 0.41158384 -0.35398477 -0.04357279
v 0.40857679 -0.35385993 -0.05250492
v 0.40804294 -0.35407415 -0.03874876
v 0.41195756 -0.35411778 -0.03792095
v 0.41785961 -0.35409939 -0.03797020
v 0.42343184 -0.35395682 -0.04192298
v 0.41763583 -0.35424528 -0.03351584
v 0.42379954 -0.35404685 -0.03784725
v 0.41097358 -0.35422906 -0.03289268
v 0.41565683 -0.35436615 -0.02654718
v 0.41964424 -0.35435408 -0.02650164
v 0.40634537 -0.35412064 -0.03428942
v 0.40459484 -0.35401869 -0.04052438
v 0.40080357 -0.35408449 -0.03334842
v 0.40443236 -0.35412765 -0.02692828
v 0.39870629 -0.35348871 -0.06196214
v 0.40264726 -0.35372448 -0.05672833
v 0.40850455 -0.35374299 -0.05692425
v 0.39806953 -0.35374841 -0.05460289
v 0.40269491 -0.35383201 -0.05293022
v 0.39896858 -0.35388771 -0.04882977
v 0.39330888 -0.35387793 -0.04686283
v 0.39855051 -0.35394850 -0.04513216
v 0.39305982 -0.35400724 -0.04138250
v 0.39506096 -0.35406482 -0.03744463
v 0.40092742 -0.35402334 -0.03945149
v 0.38898578 -0.35401848 -0.04074842
v 0.38937625 -0.35415116 -0.03336949
v 0.40086758 -0.35411125 -0.02576560
v 0.40090153 -0.35419255 -0.01764925
v 0.40502584 -0.35418954 -0.01910364
v 0.40039563 -0.35426068 -0.01331126
v 0.40507457 -0.35427174 -0.01134979
v 0.40841895 -0.35427234 -0.01253255
v 0.40303084 -0.35433722 -0.00743698
v 0.39396065 -0.35445192 -0.00796793
v 0.39894807 -0.35446543 -0.00222894
v 0.38797432 -0.35421929 -0.02567840
v 0.39299381 -0.35417923 -0.02749302
v 0.39020696 -0.35432258 -0.01776757
v 0.39294726 -0.35433075 -0.01575645
v 0.38762859 -0.35450441 -0.00924511
v 0.39306128 -0.35455847 -0.00039383
v 0.39897773 -0.35452762 0.00338664
v 0.40476680 -0.35442829 0.00248584
v 0.40446055 -0.35453954 0.01204358
v 0.39894372 -0.35457855 0.00899580
v 0.39488927 -0.35464096 0.01470045
v 0.39865667 -0.35463965 0.01869740
v 0.41024160 -0.35458839 0.01687688
v 0.40250102 -0.35465521 0.02078087
v 0.40927398 -0.35467845 0.02293572
v 0.40252605 -0.35470009 0.02496440
v 0.41043007 -0.35474727 0.02910626
v 0.41810960 -0.35467166 0.02491264
v 0.40524384 -0.35480878 0.03287493
v 0.41844100 -0.35480383 0.03303500
v 0.39865413 -0.35477939 0.02909336
v 0.39871883 -0.35486150 0.03329507
v 0.40510443 -0.35492006 0.03712922
v 0.41719624 -0.35489869 0.03710886
v 0.39876285 -0.35496294 0.03729490
v 0.40078092 -0.35509276 0.04100178
v 0.40964821 -0.35506615 0.04092574
v 0.41678277 -0.35504067 0.04098265
v 0.39484474 -0.35509869 0.04099948
v 0.38905999 -0.35499793 0.03658685
v 0.38660678 -0.35510477 0.04055399
v 0.39331314 -0.35471842 0.02404012
v 0.38871136 -0.35490090 0.03089813
v 0.38877577 -0.35476810 0.02263987
v 0.38896990 -0.35469127 0.01467411
v 0.39307874 -0.35461926 0.00704045
v 0.38908610 -0.35461444 0.00332219
v 0.38495243 -0.35472792 0.01570503
v 0.38476720 -0.35486537 0.02667310
v 0.38490298 -0.35498247 0.03552108
v 0.37887856 -0.35454750 -0.00611188
v 0.38397238 -0.35456735 -0.00418116
v 0.37508678 -0.35457909 -0.00230072
v 0.38305515 -0.35462344 0.00337868
v 0.37706774 -0.35462868 0.00343495
v 0.38008425 -0.35466045 0.00910015
v 0.37142557 -0.35467362 0.01115863
v 0.37855256 -0.35472256 0.01486131
v 0.37091738 -0.35479710 0.02173490
v 0.37992615 -0.35484731 0.02558974
v 0.37517256 -0.35490251 0.03049940
v 0.37878284 -0.35495639 0.03598341
v 0.37130290 -0.35495791 0.03541798
v 0.37494659 -0.35507435 0.04248857
v 0.37886024 -0.35532239 0.05058847
v 0.38184327 -0.35522193 0.04568608
v 0.39234635 -0.35528004 0.04522647
v 0.38888192 -0.35539171 0.04879450
v 0.39541289 -0.35545221 0.04835357
v 0.38898325 -0.35555756 0.05450033
v 0.39559174 -0.35563236 0.05262449
v 0.38505509 -0.35549134 0.05447467
v 0.37899899 -0.35546374 0.05629944
v 0.38318861 -0.35562289 0.06027066
v 0.38723525 -0.35579124 0.06423222
v 0.39115232 -0.35573804 0.06031069
v 0.39518434 -0.35590050 0.06421988
v 0.39517468 -0.35604879 0.06988832
v 0.39907968 -0.35589507 0.06131103
v 0.40279400 -0.35613051 0.06991352
v 0.37245378 -0.35579169 0.06769578
v 0.38833499 -0.35598564 0.06993933
v 0.39520243 -0.35618716 0.07590700
v 0.38059637 -0.35605967 0.07593282
v 0.38907465 -0.35621104 0.07846728
v 0.39517331 -0.35632944 0.08464669
v 0.39519823 -0.35626984 0.08032396
v 0.38757086 -0.35627067 0.08451936
v 0.39172715 -0.35636291 0.08833042
v 0.40286505 -0.35636944 0.08658914
v 0.40279520 -0.35641229 0.09164040
v 0.41034347 -0.35639039 0.08638231
v 0.39216471 -0.35638112 0.09431803
v 0.39872411 -0.35638344 0.09746681
v 0.38160729 -0.35626739 0.09283707
v 0.38750881 -0.35634685 0.09440365
v 0.38370514 -0.35633552 0.10085520
v 0.38741267 -0.35636011 0.10485171
v 0.37873301 -0.35634625 0.10938057
v 0.37463868 -0.35633898 0.11362375
v 0.38464242 -0.35638043 0.11580755
v 0.39114827 -0.35636562 0.11132223
v 0.38757378 -0.35640332 0.11958366
v 0.39413750 -0.35637480 0.12132210
v 0.37859392 -0.35640329 0.11954561
v 0.38757753 -0.35639971 0.12308302
v 0.38654435 -0.35639238 0.12647545
v 0.37524232 -0.35642347 0.12623590
v 0.37929395 -0.35644287 0.12993675
v 0.39153272 -0.35640708 0.13030887
v 0.36909544 -0.35638896 0.12100413
v 0.37639880 -0.35640693 0.12284894
v 0.37308681 -0.35649207 0.13194594
v 0.38244233 -0.35644466 0.13388273
v 0.37505144 -0.35646293 0.14007717
v 0.36570135 -0.35647041 0.13004380
v 0.36876637 -0.35650885 0.13597952
v 0.36887425 -0.35650438 0.14874342
v 0.37502444 -0.35645038 0.14647925
v 0.37498471 -0.35646677 0.15298751
v 0.36370990 -0.35650462 0.14131625
v 0.36303765 -0.35651112 0.15310612
v 0.35697341 -0.35651296 0.15315309
v 0.36722308 -0.35651532 0.15978584
v 0.34757954 -0.35661429 0.16392556
v 0.35033944 -0.35667601 0.16835403
v 0.34024736 -0.35680908 0.17297611
v 0.34745046 -0.35681567 0.17273960
v 0.35694426 -0.35669094 0.17006956
v 0.36414346 -0.35659739 0.16767296
v 0.36860403 -0.35661113 0.17018841
v 0.37899959 -0.35656571 0.17025369
v 0.37901643 -0.35652488 0.16750193
v 0.36692107 -0.35666332 0.17248709
v 0.35504177 -0.35678956 0.17271109
v 0.33672845 -0.35678479 0.17281868
v 0.35742927 -0.35657269 0.16192845
v 0.36740649 -0.35653934 0.16378708
v 0.37697244 -0.35648376 0.16167516
v 0.38128075 -0.35645625 0.15732920
v 0.38360196 -0.35639849 0.14231911
v 0.38354406 -0.35641602 0.13796633
v 0.40107262 -0.35633764 0.12704328
v 0.41338864 -0.35640305 0.13728893
v 0.41817802 -0.35646129 0.14107181
v 0.41890553 -0.35630336 0.13160507
v 0.40525597 -0.35635552 0.13100958
v 0.39454341 -0.35641721 0.13437116
v 0.40529516 -0.35639381 0.13503714
v 0.39548841 -0.35640973 0.13842644
v 0.40620685 -0.35641396 0.13902590
v 0.41010061 -0.35645938 0.14330910
v 0.42803806 -0.35659736 0.14584756
v 0.42807883 -0.35652632 0.14105615
v 0.43214306 -0.35655722 0.14427298
v 0.42824373 -0.35662970 0.14969499
v 0.41375387 -0.35657552 0.15054210
v 0.42170218 -0.35660234 0.15304253
v 0.42756522 -0.35661101 0.15621866
v 0.43215123 -0.35661530 0.14988880
v 0.41311690 -0.35664529 0.16104214
v 0.42662326 -0.35665029 0.16150372
v 0.43207127 -0.35659415 0.16300099
v 0.43658566 -0.35655171 0.16302574
v 0.43673179 -0.35653886 0.15665400
v 0.43587810 -0.35654742 0.17015281
v 0.42708361 -0.35666794 0.16773108
v 0.42740822 -0.35673761 0.17881621
v 0.42371136 -0.35670775 0.17254090
v 0.41790140 -0.35666916 0.17012450
v 0.41758528 -0.35672647 0.17847344
v 0.42288938 -0.35677174 0.18110959
v 0.41877028 -0.35683727 0.18637443
v 0.42679849 -0.35684431 0.18711159
v 0.41990563 -0.35684130 0.18909764
v 0.43188357 -0.35685602 0.19016154
v 0.41484061 -0.35680711 0.18882279
v 0.41483516 -0.35680792 0.18601157
v 0.40641502 -0.35668382 0.18520543
v 0.40663314 -0.35670596 0.18913591
v 0.40156913 -0.35666832 0.18457238
v 0.40171117 -0.35660577 0.17990661
v 0.40530044 -0.35660130 0.17897569
v 0.40436581 -0.35656083 0.17142066
v 0.39542100 -0.35660690 0.17441680
v 0.39010641 -0.35667372 0.18015456
v 0.39543056 -0.35671604 0.18443257
v 0.38703734 -0.35676411 0.18450448
v 0.39375037 -0.35679591 0.18902785
v 0.40163869 -0.35671264 0.18911085
v 0.37750870 -0.35685134 0.18949488
v 0.37481344 -0.35678953 0.18474659
v 0.37497643 -0.35671037 0.18021774
v 0.36379325 -0.35680792 0.18465587
v 0.36320746 -0.35684276 0.18902950
v 0.35970730 -0.35679644 0.18012062
v 0.36566156 -0.35673422 0.18013760
v 0.38298225 -0.35664773 0.17614521
v 0.38881367 -0.35658708 0.17152056
v 0.39969784 -0.35655674 0.16743585
v 0.40562025 -0.35656950 0.16397305
v 0.39670587 -0.35653678 0.16361384
v 0.40491849 -0.35650998 0.15597114
v 0.39944980 -0.35646886 0.15321550
v 0.40815344 -0.35651857 0.15259084
v 0.40291351 -0.35643286 0.14710094
v 0.41288760 -0.35658091 0.15369527
v 0.41045332 -0.35661691 0.16609417
v 0.41594616 -0.35665399 0.16549329
v 0.41056585 -0.35661164 0.17024854
v 0.40966690 -0.35662749 0.17841199
v 0.40281868 -0.35641336 0.14299458
v 0.39277369 -0.35639921 0.14257425
v 0.39280003 -0.35640794 0.14679164
v 0.38360268 -0.35639852 0.14656141
v 0.38978672 -0.35646874 0.15741554
v 0.39382893 -0.35646603 0.15426309
v 0.38556945 -0.35645664 0.15736641
v 0.38746333 -0.35653156 0.16755104
v 0.37899655 -0.35661489 0.17263979
v 0.35135221 -0.35685304 0.17633078
v 0.35966700 -0.35677528 0.17604557
v 0.35355449 -0.35686266 0.18236987
v 0.35831171 -0.35686225 0.18881440
v 0.34685439 -0.35684401 0.18010736
v 0.33723193 -0.35678893 0.17986932
v 0.34286335 -0.35685259 0.18404967
v 0.33693507 -0.35685697 0.18558158
v 0.34366989 -0.35687655 0.18746275
v 0.33739126 -0.35698348 0.19328475
v 0.33351263 -0.35673296 0.18011273
v 0.33320796 -0.35691369 0.19275673
v 0.34927142 -0.35687834 0.18440504
v 0.35180950 -0.35688096 0.18853241
v 0.34518519 -0.35695106 0.19348702
v 0.42766166 -0.35676694 0.18330254
v 0.43660748 -0.35653138 0.17499554
v 0.44153687 -0.35649034 0.16129425
v 0.43176827 -0.35644954 0.13871945
v 0.43616769 -0.35631165 0.13685779
v 0.42694017 -0.35629046 0.12763810
v 0.42753813 -0.35635072 0.13209867
v 0.43248263 -0.35622773 0.12908815
v 0.40985531 -0.35631797 0.12741753
v 0.41959512 -0.35628411 0.12779562
v 0.40790182 -0.35636419 0.12111819
v 0.41175354 -0.35643753 0.11441878
v 0.40226123 -0.35635591 0.12222999
v 0.40352291 -0.35639930 0.11293341
v 0.39849597 -0.35636973 0.10462034
v 0.39744550 -0.35637426 0.11325812
v 0.40656990 -0.35642087 0.09650838
v 0.41228819 -0.35645080 0.09652767
v 0.40623528 -0.35641199 0.10449468
v 0.41189429 -0.35644436 0.10539234
v 0.41761962 -0.35642478 0.10619713
v 0.41860062 -0.35643581 0.11394893
v 0.42348412 -0.35640603 0.10806258
v 0.41375995 -0.35637632 0.11993667
v 0.41963854 -0.35633805 0.12110198
v 0.42693198 -0.35628554 0.12320720
v 0.42772713 -0.35630637 0.11885980
v 0.42652163 -0.35637695 0.11444777
v 0.43198058 -0.35622033 0.12218348
v 0.43187729 -0.35629949 0.11459701
v 0.42797515 -0.35636696 0.10882262
v 0.42381710 -0.35639784 0.10017842
v 0.42752030 -0.35635483 0.10538964
v 0.42831933 -0.35631803 0.09815574
v 0.41641691 -0.35645279 0.09291750
v 0.41787541 -0.35643947 0.10131229
v 0.41031021 -0.35630786 0.07820181
v 0.40284169 -0.35627022 0.07823104
v 0.40474543 -0.35585430 0.05649091
v 0.39806598 -0.35578772 0.05641026
v 0.39817494 -0.35528147 0.04468328
v 0.41001320 -0.35528445 0.04476712
v 0.40266067 -0.35554519 0.04885507
v 0.41032204 -0.35553733 0.04906906
v 0.40925303 -0.35573551 0.05287310
v 0.42276931 -0.35565200 0.05375706
v 0.42082915 -0.35526398 0.04604334
v 0.42418572 -0.35506582 0.04162192
v 0.41409838 -0.35463840 0.02088163
v 0.40844977 -0.35448337 0.01112648
v 0.40877521 -0.35432106 -0.00324595
v 0.41218740 -0.35442746 0.00727527
v 0.41233757 -0.35434937 -0.00035658
v 0.41236430 -0.35431898 -0.00795293
v 0.41592062 -0.35436457 -0.01434926
v 0.41198072 -0.35431433 -0.01727457
v 0.41092387 -0.35430875 -0.02006104
v 0.41567585 -0.35439780 -0.02072534
v 0.41194358 -0.35432279 -0.02485020
v 0.42085546 -0.35438764 -0.00607185
v 0.41901416 -0.35438728 -0.00226519
v 0.43033892 -0.35443774 -0.00538190
v 0.42565492 -0.35448277 0.00347226
v 0.43150908 -0.35450757 0.00342087
v 0.41615689 -0.35440370 0.00344665
v 0.41993409 -0.35446119 0.00636134
v 0.41846967 -0.35452801 0.01453130
v 0.42568159 -0.35454154 0.01501843
v 0.42566407 -0.35451502 0.00926089
v 0.43171263 -0.35457164 0.01885062
v 0.43161950 -0.35453719 0.01111543
v 0.43600774 -0.35452300 0.01489515
v 0.44063443 -0.35455498 0.02374583
v 0.44034958 -0.35449576 0.01839796
v 0.44008827 -0.35445106 0.01230259
v 0.42726544 -0.35461688 0.02285799
v 0.43523204 -0.35470164 0.03083479
v 0.44065988 -0.35464782 0.03016242
v 0.42209083 -0.35473061 0.02889998
v 0.42986494 -0.35474098 0.03092752
v 0.42430201 -0.35486713 0.03535617
v 0.42882553 -0.35486090 0.03574516
v 0.42834380 -0.35499990 0.04046600
v 0.43636194 -0.35488579 0.04069985
v 0.43483755 -0.35506335 0.04577323
v 0.44065481 -0.35484913 0.04292423
v 0.42483032 -0.35524538 0.04588572
v 0.42852473 -0.35522521 0.04631156
v 0.43302727 -0.35526618 0.04992888
v 0.42788729 -0.35579208 0.05846179
v 0.43642026 -0.35530820 0.05328342
v 0.44091916 -0.35502535 0.04912284
v 0.43437093 -0.35554984 0.05724489
v 0.43228897 -0.35595399 0.06401053
v 0.42811775 -0.35605249 0.06450652
v 0.43518668 -0.35609528 0.06883182
v 0.42700160 -0.35617617 0.06824415
v 0.42328179 -0.35581663 0.05771365
v 0.40990534 -0.35584268 0.05607174
v 0.42223877 -0.35606837 0.06438854
v 0.41323686 -0.35601014 0.06237147
v 0.41824836 -0.35593960 0.06045032
v 0.40844116 -0.35600603 0.06235003
v 0.41424835 -0.35616124 0.06802004
v 0.41030341 -0.35622495 0.07188130
v 0.41829970 -0.35623124 0.07181320
v 0.41620719 -0.35630813 0.07808173
v 0.42543507 -0.35625747 0.07656708
v 0.41810429 -0.35638332 0.08621577
v 0.42776254 -0.35633022 0.08454654
v 0.42666852 -0.35636061 0.08889356
v 0.43209830 -0.35627246 0.08826847
v 0.43227881 -0.35622808 0.07844839
v 0.43613493 -0.35624775 0.08502850
v 0.43673128 -0.35622185 0.08051689
v 0.43682238 -0.35615188 0.07242854
v 0.42778724 -0.35622278 0.07195086
v 0.43618190 -0.35589492 0.06457188
v 0.44093862 -0.35516003 0.05329626
v 0.44054458 -0.35473028 0.03546581
v 0.43584859 -0.35448933 0.00285186
v 0.42168581 -0.35440302 -0.01152416
v 0.42985940 -0.35443556 -0.01295344
v 0.42761296 -0.35436520 -0.01890402
v 0.43190223 -0.35437950 -0.01894970
v 0.42119402 -0.35438901 -0.02053140
v 0.42157239 -0.35438380 -0.01665606
v 0.42395815 -0.35420960 -0.03160945
v 0.42384166 -0.35389954 -0.04545913
v 0.42138559 -0.35347959 -0.06634168
v 0.42055449 -0.35322499 -0.07290897
v 0.41654357 -0.35320079 -0.07054816
v 0.41652778 -0.35276213 -0.08338580
v 0.41254422 -0.35260373 -0.08711506
v 0.41210550 -0.35302895 -0.07363757
v 0.40821898 -0.35258198 -0.08810724
v 0.40840185 -0.35271105 -0.08330186
v 0.40446970 -0.35248697 -0.13119255
v 0.41255766 -0.35258031 -0.11557686
v 0.40839612 -0.35256761 -0.10975161
v 0.41244191 -0.35256842 -0.10645425
v 0.40834683 -0.35249862 -0.09821747
v 0.41242200 -0.35250643 -0.09730645
v 0.41232526 -0.35251713 -0.09216084
v 0.41647354 -0.35257488 -0.09209304
v 0.42819038 -0.35326329 -0.11157449
v 0.42469215 -0.35291159 -0.09725071
v 0.42852437 -0.35318688 -0.10142434
v 0.42856678 -0.35313922 -0.09180291
v 0.42468032 -0.35289228 -0.09195391
v 0.43082938 -0.35342720 -0.10849681
v 0.43119964 -0.35339344 -0.10143702
v 0.43509251 -0.35378397 -0.10584918
v 0.42463821 -0.35309151 -0.12362613
v 0.42953262 -0.35344219 -0.11859804
v 0.42933348 -0.35342643 -0.12366737
v 0.43043199 -0.35344145 -0.12822762
v 0.43007824 -0.35339940 -0.13127972
v 0.43294543 -0.35363969 -0.13110919
v 0.45142636 -0.35499021 -0.13025767
v 0.45157775 -0.35500544 -0.12164686
v 0.45561382 -0.35523438 -0.12549722
v 0.44753984 -0.35475582 -0.12151951
v 0.44859803 -0.35484371 -0.11531140
v 0.45609587 -0.35525745 -0.11691199
v 0.45157102 -0.35497820 -0.10980264
v 0.44943792 -0.35482663 -0.10476439
v 0.45570248 -0.35518831 -0.10128457
v 0.45564941 -0.35519183 -0.10799263
v 0.44808328 -0.35471499 -0.09899502
v 0.44330478 -0.35443223 -0.10274917
v 0.44315943 -0.35437450 -0.09230387
v 0.44925469 -0.35482508 -0.09040907
v 0.45584419 -0.35523087 -0.09609180
v 0.44350222 -0.35452417 -0.11558723
v 0.43282884 -0.35364398 -0.12780568
v 0.43897533 -0.35416088 -0.12144981
v 0.44530299 -0.35457900 -0.12578183
v 0.43253165 -0.35368440 -0.12284957
v 0.43929985 -0.35422122 -0.11493104
v 0.43417656 -0.35376865 -0.11169164
v 0.43975544 -0.35416085 -0.10160980
v 0.43141642 -0.35336652 -0.09153149
v 0.43935406 -0.35407606 -0.09273484
v 0.43182009 -0.35340282 -0.08780123
v 0.43909147 -0.35405472 -0.08690261
v 0.43583474 -0.35379502 -0.08366574
v 0.43135542 -0.35342005 -0.08391378
v 0.43753022 -0.35400862 -0.07877163
v 0.43146378 -0.35354921 -0.07922260
v 0.43020624 -0.35341480 -0.08064859
v 0.42850751 -0.35323620 -0.08351084
v 0.42852291 -0.35315815 -0.08765156
v 0.44315022 -0.35442668 -0.08220816
v 0.44812995 -0.35480160 -0.08255345
v 0.45556316 -0.35531929 -0.08461504
v 0.44780776 -0.35481325 -0.07635386
v 0.44287360 -0.35446957 -0.07415140
v 0.43612728 -0.35394052 -0.07565596
v 0.44138968 -0.35437196 -0.06783246
v 0.44711608 -0.35476831 -0.07106878
v 0.43598145 -0.35402533 -0.06753211
v 0.44053102 -0.35430929 -0.06436338
v 0.44666475 -0.35466528 -0.06348818
v 0.43539152 -0.35406154 -0.05958740
v 0.42440426 -0.35302493 -0.08355060
v 0.42661515 -0.35344684 -0.07340948
v 0.42826042 -0.35345522 -0.07599521
v 0.42463052 -0.35293606 -0.08775888
v 0.43150416 -0.35368079 -0.07367548
v 0.43223464 -0.35385936 -0.06621554
v 0.42461747 -0.35346305 -0.07010485
v 0.42833614 -0.35371459 -0.06562413
v 0.43135914 -0.35391912 -0.05981157
v 0.42436638 -0.35361943 -0.06452627
v 0.42778757 -0.35381031 -0.06024892
v 0.42783135 -0.35390192 -0.05109702
v 0.43166536 -0.35398751 -0.05102182
v 0.43564290 -0.35408908 -0.05095179
v 0.44349638 -0.35433400 -0.04433378
v 0.44304600 -0.35429773 -0.04870902
v 0.44763255 -0.35447735 -0.04885473
v 0.44770619 -0.35448769 -0.04394024
v 0.42781594 -0.35393953 -0.04493582
v 0.42784414 -0.35399389 -0.04003777
v 0.43777329 -0.35424128 -0.04031260
v 0.44371974 -0.35450140 -0.03105479
v 0.44760618 -0.35463789 -0.03056861
v 0.43784344 -0.35431963 -0.03447322
v 0.43197301 -0.35431784 -0.02603416
v 0.43716493 -0.35435989 -0.02968786
v 0.43851671 -0.35441366 -0.02541338
v 0.43934861 -0.35442737 -0.02152361
v 0.43932939 -0.35440010 -0.01596640
v 0.43552634 -0.35439837 -0.01615241
v 0.43922472 -0.35439837 -0.00626149
v 0.43937749 -0.35444063 0.00175191
v 0.44338453 -0.35441571 -0.00270477
v 0.44347945 -0.35451767 -0.02420738
v 0.45199937 -0.35468569 -0.04464955
v 0.44431773 -0.35436636 -0.05323504
v 0.44371480 -0.35444716 -0.06017551
v 0.45179579 -0.35472175 -0.05314651
v 0.45550376 -0.35525537 -0.13352902
v 0.45591760 -0.35539660 -0.14039852
v 0.45161456 -0.35507014 -0.13603573
v 0.45581678 -0.35556906 -0.14952113
v 0.45143977 -0.35526809 -0.14434940
v 0.44836479 -0.35544392 -0.15647784
v 0.45611921 -0.35575277 -0.15750234
v 0.45227098 -0.35571593 -0.16119853
v 0.44832975 -0.35569745 -0.16510856
v 0.45400873 -0.35591739 -0.16618346
v 0.44433960 -0.35545748 -0.16116767
v 0.44014314 -0.35525200 -0.16047938
v 0.43982771 -0.35501984 -0.15515180
v 0.43527585 -0.35498151 -0.15985204
v 0.41298556 -0.35378551 -0.16260302
v 0.41149217 -0.35357150 -0.15849598
v 0.41654024 -0.35384974 -0.15929914
v 0.40673614 -0.35355571 -0.16300300
v 0.41181895 -0.35392475 -0.16642793
v 0.40821362 -0.35379934 -0.16642210
v 0.40381065 -0.35361370 -0.16621399
v 0.40710816 -0.35343736 -0.15904053
v 0.40333471 -0.35340148 -0.16256066
v 0.40336317 -0.35315284 -0.15499927
v 0.40795264 -0.35329902 -0.15436055
v 0.41423774 -0.35344049 -0.15356953
v 0.41262588 -0.35323167 -0.14870740
v 0.41639051 -0.35346565 -0.15201943
v 0.41652486 -0.35324815 -0.14676739
v 0.41281137 -0.35283029 -0.13973723
v 0.41655415 -0.35304007 -0.14268097
v 0.41656500 -0.35286912 -0.13858114
v 0.40699768 -0.35276517 -0.13993399
v 0.41187674 -0.35265207 -0.13462430
v 0.41661760 -0.35276559 -0.13480185
v 0.41250813 -0.35259506 -0.13122243
v 0.41675460 -0.35269263 -0.13020495
v 0.42077386 -0.35286146 -0.13065299
v 0.42055094 -0.35300273 -0.13787659
v 0.42490676 -0.35319039 -0.13667263
v 0.42476714 -0.35306701 -0.13118039
v 0.43044654 -0.35345134 -0.13291644
v 0.42737472 -0.35345957 -0.14042579
v 0.42688692 -0.35345557 -0.14121328
v 0.42127767 -0.35326588 -0.14310664
v 0.41919085 -0.35341349 -0.14777537
v 0.40329444 -0.35252172 -0.13495605
v 0.39995626 -0.35256258 -0.13884903
v 0.40749735 -0.35305458 -0.14671908
v 0.40337995 -0.35293555 -0.14672424
v 0.40271530 -0.35270274 -0.14082339
v 0.39981115 -0.35268214 -0.14288180
v 0.39974952 -0.35278809 -0.14675066
v 0.40251744 -0.35300487 -0.15068537
v 0.39631510 -0.35257119 -0.14435813
v 0.39617643 -0.35266766 -0.15066634
v 0.39622489 -0.35278127 -0.15479319
v 0.39973018 -0.35323080 -0.16227730
v 0.39622360 -0.35309616 -0.16240595
v 0.40157831 -0.35343394 -0.16515732
v 0.41597974 -0.35410026 -0.16644260
v 0.41172954 -0.35419026 -0.17021368
v 0.41672644 -0.35434213 -0.17004555
v 0.41910517 -0.35466424 -0.17383622
v 0.40788245 -0.35435715 -0.17399925
v 0.40351903 -0.35416809 -0.17389698
v 0.40366530 -0.35390416 -0.17018794
v 0.39986920 -0.35372314 -0.17014714
v 0.39978054 -0.35395965 -0.17393520
v 0.39607492 -0.35334304 -0.16679272
v 0.39621985 -0.35355839 -0.17036672
v 0.39604017 -0.35373268 -0.17398027
v 0.39197791 -0.35351843 -0.17430849
v 0.39004615 -0.35331076 -0.17060994
v 0.38678211 -0.35347384 -0.18046649
v 0.38408649 -0.35294548 -0.16783735
v 0.38875407 -0.35308367 -0.16628207
v 0.39248711 -0.35319287 -0.16621540
v 0.39198905 -0.35299349 -0.16235550
v 0.39263251 -0.35270017 -0.15473256
v 0.38881627 -0.35293034 -0.16238946
v 0.38513929 -0.35273102 -0.15852182
v 0.38890454 -0.35267380 -0.15458290
v 0.37909111 -0.35271415 -0.16616490
v 0.38100392 -0.35298082 -0.17255217
v 0.39085385 -0.35384715 -0.18536916
v 0.39229226 -0.35375068 -0.18172973
v 0.39584377 -0.35409102 -0.18665840
v 0.39239952 -0.35435918 -0.19406065
v 0.39630738 -0.35452276 -0.19437091
v 0.40215048 -0.35454732 -0.19014376
v 0.40615913 -0.35493326 -0.19458845
v 0.40858415 -0.35478985 -0.19011842
v 0.41776782 -0.35529283 -0.19439468
v 0.41035840 -0.35543397 -0.20037600
v 0.42233998 -0.35570061 -0.19884987
v 0.41799247 -0.35577714 -0.20238361
v 0.42597425 -0.35599518 -0.20248918
v 0.41784269 -0.35599342 -0.20586902
v 0.43136272 -0.35633940 -0.20632805
v 0.43383452 -0.35620716 -0.20259535
v 0.41021842 -0.35581431 -0.20606928
v 0.42797208 -0.35586837 -0.19862770
v 0.40203628 -0.35515332 -0.20037240
v 0.40221667 -0.35555813 -0.20583096
v 0.39815816 -0.35500586 -0.20032632
v 0.39226022 -0.35464621 -0.19821778
v 0.42406085 -0.35552981 -0.19443263
v 0.41792339 -0.35508877 -0.18996860
v 0.38581136 -0.35414383 -0.19377631
v 0.43564305 -0.35611749 -0.19867525
v 0.43180299 -0.35584792 -0.19464639
v 0.43699914 -0.35604683 -0.19434911
v 0.44049647 -0.35636351 -0.20258038
v 0.44051141 -0.35626554 -0.19872211
v 0.44917789 -0.35655612 -0.19928919
v 0.43973690 -0.35647729 -0.20621386
v 0.42353386 -0.35638237 -0.20960261
v 0.41613191 -0.35623136 -0.20949663
v 0.40814078 -0.35602051 -0.20918596
v 0.39760497 -0.35596123 -0.21237710
v 0.39590073 -0.35565889 -0.20904951
v 0.40307176 -0.35610941 -0.21225850
v 0.38850367 -0.35569310 -0.21203461
v 0.38684291 -0.35539034 -0.20880502
v 0.39444363 -0.35531822 -0.20576707
v 0.39040810 -0.35489178 -0.20206164
v 0.37820965 -0.35496604 -0.20717749
v 0.38284224 -0.35466143 -0.20195298
v 0.37333855 -0.35443932 -0.20294334
v 0.38285458 -0.35436317 -0.19821939
v 0.37311321 -0.35407117 -0.19807972
v 0.37923050 -0.35399705 -0.19426517
v 0.37711418 -0.35342506 -0.18573949
v 0.38334557 -0.35347661 -0.18353254
v 0.38119522 -0.35330170 -0.18093842
v 0.37341973 -0.35346100 -0.18766719
v 0.37748098 -0.35322922 -0.18136671
v 0.37363705 -0.35278174 -0.17202795
v 0.37276444 -0.35258806 -0.16667557
v 0.37733132 -0.35285348 -0.17203744
v 0.33588433 -0.35260308 -0.16251031
v 0.32623652 -0.35260811 -0.16610333
v 0.32483840 -0.35254595 -0.16191255
v 0.33084491 -0.35265258 -0.16681948
v 0.32212678 -0.35256508 -0.16582073
v 0.31916523 -0.35243851 -0.16137618
v 0.31528515 -0.35246462 -0.16580102
v 0.31528229 -0.35234579 -0.16118422
v 0.31507626 -0.35230276 -0.15437658
v 0.31106052 -0.35225198 -0.15819605
v 0.30794007 -0.35213375 -0.15442294
v 0.27074471 -0.35143936 -0.16592418
v 0.27205014 -0.35142270 -0.16240393
v 0.27805600 -0.35178924 -0.16517483
v 0.26624626 -0.35121545 -0.16232713
v 0.26623607 -0.35120085 -0.15841019
v 0.27079242 -0.35133559 -0.15810239
v 0.27118227 -0.35134834 -0.15399368
v 0.27775300 -0.35160127 -0.15642376
v 0.26599383 -0.35122755 -0.15180191
v 0.26174036 -0.35117990 -0.14516830
v 0.26569107 -0.35131609 -0.14513418
v 0.26612741 -0.35148111 -0.13727099
v 0.26176134 -0.35134074 -0.13471819
v 0.26627856 -0.35169592 -0.12441096
v 0.26179594 -0.35147256 -0.12434939
v 0.26189837 -0.35163325 -0.10727484
v 0.26648122 -0.35182083 -0.11297651
v 0.27098602 -0.35186487 -0.12161073
v 0.27103317 -0.35202909 -0.10953315
v 0.26633504 -0.35187832 -0.10778973
v 0.25790590 -0.35140231 -0.10163517
v 0.26187864 -0.35174868 -0.09738158
v 0.25791550 -0.35131022 -0.11012270
v 0.25789753 -0.35122257 -0.11877446
v 0.25783578 -0.35113370 -0.13020733
v 0.25779909 -0.35100180 -0.14170659
v 0.25783455 -0.35087153 -0.15026896
v 0.26175615 -0.35108727 -0.15169460
v 0.25784615 -0.35077384 -0.15796298
v 0.26176816 -0.35101676 -0.15863012
v 0.25782058 -0.35075033 -0.16390012
v 0.26172134 -0.35101196 -0.16352704
v 0.26119751 -0.35179883 -0.08745323
v 0.26189923 -0.35182309 -0.08099222
v 0.26190081 -0.35180569 -0.07712647
v 0.26189372 -0.35180891 -0.07320409
v 0.26187757 -0.35185277 -0.06919694
v 0.26185572 -0.35196331 -0.06512800
v 0.26183245 -0.35210803 -0.06112205
v 0.26181573 -0.35223794 -0.05722191
v 0.25791159 -0.35152465 -0.09435989
v 0.25791374 -0.35154727 -0.08494859
v 0.25791201 -0.35156572 -0.08881956
v 0.27869719 -0.35173106 -0.16184926
v 0.28266203 -0.35187367 -0.16189167
v 0.28385249 -0.35204971 -0.16602953
v 0.28251433 -0.35215130 -0.16957708
v 0.28794312 -0.35233060 -0.16942917
v 0.28243932 -0.35234359 -0.17365131
v 0.28662711 -0.35252005 -0.17366445
v 0.28241014 -0.35252953 -0.17793490
v 0.28660536 -0.35274664 -0.17797063
v 0.29052436 -0.35267738 -0.17397583
v 0.29196861 -0.35328275 -0.18342845
v 0.29489848 -0.35332495 -0.18207017
v 0.29001847 -0.35335794 -0.18657766
v 0.29498106 -0.35307479 -0.17799155
v 0.29934451 -0.35324299 -0.17859808
v 0.29871583 -0.35262972 -0.17000858
v 0.29453516 -0.35255346 -0.17020601
v 0.30126894 -0.35241291 -0.16575570
v 0.30341914 -0.35268345 -0.17001437
v 0.30361927 -0.35338196 -0.17972471
v 0.30780825 -0.35352728 -0.18177605
v 0.30767587 -0.35388154 -0.18642382
v 0.30355871 -0.35421056 -0.19023539
v 0.30768570 -0.35416982 -0.19043387
v 0.30769524 -0.35269731 -0.17001072
v 0.29883859 -0.35342869 -0.18133894
v 0.29942209 -0.35413745 -0.19030942
v 0.30721968 -0.35246307 -0.16586500
v 0.31123650 -0.35245585 -0.16585326
v 0.31137732 -0.35264918 -0.16961548
v 0.31544232 -0.35286120 -0.17365652
v 0.31115577 -0.35327750 -0.17918172
v 0.31159636 -0.35372469 -0.18638019
v 0.31537876 -0.35263243 -0.16957922
v 0.31922609 -0.35266471 -0.16955458
v 0.31921279 -0.35285217 -0.17358157
v 0.31546414 -0.35310322 -0.17793776
v 0.32311413 -0.35268927 -0.16963667
v 0.29449093 -0.35229686 -0.16587690
v 0.27851123 -0.35196313 -0.16955721
v 0.27841341 -0.35212877 -0.17360488
v 0.27814499 -0.35229698 -0.17849734
v 0.28245965 -0.35268599 -0.18215422
v 0.28666270 -0.35294583 -0.18219562
v 0.28105968 -0.35274637 -0.18723251
v 0.26931381 -0.35179549 -0.18233185
v 0.27069858 -0.35177383 -0.17796659
v 0.27336785 -0.35170522 -0.17070706
v 0.27009800 -0.35161337 -0.17364666
v 0.27061263 -0.35152298 -0.16979425
v 0.26696032 -0.35134390 -0.16908801
v 0.26173672 -0.35111660 -0.17101289
v 0.26596859 -0.35150945 -0.17804724
v 0.26173860 -0.35129112 -0.17815857
v 0.26174089 -0.35133475 -0.18217482
v 0.26591554 -0.35164699 -0.18609762
v 0.27015662 -0.35199848 -0.18893923
v 0.25782388 -0.35104063 -0.17825033
v 0.25782648 -0.35107836 -0.18223204
v 0.27675921 -0.35251603 -0.19037151
v 0.28264180 -0.35294524 -0.19027400
v 0.28674170 -0.35312358 -0.18633160
v 0.28662819 -0.35327446 -0.19020702
v 0.28268245 -0.35178423 -0.15755384
v 0.28630987 -0.35194358 -0.16120514
v 0.28764758 -0.35182258 -0.15387294
v 0.29291010 -0.35198760 -0.15764663
v 0.29338661 -0.35211498 -0.16194262
v 0.30208918 -0.35227302 -0.16211770
v 0.30725721 -0.35230243 -0.16136737
v 0.31112167 -0.35233331 -0.16216443
v 0.30154413 -0.35200638 -0.15409522
v 0.28013739 -0.35167104 -0.15348984
v 0.33684516 -0.35264924 -0.16645001
v 0.34407967 -0.35269272 -0.16672845
v 0.35033667 -0.35267976 -0.16704386
v 0.36147696 -0.35257789 -0.16702409
v 0.41077951 -0.35630417 -0.21224602
v 0.41619352 -0.35642079 -0.21253403
v 0.42249650 -0.35652065 -0.21271604
v 0.43043649 -0.35651270 -0.20955771
v 0.43059018 -0.35664925 -0.21286644
v 0.43954864 -0.35658172 -0.20852749
v 0.43612218 -0.35671508 -0.21313420
v 0.43591899 -0.35689890 -0.22038569
v 0.44025242 -0.35672987 -0.21293205
v 0.44069400 -0.35690424 -0.22062184
v 0.44482780 -0.35685247 -0.21659239
v 0.44495875 -0.35692489 -0.22083232
v 0.44911864 -0.35685909 -0.21682172
v 0.44903743 -0.35683748 -0.21284404
v 0.44465894 -0.35678181 -0.21276008
v 0.44889671 -0.35680661 -0.20938572
v 0.45191127 -0.35691339 -0.21286349
v 0.44514802 -0.35666218 -0.20773871
v 0.42536134 -0.35671976 -0.22036327
v 0.41827968 -0.35654232 -0.21598546
v 0.41164631 -0.35644436 -0.21563946
v 0.41203359 -0.35656703 -0.21981031
v 0.42060268 -0.35665536 -0.22027250
v 0.40277734 -0.35624102 -0.21516266
v 0.39894283 -0.35633898 -0.21932739
v 0.39258170 -0.35622916 -0.21929875
v 0.39740700 -0.35663053 -0.22452135
v 0.40622675 -0.35680822 -0.22599587
v 0.39474326 -0.35705650 -0.23223472
v 0.40702185 -0.35715896 -0.23270914
v 0.41212836 -0.35700589 -0.22840758
v 0.41479439 -0.35723767 -0.23291032
v 0.41842258 -0.35705674 -0.22839576
v 0.42677298 -0.35727486 -0.23214015
v 0.42458659 -0.35711586 -0.22837509
v 0.43174848 -0.35721016 -0.22800347
v 0.43435189 -0.35731924 -0.23157726
v 0.43674138 -0.35723519 -0.22805665
v 0.44113037 -0.35730422 -0.23182335
v 0.44514397 -0.35720873 -0.22830643
v 0.44516712 -0.35730994 -0.23182563
v 0.43219632 -0.35704690 -0.22435486
v 0.43664238 -0.35708031 -0.22402903
v 0.38978592 -0.35673994 -0.22753756
v 0.38938233 -0.35643077 -0.22286347
v 0.38468343 -0.35664007 -0.22728120
v 0.38373789 -0.35693070 -0.23170857
v 0.37710679 -0.35643175 -0.22705427
v 0.38276541 -0.35628420 -0.22312883
v 0.37634683 -0.35582197 -0.21934462
v 0.38284862 -0.35598364 -0.21922377
v 0.38753077 -0.35609201 -0.21875736
v 0.37876603 -0.35563049 -0.21562666
v 0.37816963 -0.35537159 -0.21222343
v 0.37315717 -0.35548422 -0.21516035
v 0.37029353 -0.35544053 -0.21514127
v 0.36418039 -0.35566360 -0.21902645
v 0.37330332 -0.35634679 -0.22679161
v 0.36091971 -0.35538462 -0.21614979
v 0.36026302 -0.35456777 -0.20708740
v 0.36957774 -0.35462648 -0.20612390
v 0.36934868 -0.35428226 -0.20199554
v 0.36764649 -0.35399404 -0.19819984
v 0.37301117 -0.35365492 -0.19082138
v 0.36272228 -0.35376450 -0.19453900
v 0.36835054 -0.35361946 -0.19069715
v 0.36183167 -0.35349727 -0.18861459
v 0.36832431 -0.35338649 -0.18609890
v 0.37371522 -0.35310835 -0.17950034
v 0.36978886 -0.35307172 -0.17806597
v 0.36857906 -0.35289124 -0.17463152
v 0.36743805 -0.35270771 -0.17082900
v 0.36049798 -0.35270667 -0.17080764
v 0.35078534 -0.35279664 -0.17120560
v 0.34454215 -0.35288671 -0.17298439
v 0.34903845 -0.35307306 -0.17789967
v 0.34533486 -0.35305154 -0.17805392
v 0.35185084 -0.35318851 -0.18177870
v 0.35784334 -0.35313576 -0.17798895
v 0.35779828 -0.35326090 -0.18172933
v 0.33835268 -0.35292003 -0.17753953
v 0.33799812 -0.35281274 -0.17256033
v 0.33206427 -0.35280657 -0.17390674
v 0.32687145 -0.35281858 -0.17475897
v 0.33021259 -0.35287762 -0.17894408
v 0.33394790 -0.35289428 -0.17948735
v 0.33008057 -0.35291088 -0.18610539
v 0.33390218 -0.35289627 -0.18604626
v 0.33004084 -0.35295066 -0.19024400
v 0.33387122 -0.35292491 -0.19017455
v 0.33383983 -0.35300916 -0.19423942
v 0.33002359 -0.35303795 -0.19430709
v 0.33810428 -0.35294369 -0.18148015
v 0.33789283 -0.35294124 -0.18655242
v 0.34538037 -0.35309839 -0.18184005
v 0.34546724 -0.35311878 -0.18578999
v 0.34437302 -0.35314426 -0.18929788
v 0.35238600 -0.35335425 -0.18925890
v 0.34730405 -0.35335043 -0.19378674
v 0.35254151 -0.35352537 -0.19461848
v 0.34299996 -0.35337651 -0.19764242
v 0.33793977 -0.35306069 -0.19420154
v 0.33766499 -0.35322925 -0.19811474
v 0.35729164 -0.35353154 -0.19071603
v 0.35776865 -0.35365939 -0.19389613
v 0.35782331 -0.35338762 -0.18697587
v 0.36182857 -0.35338449 -0.18579057
v 0.33772889 -0.35296983 -0.19005747
v 0.35247105 -0.35325283 -0.18552239
v 0.36226910 -0.35325485 -0.18135978
v 0.36232507 -0.35312593 -0.17807774
v 0.32641450 -0.35295516 -0.18194923
v 0.35370591 -0.35292888 -0.17452794
v 0.35997409 -0.35290858 -0.17441110
v 0.35857785 -0.35386479 -0.19800028
v 0.35847867 -0.35413411 -0.20206754
v 0.34633499 -0.35403869 -0.20462100
v 0.36003798 -0.35474271 -0.20924610
v 0.35180300 -0.35455781 -0.20926183
v 0.34874997 -0.35466906 -0.21107745
v 0.34975189 -0.35546628 -0.21911566
v 0.35412058 -0.35560656 -0.21981935
v 0.35412398 -0.35597101 -0.22332264
v 0.35811305 -0.35599163 -0.22324951
v 0.35625669 -0.35636076 -0.22718589
v 0.36196026 -0.35634229 -0.22712806
v 0.36466619 -0.35591474 -0.22192074
v 0.36742330 -0.35634306 -0.22734495
v 0.37085688 -0.35663691 -0.23170954
v 0.37712342 -0.35675788 -0.23169789
v 0.36520281 -0.35660031 -0.23157549
v 0.35805696 -0.35664773 -0.23147188
v 0.35417145 -0.35668594 -0.23148271
v 0.35009950 -0.35669035 -0.23160966
v 0.35031107 -0.35632175 -0.22705388
v 0.34566197 -0.35546109 -0.22000828
v 0.34570503 -0.35583058 -0.22361784
v 0.34583032 -0.35621157 -0.22744907
v 0.34076029 -0.35529572 -0.22000927
v 0.34540418 -0.35508883 -0.21598905
v 0.33946088 -0.35493422 -0.21607551
v 0.33477280 -0.35448182 -0.21246453
v 0.33848667 -0.35416445 -0.20807937
v 0.34155306 -0.35362494 -0.20160393
v 0.34679383 -0.35374406 -0.20092769
v 0.34545323 -0.35353991 -0.19879454
v 0.34973347 -0.35358924 -0.19760478
v 0.33844000 -0.35341880 -0.20064121
v 0.33376995 -0.35402250 -0.20756297
v 0.33388105 -0.35339415 -0.20131569
v 0.33030370 -0.35400414 -0.20768018
v 0.33041769 -0.35340890 -0.20155813
v 0.33031791 -0.35461763 -0.21480076
v 0.33385456 -0.35476413 -0.21628708
v 0.33383068 -0.35502276 -0.22012165
v 0.33026022 -0.35501787 -0.22042970
v 0.33393949 -0.35548970 -0.22581711
v 0.33055443 -0.35571420 -0.22835495
v 0.33423266 -0.35604715 -0.23250782
v 0.33838278 -0.35573372 -0.22639897
v 0.33792058 -0.35616282 -0.23236784
v 0.34163553 -0.35602567 -0.22781114
v 0.34178087 -0.35635602 -0.23211233
v 0.34588501 -0.35656822 -0.23183614
v 0.34148774 -0.35567370 -0.22381447
v 0.44846228 -0.35661536 -0.20299858
v 0.45241174 -0.35676059 -0.20245701
v 0.45628467 -0.35676348 -0.19880061
v 0.45528406 -0.35666335 -0.19519694
v 0.46052259 -0.35687694 -0.19839129
v 0.46056747 -0.35676467 -0.19473855
v 0.44730413 -0.35643238 -0.19515021
v 0.42752707 -0.35550311 -0.19011152
v 0.42200121 -0.35511291 -0.18548828
v 0.42805433 -0.35541272 -0.18560141
v 0.43188971 -0.35564813 -0.18559535
v 0.43186313 -0.35572821 -0.19015221
v 0.43779960 -0.35601702 -0.19021179
v 0.44392043 -0.35627979 -0.19042899
v 0.44853687 -0.35645318 -0.18599541
v 0.45342880 -0.35659918 -0.19063464
v 0.46065974 -0.35669729 -0.19068886
v 0.45257819 -0.35658029 -0.18573131
v 0.44838575 -0.35639864 -0.18104656
v 0.45263579 -0.35652620 -0.18106785
v 0.45671394 -0.35659462 -0.18122815
v 0.45666233 -0.35664412 -0.18591164
v 0.46071845 -0.35666358 -0.18603860
v 0.46070471 -0.35656142 -0.17878990
v 0.45670342 -0.35651094 -0.17746201
v 0.46064258 -0.35644585 -0.17432019
v 0.45265490 -0.35642296 -0.17738681
v 0.44574574 -0.35619986 -0.17742389
v 0.44386619 -0.35622635 -0.18116842
v 0.43575802 -0.35573027 -0.17744279
v 0.43509108 -0.35579920 -0.18110512
v 0.42707503 -0.35518473 -0.17724882
v 0.42808902 -0.35535461 -0.18114017
v 0.42408931 -0.35514790 -0.18114266
v 0.41796619 -0.35489121 -0.18108669
v 0.41871050 -0.35483241 -0.17718011
v 0.41462129 -0.35483956 -0.18551011
v 0.41052729 -0.35461551 -0.17742488
v 0.40741298 -0.35460415 -0.18579035
v 0.40714830 -0.35450557 -0.17738019
v 0.40337831 -0.35433292 -0.17736094
v 0.40347916 -0.35444018 -0.18588878
v 0.44402504 -0.35627553 -0.18565722
v 0.43742973 -0.35596049 -0.18569638
v 0.39987636 -0.35426176 -0.18587530
v 0.39154899 -0.35360432 -0.17790343
v 0.39597845 -0.35386670 -0.17771068
v 0.39968619 -0.35416666 -0.18164371
v 0.39970893 -0.35411900 -0.17760128
v 0.42444173 -0.35466343 -0.17045234
v 0.42816108 -0.35504392 -0.17398860
v 0.42840874 -0.35485202 -0.17018254
v 0.43574551 -0.35532382 -0.17056093
v 0.43593648 -0.35552022 -0.17412177
v 0.44353643 -0.35589895 -0.17432809
v 0.45055225 -0.35615993 -0.17428696
v 0.45664537 -0.35636330 -0.17429705
v 0.45656499 -0.35617900 -0.17084917
v 0.46057549 -0.35632521 -0.17076233
v 0.45156556 -0.35597619 -0.17077827
v 0.44466791 -0.35574099 -0.17078599
v 0.43979409 -0.35553703 -0.17080542
v 0.41990873 -0.35427681 -0.16634910
v 0.42429319 -0.35428295 -0.15914080
v 0.42718539 -0.35465881 -0.16659883
v 0.42831355 -0.35452464 -0.15920317
v 0.43213153 -0.35478085 -0.15924792
v 0.46055090 -0.35621181 -0.16631423
v 0.46031857 -0.35591272 -0.15616003
v 0.46023166 -0.35572648 -0.14484970
v 0.46008703 -0.35564098 -0.13883217
v 0.46004340 -0.35559952 -0.13488099
v 0.46013999 -0.35556489 -0.12745801
v 0.46024057 -0.35555086 -0.12250908
v 0.46023086 -0.35551640 -0.11260478
v 0.46020752 -0.35550740 -0.10483650
v 0.46016392 -0.35554239 -0.09826657
v 0.46019560 -0.35567868 -0.08556449
v 0.46018165 -0.35567480 -0.07981095
v 0.45554385 -0.35532111 -0.07949010
v 0.45549533 -0.35525924 -0.07036313
v 0.46017861 -0.35562703 -0.07286011
v 0.46014214 -0.35557190 -0.06829461
v 0.45565969 -0.35520467 -0.06633340
v 0.45591030 -0.35503468 -0.05765231
v 0.46037409 -0.35542977 -0.05981274
v 0.46055287 -0.35531464 -0.05219600
v 0.45617482 -0.35494858 -0.05246950
v 0.45629010 -0.35492492 -0.04861611
v 0.45194265 -0.35468212 -0.04877612
v 0.45639446 -0.35494772 -0.04471185
v 0.45180285 -0.35482126 -0.03140981
v 0.45615742 -0.35506627 -0.03387528
v 0.45616642 -0.35511440 -0.02875655
v 0.45177087 -0.35483754 -0.02589121
v 0.45610964 -0.35511091 -0.02223114
v 0.45187420 -0.35481423 -0.02060005
v 0.45607239 -0.35509777 -0.01661253
v 0.45149717 -0.35475269 -0.01229449
v 0.45594311 -0.35510865 -0.01070973
v 0.44753367 -0.35464939 -0.02423303
v 0.44733742 -0.35454887 -0.01306331
v 0.44761527 -0.35448131 -0.00387107
v 0.45166525 -0.35470024 -0.00678864
v 0.45173800 -0.35462829 -0.00302066
v 0.45186719 -0.35451961 0.00076172
v 0.44323954 -0.35444644 -0.01542574
v 0.44343239 -0.35441989 -0.00777598
v 0.43960690 -0.35419950 -0.05285145
v 0.44342539 -0.35437614 -0.05673651
v 0.43851835 -0.35419235 -0.05991108
v 0.43613297 -0.35397890 -0.07232212
v 0.44600070 -0.35463291 -0.13079047
v 0.44779447 -0.35484073 -0.13636822
v 0.44781426 -0.35505280 -0.14330238
v 0.44871321 -0.35533661 -0.15185691
v 0.44392857 -0.35499159 -0.14839479
v 0.44443977 -0.35471639 -0.13940626
v 0.44063643 -0.35469687 -0.14636140
v 0.44031739 -0.35487047 -0.15118916
v 0.44425029 -0.35524556 -0.15534101
v 0.43626735 -0.35461649 -0.15111154
v 0.43221119 -0.35459825 -0.15512954
v 0.42786354 -0.35428175 -0.15496041
v 0.42880386 -0.35406053 -0.15020514
v 0.43227714 -0.35423708 -0.14858465
v 0.43252462 -0.35396633 -0.14269431
v 0.43643382 -0.35426861 -0.14340428
v 0.43275452 -0.35380775 -0.13819554
v 0.44371483 -0.35452637 -0.13485900
v 0.43242836 -0.35366750 -0.13441974
v 0.42016244 -0.35374099 -0.15280890
v 0.42526492 -0.35368332 -0.14695288
v 0.42210844 -0.35353106 -0.14685801
v 0.43312672 -0.35374042 -0.11836528
v 0.42408663 -0.35302627 -0.11779072
v 0.42463690 -0.35300151 -0.10795494
v 0.42041045 -0.35278392 -0.11465222
v 0.42083833 -0.35286802 -0.12332989
v 0.42061055 -0.35278225 -0.10520077
v 0.42072228 -0.35271418 -0.09689138
v 0.42062166 -0.35270217 -0.09203050
v 0.41656518 -0.35263205 -0.10510298
v 0.41659790 -0.35263690 -0.11516271
v 0.41662744 -0.35269570 -0.12328679
v 0.42472285 -0.35306340 -0.12752463
v 0.41657454 -0.35257745 -0.09746331
v 0.41251487 -0.35261267 -0.12222555
v 0.41250032 -0.35258612 -0.12726966
v 0.41644129 -0.35263336 -0.08797842
v 0.42049563 -0.35286838 -0.08352322
v 0.42056257 -0.35275638 -0.08787855
v 0.42790261 -0.35416618 -0.03203620
v 0.42737272 -0.35430607 -0.02475329
v 0.43166330 -0.35412246 -0.03754126
v 0.44383004 -0.35442883 0.00533108
v 0.44357553 -0.35442358 0.00115353
v 0.44786933 -0.35441214 0.00097695
v 0.44443578 -0.35446447 0.01287335
v 0.44467106 -0.35451099 0.01707471
v 0.44491386 -0.35460317 0.02484604
v 0.44504526 -0.35468087 0.03214049
v 0.44504070 -0.35472760 0.03652729
v 0.44505066 -0.35477141 0.04051939
v 0.44506252 -0.35485011 0.04474239
v 0.44508129 -0.35495850 0.04914148
v 0.44509768 -0.35506091 0.05338733
v 0.44094771 -0.35532910 0.05725025
v 0.44511321 -0.35519648 0.05739526
v 0.44099152 -0.35554376 0.06117031
v 0.44513744 -0.35537776 0.06141374
v 0.44107330 -0.35577950 0.06510280
v 0.44516787 -0.35558826 0.06540340
v 0.44114706 -0.35596991 0.06889396
v 0.44519168 -0.35578427 0.06917887
v 0.44118932 -0.35608912 0.07272093
v 0.44120806 -0.35614517 0.07678843
v 0.44120818 -0.35616869 0.08095275
v 0.44119668 -0.35616055 0.08492549
v 0.43672425 -0.35620746 0.08839535
v 0.43670255 -0.35614702 0.09146738
v 0.40315062 -0.35572776 0.05265087
v 0.40836000 -0.35614204 0.06802639
v 0.42733312 -0.35635862 0.09165239
v 0.43174776 -0.35625246 0.09208197
v 0.43665862 -0.35604087 0.09827471
v 0.43668684 -0.35608408 0.09458987
v 0.43128011 -0.35624817 0.10429207
v 0.43647808 -0.35607052 0.10311899
v 0.43646163 -0.35621157 0.11062834
v 0.43628946 -0.35624474 0.11555535
v 0.44090706 -0.35610932 0.11503587
v 0.44089249 -0.35612687 0.11897733
v 0.43649673 -0.35618052 0.12334549
v 0.44091454 -0.35609567 0.12317304
v 0.44095105 -0.35604176 0.12741116
v 0.43652567 -0.35616136 0.12786496
v 0.43650672 -0.35620248 0.13201651
v 0.44095093 -0.35604778 0.13152635
v 0.44097459 -0.35611436 0.13607745
v 0.44113299 -0.35631350 0.14328118
v 0.43665785 -0.35647711 0.14401111
v 0.44119322 -0.35637963 0.14656091
v 0.44121534 -0.35643959 0.14971817
v 0.43685469 -0.35655355 0.14963731
v 0.43682179 -0.35655540 0.15297984
v 0.44121486 -0.35647687 0.15307735
v 0.44119528 -0.35648561 0.15672256
v 0.44525898 -0.35638911 0.15683331
v 0.44525355 -0.35634187 0.15319660
v 0.44527146 -0.35640320 0.16130911
v 0.44096157 -0.35643205 0.17113642
v 0.44522205 -0.35627764 0.17307937
v 0.44521210 -0.35623369 0.17900699
v 0.44110754 -0.35640302 0.17915186
v 0.43385783 -0.35660604 0.17946437
v 0.43216440 -0.35669166 0.18328296
v 0.44061184 -0.35648975 0.18308717
v 0.44518051 -0.35626891 0.18286403
v 0.43580756 -0.35675213 0.18706757
v 0.43692249 -0.35683206 0.19070835
v 0.43257749 -0.35699344 0.19421235
v 0.43709791 -0.35698402 0.19467115
v 0.44113445 -0.35692278 0.19501701
v 0.44093066 -0.35671082 0.18971835
v 0.42365322 -0.35697424 0.19338597
v 0.41896182 -0.35699174 0.19303563
v 0.41521353 -0.35697713 0.19296549
v 0.41221437 -0.35693088 0.19315200
v 0.40923199 -0.35689008 0.19346873
v 0.40565160 -0.35686034 0.19380292
v 0.40176123 -0.35686678 0.19404946
v 0.39521557 -0.35694247 0.19423789
v 0.38190523 -0.35699132 0.19455335
v 0.37629467 -0.35700113 0.19452001
v 0.37154341 -0.35700625 0.19449237
v 0.36298057 -0.35696727 0.19388717
v 0.35869002 -0.35695201 0.19386847
v 0.35253724 -0.35695186 0.19376013
v 0.39851558 -0.35637560 0.11927773
v 0.39512232 -0.35313129 -0.07191816
v 0.37713143 -0.35384992 -0.04146173
v 0.37668732 -0.35355008 -0.04935189
v 0.37935853 -0.35348609 -0.05455706
v 0.37881166 -0.35448724 -0.00999320
v 0.37138227 -0.35488924 0.02856831
v 0.37916216 -0.35568649 0.06318790
v 0.38046244 -0.35597110 0.07189125
v 0.35439599 -0.35640252 0.12667879
v 0.44506156 -0.35705543 -0.22439130
v 0.33021927 -0.35679314 0.19285288
v 0.32743016 -0.35666758 0.19314277
v 0.32735258 -0.35674754 0.19874068
v 0.25782949 -0.35085636 -0.17104228
v 0.29509151 -0.35365239 -0.18642017
v 0.29509413 -0.35394517 -0.19045731
v 0.28943020 -0.35348743 -0.18934536
v 0.28819916 -0.35347304 -0.19109192
v 0.26606905 -0.35436440 0.09079631
v 0.26609606 -0.35417461 0.08232263
v 0.26601785 -0.35442120 0.09502923
v 0.32277364 -0.35296723 -0.17776367
v 0.31917250 -0.35304251 -0.17782210
v 0.31495082 -0.35335028 -0.18280281
v 0.32676113 -0.35301954 -0.18932977
v 0.32635185 -0.35313070 -0.19433369
v 0.32097182 -0.35312676 -0.18217708
v 0.32273075 -0.35320452 -0.19029294
v 0.32271627 -0.35313830 -0.18616889
v 0.31878674 -0.35335392 -0.18745808
v 0.32091287 -0.35343406 -0.19632941
v 0.33382255 -0.35317895 -0.19821258
v 0.44507152 -0.35650036 0.19056663
v 0.44508076 -0.35671604 0.19515915
v 0.46060741 -0.35530198 -0.04840854
v 0.33004153 -0.35319668 -0.19827098
v 0.44520581 -0.35592446 0.07300173
v 0.44521371 -0.35599545 0.07697497
v 0.44521514 -0.35599166 0.08101367
v 0.32639378 -0.35328138 -0.19829607
v 0.32308266 -0.35340843 -0.19805376
v 0.32626840 -0.35344136 -0.20101388
v 0.32686755 -0.35506880 -0.21997024
v 0.32684776 -0.35477656 -0.21609007
v 0.32684621 -0.35440668 -0.21168323
v 0.32662946 -0.35386175 -0.20566432
v 0.41516531 -0.35694849 0.19825895
v 0.41890001 -0.35697898 0.19824122
v 0.42794228 -0.35690945 0.19868091
v 0.33011365 -0.35675874 0.19859816
v 0.33313850 -0.35689211 0.19852927
v 0.33664265 -0.35693568 0.19866103
v 0.36927652 -0.35696813 0.19919287
v 0.36282456 -0.35687923 0.19918653
v 0.36630085 -0.35694203 0.19918692
v 0.34058055 -0.35689655 0.19890986
v 0.34519747 -0.35684788 0.19910038
v 0.35002449 -0.35681888 0.19917233
v 0.35470596 -0.35678369 0.19918942
v 0.35898274 -0.35680559 0.19919004
v 0.36928719 -0.35698810 0.20235398
v 0.36492091 -0.35698920 0.20237797
v 0.35893458 -0.35683838 0.20234051
v 0.35468006 -0.35677844 0.20231543
v 0.46513808 -0.35561404 -0.11369951
v 0.46445051 -0.35561329 -0.10484117
v 0.46732384 -0.35570210 -0.10487080
v 0.46733281 -0.35568082 -0.11220056
v 0.46463484 -0.35568413 -0.09938427
v 0.46728614 -0.35580596 -0.09941632
v 0.46463567 -0.35578260 -0.09205631
v 0.46461624 -0.35583463 -0.08838448
v 0.46460423 -0.35588056 -0.08458196
v 0.46458012 -0.35587999 -0.07992063
v 0.46460214 -0.35579768 -0.07106251
v 0.46470419 -0.35564390 -0.06350447
v 0.46476811 -0.35552847 -0.05593190
v 0.46477640 -0.35546374 -0.05187519
v 0.46463412 -0.35577857 -0.13866049
v 0.46718732 -0.35585389 -0.14366554
v 0.46722636 -0.35590282 -0.13584320
v 0.46456340 -0.35576266 -0.13021444
v 0.46727839 -0.35589948 -0.12904723
v 0.46458018 -0.35567099 -0.12152584
v 0.46732703 -0.35580733 -0.11960575
v 0.46477419 -0.35545698 -0.04813107
v 0.46467149 -0.35580242 -0.14663483
v 0.46725461 -0.35584196 -0.15119927
v 0.46731362 -0.35587525 -0.15437567
v 0.44916031 -0.35687950 -0.22105673
v 0.41220403 -0.35684237 0.19838685
v 0.41525701 -0.35688385 0.20203079
v 0.41900605 -0.35691303 0.20205836
v 0.37249252 -0.35692662 0.19910839
v 0.37241501 -0.35684234 0.20232567
v 0.26597515 -0.35443929 0.09878410
v 0.26587999 -0.35449991 0.10653140
v 0.26580802 -0.35458279 0.11219398
v 0.26576877 -0.35475254 0.11825823
v 0.26576352 -0.35486206 0.12216866
v 0.26593271 -0.35446337 0.10262161
v 0.26586503 -0.35502437 0.14561115
v 0.26588631 -0.35500458 0.15025997
v 0.26581201 -0.35484505 0.16144851
v 0.26575923 -0.35493505 0.12758262
v 0.26582178 -0.35495198 0.13418674
v 0.26584193 -0.35496336 0.13831992
v 0.44824645 -0.35434484 0.00489471
v 0.45203003 -0.35439888 0.00469552
v 0.44862688 -0.35428509 0.00891714
v 0.45216569 -0.35431233 0.00881571
v 0.44891179 -0.35422173 0.01291927
v 0.45224074 -0.35434672 0.01287892
v 0.35003448 -0.35687026 0.20228717
v 0.32023013 -0.35616580 0.18044791
v 0.31638336 -0.35614127 0.18039054
v 0.33307749 -0.35702690 0.20180094
v 0.33662558 -0.35705048 0.20187844
v 0.45186287 -0.35694778 -0.20921157
v 0.45209432 -0.35688952 -0.20576918
v 0.44917929 -0.35694739 -0.22446935
v 0.32992521 -0.35694367 0.20175505
v 0.34062472 -0.35702133 0.20201431
v 0.34546983 -0.35703814 0.20241451
v 0.46476233 -0.35550544 -0.04473589
v 0.46055126 -0.35556179 -0.02586977
v 0.46051541 -0.35558510 -0.01843742
v 0.46475387 -0.35580951 -0.02185923
v 0.46473530 -0.35573944 -0.03056296
v 0.46060002 -0.35553193 -0.03089096
v 0.46472132 -0.35562247 -0.03746643
v 0.46055320 -0.35533866 -0.04376062
v 0.46050233 -0.35562450 -0.01451716
v 0.46045655 -0.35565522 -0.01066864
v 0.45587164 -0.35508114 -0.00681882
v 0.46039307 -0.35565564 -0.00681118
v 0.46028188 -0.35568252 -0.00325201
v 0.45576182 -0.35505235 -0.00315522
v 0.45559728 -0.35504565 0.00052257
v 0.46488807 -0.35609019 -0.16239029
v 0.46471214 -0.35617396 -0.16649593
v 0.46471387 -0.35621861 -0.17050488
v 0.46743122 -0.35611933 -0.16614556
v 0.46745139 -0.35610223 -0.16186179
v 0.46735179 -0.35609299 -0.17053951
v 0.46472314 -0.35625049 -0.17420459
v 0.45197138 -0.35674059 -0.21690987
v 0.26316363 -0.35350558 0.06803907
v 0.46474496 -0.35687613 -0.19760640
v 0.46725664 -0.35591456 -0.09560243
v 0.44919291 -0.35698658 -0.22849746
v 0.42333040 -0.35681441 0.20212071
v 0.43277505 -0.35683748 0.19888166
v 0.40929362 -0.35674062 0.19856161
v 0.40575847 -0.35666689 0.19871996
v 0.38061208 -0.35679838 0.19918860
v 0.38535714 -0.35675025 0.19917138
v 0.39380109 -0.35670155 0.19906534
v 0.40151593 -0.35663465 0.19893698
v 0.45220008 -0.35453203 0.01692805
v 0.46476251 -0.35657954 -0.19031420
v 0.46476874 -0.35645899 -0.18586831
v 0.46715382 -0.35650498 -0.18981202
v 0.46474460 -0.35670707 -0.19413358
v 0.44117483 -0.35608345 0.08850873
v 0.44524410 -0.35623637 0.14981043
v 0.28673357 -0.35580137 0.16885160
v 0.26180765 -0.35231122 -0.05340336
v 0.26178345 -0.35234791 -0.04769907
v 0.26177913 -0.35242441 -0.03945842
v 0.26176852 -0.35256216 -0.03167253
v 0.26176074 -0.35262188 -0.02597930
v 0.26176473 -0.35266489 -0.01889673
v 0.26177263 -0.35267007 -0.01186024
v 0.26173955 -0.35221955 0.03231263
v 0.26174566 -0.35235044 0.03856364
v 0.26176867 -0.35247132 0.04549775
v 0.26174793 -0.35266045 0.05224432
v 0.26175177 -0.35280591 0.05618068
v 0.26175785 -0.35295829 0.06013396
v 0.26175132 -0.35258523 -0.00653000
v 0.26175126 -0.35248742 -0.00260843
v 0.26174968 -0.35236970 0.00133714
v 0.26174721 -0.35225961 0.00524118
v 0.26174450 -0.35216388 0.00917288
v 0.26174194 -0.35207525 0.01304993
v 0.26174060 -0.35201204 0.01690672
v 0.26173997 -0.35200399 0.02073371
v 0.26173916 -0.35205054 0.02441343
v 0.44093961 -0.35603854 0.11104511
v 0.44100100 -0.35591358 0.10699501
v 0.44105151 -0.35581198 0.10275211
v 0.44107631 -0.35578701 0.09850244
v 0.44110942 -0.35584146 0.09478290
v 0.46476203 -0.35587713 -0.01798588
v 0.40956914 -0.35659647 0.20199089
v 0.40338707 -0.35644150 0.20201419
v 0.32717809 -0.35697636 0.20150660
v 0.32023293 -0.35596687 0.18438527
v 0.32404414 -0.35620257 0.18412401
v 0.32372043 -0.35347229 -0.20009777
v 0.26993549 -0.35495278 0.16539730
v 0.26579496 -0.35473517 0.16562313
v 0.27411070 -0.35526606 0.16516674
v 0.44114542 -0.35595718 0.09162537
v 0.25783351 -0.35103545 -0.18611415
v 0.26606801 -0.35169280 -0.20512889
v 0.26602796 -0.35169619 -0.19082391
v 0.27018583 -0.35204223 -0.19802664
v 0.27021989 -0.35207328 -0.20194791
v 0.27441677 -0.35246268 -0.20188682
v 0.27027515 -0.35213384 -0.20582043
v 0.26600137 -0.35168719 -0.20978574
v 0.26182958 -0.35122663 -0.21317387
v 0.26602334 -0.35171822 -0.21358369
v 0.26188254 -0.35128903 -0.21758133
v 0.27033773 -0.35220778 -0.20963594
v 0.26186392 -0.35126930 -0.20606814
v 0.26184306 -0.35128453 -0.20211600
v 0.26167417 -0.35126063 -0.19415911
v 0.26174936 -0.35132992 -0.18609408
v 0.25784868 -0.35096288 -0.18996006
v 0.25787145 -0.35093158 -0.19402152
v 0.27815738 -0.35271502 -0.19806138
v 0.27604994 -0.35251284 -0.19474111
v 0.28271887 -0.35304728 -0.19416639
v 0.28509730 -0.35336596 -0.19714244
v 0.27864054 -0.35290667 -0.20186566
v 0.27450284 -0.35260478 -0.20572537
v 0.27459103 -0.35279080 -0.20950483
v 0.25779369 -0.35110345 -0.20647210
v 0.25791979 -0.35107908 -0.20215717
v 0.25794637 -0.35104376 -0.21387398
v 0.25794604 -0.35104394 -0.21775466
v 0.25789580 -0.35098782 -0.19810864
v 0.25793174 -0.35112324 -0.22175336
v 0.46474546 -0.35627055 -0.17771474
v 0.46476337 -0.35633340 -0.18152450
v 0.44521439 -0.35592183 0.08493163
v 0.28255400 -0.35557532 0.16894181
v 0.27822652 -0.35531434 0.16915333
v 0.26289192 -0.35358280 0.07206271
v 0.26250687 -0.35368955 0.07914754
v 0.26212916 -0.35378003 0.08544169
v 0.42808014 -0.35737896 -0.23381056
v 0.43217367 -0.35741991 -0.23355131
v 0.43664297 -0.35747457 -0.23341778
v 0.42038175 -0.35736257 -0.23403588
v 0.42431465 -0.35737544 -0.23392673
v 0.44093984 -0.35748017 -0.23360582
v 0.29930431 -0.35435730 -0.19439457
v 0.30356762 -0.35444346 -0.19439040
v 0.30364606 -0.35476157 -0.20151468
v 0.29924929 -0.35467595 -0.20161600
v 0.30769777 -0.35438499 -0.19437136
v 0.30367121 -0.35502705 -0.20593216
v 0.30774328 -0.35472533 -0.20159480
v 0.30782437 -0.35498610 -0.20594099
v 0.29939890 -0.35495102 -0.20590378
v 0.29509163 -0.35432085 -0.19823058
v 0.29513955 -0.35452381 -0.20207502
v 0.29508835 -0.35415652 -0.19436450
v 0.29518393 -0.35479105 -0.20586313
v 0.46712527 -0.35683054 -0.19333369
v 0.28665239 -0.35556528 0.17329809
v 0.31245387 -0.35605678 0.18037266
v 0.31639358 -0.35586017 0.18465619
v 0.30841377 -0.35595056 0.18047720
v 0.44907650 -0.35418838 0.01690131
v 0.44919589 -0.35424677 0.02889317
v 0.44918066 -0.35423383 0.02497287
v 0.44915038 -0.35420105 0.02091606
v 0.44909039 -0.35701835 -0.23271912
v 0.44510803 -0.35585904 0.12319632
v 0.44510290 -0.35587624 0.11914569
v 0.44511145 -0.35575032 0.13112268
v 0.44511819 -0.35577875 0.12716062
v 0.44511852 -0.35578346 0.13529566
v 0.25391975 -0.35067487 -0.21779348
v 0.25391906 -0.35075369 -0.21009736
v 0.25391990 -0.35076693 -0.20617247
v 0.25391999 -0.35070729 -0.20212427
v 0.46476650 -0.35597911 -0.01423788
v 0.41508180 -0.35732311 -0.23422654
v 0.40895936 -0.35729524 -0.23424597
v 0.38200518 -0.35716447 -0.23393969
v 0.39649335 -0.35725108 -0.23412906
v 0.39780056 -0.35641563 0.20205875
v 0.45198691 -0.35648286 -0.22107960
v 0.42796811 -0.35667911 0.20218064
v 0.26186788 -0.35142165 -0.22159165
v 0.26184574 -0.35158196 -0.22541015
v 0.44520026 -0.35602367 0.14324123
v 0.44515669 -0.35588473 0.13940312
v 0.32023737 -0.35569447 0.18929170
v 0.29091939 -0.35385194 -0.19430436
v 0.29093301 -0.35401925 -0.19816513
v 0.29097828 -0.35425386 -0.20200486
v 0.29100537 -0.35455510 -0.20581405
v 0.29517072 -0.35510349 -0.20928842
v 0.29097545 -0.35488382 -0.20934013
v 0.28674656 -0.35361406 -0.19827104
v 0.28691545 -0.35388780 -0.20193553
v 0.46722779 -0.35601959 -0.09190895
v 0.46689573 -0.35698381 -0.19710374
v 0.28241763 -0.35528222 0.17348501
v 0.37627238 -0.35660762 0.20229515
v 0.25791341 -0.35145840 -0.08108600
v 0.32403168 -0.35614493 0.18843806
v 0.46476167 -0.35605815 -0.01046800
v 0.46474433 -0.35610184 -0.00667252
v 0.32400846 -0.35635531 0.19364460
v 0.32024476 -0.35590881 0.19413193
v 0.44511226 -0.35581404 0.11526714
v 0.44512674 -0.35571122 0.11141328
v 0.44516706 -0.35547662 0.10308073
v 0.44514972 -0.35557497 0.10743152
v 0.44521016 -0.35579160 0.08851851
v 0.26980135 -0.35465589 0.16974196
v 0.26573539 -0.35445240 0.16998786
v 0.27397171 -0.35500017 0.16943824
v 0.43725961 -0.35669655 0.19905093
v 0.44125515 -0.35652581 0.19915821
v 0.44119260 -0.35629478 0.20231174
v 0.44508463 -0.35609630 0.20235838
v 0.43719131 -0.35637632 0.20227154
v 0.43273401 -0.35650742 0.20222436
v 0.29061309 -0.35551581 0.17730868
v 0.31159899 -0.35397556 -0.19060002
v 0.31170261 -0.35455143 -0.20217194
v 0.31179190 -0.35478958 -0.20593895
v 0.31189856 -0.35433996 -0.19847500
v 0.25392422 -0.35080129 -0.22548437
v 0.25392050 -0.35073158 -0.22180799
v 0.25790834 -0.35122523 -0.22549050
v 0.25789607 -0.35122409 -0.22958073
v 0.25393185 -0.35080695 -0.22956243
v 0.46724528 -0.35601833 -0.17765449
v 0.31696087 -0.35346034 -0.18749182
v 0.31716156 -0.35365418 -0.19338705
v 0.31540644 -0.35368174 -0.19036061
v 0.31948614 -0.35365760 -0.19807099
v 0.31876159 -0.35397926 -0.20216796
v 0.25391924 -0.35057789 -0.19803633
v 0.25391814 -0.35048264 -0.19394636
v 0.25391677 -0.35051915 -0.18610214
v 0.25391698 -0.35047734 -0.18990491
v 0.25148660 -0.35058334 -0.18984811
v 0.25153977 -0.35064545 -0.18279561
v 0.25391784 -0.35053119 -0.18222275
v 0.25145724 -0.35061812 -0.19385774
v 0.25391939 -0.35047460 -0.17822139
v 0.25156915 -0.35055509 -0.17651421
v 0.25393412 -0.35029811 -0.17115353
v 0.25393820 -0.35019204 -0.16427885
v 0.25392431 -0.35020015 -0.15746656
v 0.25392479 -0.35028291 -0.15052579
v 0.25392115 -0.35043213 -0.14164673
v 0.25392938 -0.35052457 -0.13334098
v 0.25395158 -0.35058817 -0.12552771
v 0.25392640 -0.35061085 -0.11724339
v 0.25391573 -0.35065812 -0.11084913
v 0.25392255 -0.35078350 -0.10282651
v 0.25163668 -0.35072976 -0.10676460
v 0.25163195 -0.35066155 -0.11290237
v 0.25164446 -0.35092652 -0.09879093
v 0.25396854 -0.35099831 -0.09370258
v 0.25167578 -0.35109684 -0.09064068
v 0.25393277 -0.35105345 -0.08886566
v 0.25393704 -0.35101983 -0.08500315
v 0.25171220 -0.35104445 -0.08439358
v 0.25160992 -0.35070419 -0.12470778
v 0.25158113 -0.35060081 -0.13451144
v 0.25158370 -0.35045847 -0.14508395
v 0.25161403 -0.35034645 -0.15491454
v 0.25162503 -0.35035592 -0.16261096
v 0.25161090 -0.35041487 -0.16828056
v 0.25394449 -0.35089111 -0.08112653
v 0.25183612 -0.35071191 -0.07623028
v 0.25397211 -0.35053581 -0.07062709
v 0.25395587 -0.35073477 -0.07724468
v 0.25790954 -0.35135534 -0.07721733
v 0.25197408 -0.35056788 -0.06939642
v 0.25401735 -0.35044909 -0.06536800
v 0.25206277 -0.35054967 -0.06543627
v 0.25404486 -0.35037941 -0.06135719
v 0.26184094 -0.35162312 -0.22950527
v 0.27808863 -0.35495567 0.17382622
v 0.32403621 -0.35682216 0.19871071
v 0.32061508 -0.35687423 0.19848096
v 0.44517419 -0.35544133 0.09872928
v 0.30370250 -0.35531482 -0.20925553
v 0.29937628 -0.35549140 -0.21239810
v 0.29940945 -0.35524946 -0.20925517
v 0.30356646 -0.35554889 -0.21230707
v 0.29518139 -0.35536796 -0.21265340
v 0.29090071 -0.35514089 -0.21259610
v 0.29927343 -0.35575989 -0.21961538
v 0.30360651 -0.35582128 -0.21967027
v 0.29497311 -0.35563508 -0.21964060
v 0.30788082 -0.35579702 -0.21971294
v 0.30799234 -0.35548916 -0.21210730
v 0.29066443 -0.35543680 -0.21977858
v 0.29079023 -0.35529524 -0.21599805
v 0.31195861 -0.35549608 -0.21572821
v 0.31201431 -0.35570383 -0.22017799
v 0.28662306 -0.35502222 -0.21620476
v 0.28677943 -0.35484731 -0.21275827
v 0.28646243 -0.35516584 -0.21998012
v 0.30354318 -0.35609582 -0.22375789
v 0.29921606 -0.35602912 -0.22363746
v 0.30356431 -0.35643452 -0.22828916
v 0.29922318 -0.35637417 -0.22817098
v 0.29489598 -0.35589424 -0.22359160
v 0.29485694 -0.35623902 -0.22811018
v 0.30779815 -0.35608199 -0.22385655
v 0.30780354 -0.35641950 -0.22838676
v 0.31166959 -0.35633057 -0.22841416
v 0.31190914 -0.35531700 -0.21218555
v 0.31586602 -0.35530183 -0.21576922
v 0.31831944 -0.35542893 -0.22007681
v 0.29038808 -0.35601845 -0.22817385
v 0.29053682 -0.35567772 -0.22366299
v 0.29479206 -0.35660073 -0.23239794
v 0.29032457 -0.35635850 -0.23249717
v 0.29912466 -0.35675728 -0.23240781
v 0.30342519 -0.35683906 -0.23246813
v 0.31691524 -0.35584626 -0.22465774
v 0.32330939 -0.35594016 -0.22829494
v 0.32360211 -0.35544702 -0.22303814
v 0.32699719 -0.35584286 -0.22833116
v 0.30763397 -0.35684758 -0.23251563
v 0.31144175 -0.35679224 -0.23253416
v 0.31622517 -0.35617045 -0.22829026
v 0.31539607 -0.35667640 -0.23250689
v 0.32310283 -0.35640952 -0.23245370
v 0.32698321 -0.35627377 -0.23247828
v 0.32323897 -0.35517636 -0.21982186
v 0.32326058 -0.35489613 -0.21595296
v 0.32327095 -0.35458598 -0.21219474
v 0.32311016 -0.35368890 -0.20227998
v 0.31965587 -0.35508510 -0.21583778
v 0.31945595 -0.35483769 -0.21246767
v 0.31578285 -0.35507569 -0.21227366
v 0.31866986 -0.35425994 -0.20565620
v 0.28631341 -0.35539016 -0.22383383
v 0.28612787 -0.35570729 -0.22837652
v 0.28610662 -0.35599032 -0.23269175
v 0.28257546 -0.35464978 -0.21638265
v 0.28269279 -0.35443637 -0.21289778
v 0.28249669 -0.35481438 -0.22017536
v 0.28239179 -0.35534942 -0.22861637
v 0.28245434 -0.35504907 -0.22405611
v 0.25797638 -0.35132828 -0.23307592
v 0.44518533 -0.35547376 0.09495813
v 0.44519949 -0.35561147 0.09171198
v 0.44515735 -0.35627288 0.19919443
v 0.31245860 -0.35562500 0.18508756
v 0.30390611 -0.35568184 0.18065728
v 0.25144529 -0.35078296 -0.19791946
v 0.33062685 -0.35610312 -0.23251846
v 0.25214848 -0.35055539 -0.06144856
v 0.46469620 -0.35618970 -0.00322824
v 0.46718496 -0.35624284 -0.08469229
v 0.28245395 -0.35557729 -0.23286042
v 0.25406545 -0.35028642 -0.05735153
v 0.25400996 -0.35085207 -0.23299795
v 0.28688714 -0.35456821 -0.20937009
v 0.28693461 -0.35422358 -0.20575684
v 0.26182300 -0.35426721 0.16590194
v 0.26183519 -0.35434470 0.16184829
v 0.26180458 -0.35401082 0.17019790
v 0.28662866 -0.35518727 0.17741241
v 0.26200107 -0.35313866 0.06405590
v 0.46724683 -0.35603920 -0.18146607
v 0.32402679 -0.35717952 0.20097113
v 0.26183257 -0.35437274 0.15529139
v 0.26177344 -0.35446662 0.14675888
v 0.26175570 -0.35442862 0.14223985
v 0.46459675 -0.35638285 0.00033131
v 0.26192287 -0.35383686 0.09139444
v 0.26192552 -0.35384536 0.09513201
v 0.46722457 -0.35620260 -0.18560690
v 0.38984749 -0.35630441 0.20218617
v 0.38531959 -0.35631332 0.20223275
v 0.28457034 -0.35347679 -0.20021956
v 0.28157380 -0.35330698 -0.20275171
v 0.27886015 -0.35317937 -0.20563321
v 0.28267595 -0.35372514 -0.20565584
v 0.28279531 -0.35411835 -0.20939231
v 0.27993503 -0.35358426 -0.20816714
v 0.27869788 -0.35493147 -0.22877331
v 0.27882287 -0.35518879 -0.23288414
v 0.25789878 -0.35127583 -0.07329939
v 0.25788558 -0.35123768 -0.06930736
v 0.44920319 -0.35421953 0.03269998
v 0.26603246 -0.35182443 -0.21735911
v 0.26602602 -0.35199714 -0.22135189
v 0.26600984 -0.35220191 -0.22525674
v 0.27038690 -0.35233289 -0.21340141
v 0.27040586 -0.35253367 -0.21708697
v 0.46011013 -0.35578510 0.00035945
v 0.27868176 -0.35460377 -0.22429900
v 0.27866954 -0.35432395 -0.22037208
v 0.27867037 -0.35410127 -0.21655838
v 0.27849987 -0.35378137 -0.21302098
v 0.44530630 -0.35781220 -0.23371916
v 0.44763979 -0.35783926 -0.23390648
v 0.46711272 -0.35605109 -0.06693678
v 0.46712008 -0.35624588 -0.07508133
v 0.46714535 -0.35595506 -0.06015617
v 0.46714461 -0.35628298 -0.08046225
v 0.31639522 -0.35517564 0.18996298
v 0.27385369 -0.35453501 0.17417076
v 0.38064104 -0.35641161 0.20226623
v 0.44920689 -0.35420334 0.03669143
v 0.44959906 -0.35404241 0.04113043
v 0.44918397 -0.35418537 0.04495772
v 0.44913983 -0.35423300 0.04938891
v 0.27780393 -0.35332456 -0.20981883
v 0.26200473 -0.35382718 0.09889665
v 0.30834630 -0.35527667 0.18553790
v 0.26172847 -0.35431376 0.13804792
v 0.26969606 -0.35402563 0.17442101
v 0.26568651 -0.35370514 0.17458190
v 0.27453694 -0.35433537 -0.22889745
v 0.27469617 -0.35470086 -0.23281647
v 0.25221565 -0.35054240 -0.05744167
v 0.25143993 -0.35101038 -0.20200333
v 0.25143835 -0.35120350 -0.20607249
v 0.25408041 -0.35019585 -0.05340927
v 0.35000458 -0.35703409 -0.23393679
v 0.35404736 -0.35703254 -0.23382299
v 0.35859099 -0.35700780 -0.23376183
v 0.26201361 -0.35379368 0.10456537
v 0.28233513 -0.35468665 0.17762969
v 0.45211962 -0.35469764 0.02103930
v 0.45209718 -0.35483065 0.02509133
v 0.29942676 -0.35521352 0.18082446
v 0.37335020 -0.35704765 -0.23390946
v 0.36747238 -0.35699156 -0.23383375
v 0.45983931 -0.35605046 0.00425021
v 0.45532918 -0.35511771 0.00442397
v 0.45199341 -0.35623741 -0.22465682
v 0.25787538 -0.35126418 -0.06526601
v 0.26194224 -0.35381854 0.11255738
v 0.27480909 -0.35309419 -0.21340023
v 0.27364656 -0.35315201 -0.21687238
v 0.27578875 -0.35357794 -0.21672757
v 0.27436042 -0.35359198 -0.22074820
v 0.26979959 -0.35291138 -0.22460125
v 0.27456525 -0.35396874 -0.22461614
v 0.26602060 -0.35234499 -0.22932218
v 0.46713775 -0.35595468 -0.05596741
v 0.26174811 -0.35410935 0.13010091
v 0.26175776 -0.35403994 0.12616324
v 0.31639013 -0.35520071 0.19414623
v 0.44859734 -0.35557660 0.20233792
v 0.26121101 -0.35311437 0.06817657
v 0.26239797 -0.35206452 -0.23328234
v 0.26614210 -0.35264650 -0.23241553
v 0.25227422 -0.35049027 -0.05197537
v 0.30458143 -0.35715005 -0.23412171
v 0.29912576 -0.35707331 -0.23408534
v 0.32214347 -0.35730299 0.20064181
v 0.25786820 -0.35132372 -0.06125118
v 0.34585282 -0.35696828 -0.23406032
v 0.26185954 -0.35392487 0.11837650
v 0.44910112 -0.35427168 0.05365018
v 0.44906721 -0.35432616 0.05766200
v 0.25145432 -0.35133842 -0.21003778
v 0.25408593 -0.35011226 -0.04945336
v 0.25226265 -0.35039064 -0.04535420
v 0.25407770 -0.35003972 -0.04533863
v 0.26896089 -0.35301068 -0.22916272
v 0.45208916 -0.35498688 0.02899601
v 0.31122988 -0.35714355 -0.23414968
v 0.26140997 -0.35383880 0.12264498
v 0.45418376 -0.35715792 -0.20530398
v 0.45279622 -0.35715935 -0.20909953
v 0.45502955 -0.35535613 0.00855077
v 0.25786236 -0.35136601 -0.05729703
v 0.25785777 -0.35136262 -0.05342378
v 0.26864290 -0.35308433 -0.23169202
v 0.45278803 -0.35712308 -0.21283688
v 0.25224158 -0.35018221 -0.04131081
v 0.25371906 -0.34991014 -0.04131010
v 0.44909072 -0.35548005 0.18271348
v 0.44915426 -0.35539579 0.17886466
v 0.44896102 -0.35562709 0.18694805
v 0.44877607 -0.35578102 0.19117287
v 0.44863138 -0.35593906 0.19517978
v 0.44918019 -0.35539520 0.17477131
v 0.44919032 -0.35542288 0.17017779
v 0.44920292 -0.35552382 0.16158967
v 0.45058972 -0.35623181 0.19503188
v 0.44865873 -0.35545769 0.19919753
v 0.45045233 -0.35595179 0.20225301
v 0.45080596 -0.35619754 0.19094303
v 0.45061699 -0.35589829 0.19912612
v 0.46710980 -0.35599682 -0.05192538
v 0.25782639 -0.35111779 0.01694011
v 0.25782648 -0.35114971 0.01313486
v 0.25773969 -0.35109451 0.02244217
v 0.25782588 -0.35118037 0.02841316
v 0.25782549 -0.35121897 0.03234378
v 0.25796762 -0.35131440 0.03831457
v 0.27229014 -0.35332024 -0.22262365
v 0.27170736 -0.35341102 -0.22486506
v 0.27099606 -0.35359406 -0.22904307
v 0.27026567 -0.35380232 -0.23268086
v 0.29486901 -0.35696635 -0.23410515
v 0.45130852 -0.35594600 0.16799474
v 0.45130265 -0.35599184 0.16034296
v 0.44919437 -0.35544848 0.15712065
v 0.45132920 -0.35584232 0.15375379
v 0.26074252 -0.35314485 0.07594997
v 0.25785300 -0.35133752 -0.04953241
v 0.45283675 -0.35689557 -0.21806161
v 0.30383080 -0.35465321 0.18585123
v 0.44904062 -0.35440093 0.06169950
v 0.36963102 -0.35724866 0.20352814
v 0.36486870 -0.35729572 0.20357016
v 0.44919702 -0.35530764 0.15346849
v 0.45128223 -0.35594800 0.17737353
v 0.45102155 -0.35613066 0.18671331
v 0.45118597 -0.35604128 0.18246730
v 0.45280778 -0.35642511 -0.22470655
v 0.45199302 -0.35610208 -0.22870958
v 0.45278871 -0.35628930 -0.22876877
v 0.45196715 -0.35613424 -0.23287439
v 0.45279488 -0.35623762 -0.23282850
v 0.44920021 -0.35510197 0.15002866
v 0.25782695 -0.35118532 0.00928257
v 0.25784656 -0.35131630 -0.04547523
v 0.25784108 -0.35131785 -0.04143026
v 0.25783721 -0.35134614 -0.03754468
v 0.25783405 -0.35138288 -0.03369639
v 0.25782034 -0.35140494 -0.02844050
v 0.25783119 -0.35140786 -0.02212427
v 0.25784323 -0.35140559 -0.01664549
v 0.25782707 -0.35137615 -0.01042342
v 0.25778329 -0.35129911 -0.00286896
v 0.25782719 -0.35126513 0.00138300
v 0.26153770 -0.35301164 0.17503512
v 0.26052761 -0.35318920 0.08006196
v 0.26015091 -0.35327762 0.08740376
v 0.42655727 -0.35702491 0.20329745
v 0.41730776 -0.35718107 0.20309800
v 0.41039863 -0.35704213 0.20302217
v 0.37638429 -0.35696486 0.20342477
v 0.34181553 -0.35685429 -0.23415445
v 0.25148094 -0.35139233 -0.21397346
v 0.25152659 -0.35135758 -0.21782814
v 0.35564831 -0.35718220 0.20346560
v 0.25184026 -0.35136706 -0.23290451
v 0.29496485 -0.35457450 0.18098819
v 0.25782734 -0.35122061 0.00532617
v 0.26003790 -0.35330370 0.09149105
v 0.31886187 -0.35703760 -0.23411185
v 0.44901961 -0.35449260 0.06568947
v 0.43262804 -0.35689914 0.20336136
v 0.31236878 -0.35416901 0.19073044
v 0.31224230 -0.35394925 0.19375511
v 0.46706522 -0.35612175 -0.04747986
v 0.29024455 -0.35680300 -0.23420654
v 0.26004964 -0.35328725 0.09523554
v 0.45135421 -0.35571527 0.15021737
v 0.44920185 -0.35490814 0.14672299
v 0.28617248 -0.35659093 -0.23431581
v 0.25414795 -0.35006374 0.01702296
v 0.25416884 -0.35008749 0.02223717
v 0.25421515 -0.35010853 0.02845732
v 0.25165763 -0.35139978 -0.22538969
v 0.25174451 -0.35140899 -0.22944809
v 0.25159374 -0.35135871 -0.22170769
v 0.45193541 -0.35652775 -0.23452640
v 0.45282423 -0.35630468 -0.23454142
v 0.25777185 -0.35132849 0.04796017
v 0.25241649 -0.35053700 0.01861730
v 0.25239584 -0.35046017 0.01179120
v 0.25252014 -0.35060495 0.02664607
v 0.25414431 -0.35004133 0.00966973
v 0.25415570 -0.35005367 0.00543714
v 0.25242126 -0.35044584 0.00280192
v 0.25415340 -0.35003591 0.00144378
v 0.25414082 -0.34996581 -0.00256173
v 0.25240812 -0.35031575 -0.00263237
v 0.25380731 -0.34981692 -0.00638050
v 0.25239152 -0.35006192 -0.00644638
v 0.25423548 -0.35011128 0.03467696
v 0.25428960 -0.35018191 0.04232287
v 0.25438750 -0.35031930 0.04825612
v 0.25445673 -0.35037977 0.05246307
v 0.25782895 -0.35139886 0.05215951
v 0.25780994 -0.35144845 0.05632994
v 0.46699944 -0.35629219 -0.04109069
v 0.46691224 -0.35667971 -0.01251385
v 0.46685523 -0.35675400 -0.00645552
v 0.46675438 -0.35682350 -0.00306977
v 0.46655276 -0.35696843 0.00041662
v 0.44897568 -0.35458687 0.06944788
v 0.45137507 -0.35559234 0.14676768
v 0.25456932 -0.35043505 0.06007906
v 0.25783780 -0.35147643 0.06426387
v 0.25460953 -0.35051623 0.06417261
v 0.25784487 -0.35149372 0.06833491
v 0.25465241 -0.35065356 0.06822346
v 0.25785363 -0.35152346 0.07230423
v 0.25469136 -0.35078838 0.07217502
v 0.25786448 -0.35157913 0.07622506
v 0.25473359 -0.35091481 0.07754948
v 0.25789300 -0.35166633 0.08390020
v 0.25477061 -0.35091177 0.08377250
v 0.25790212 -0.35165864 0.08774492
v 0.25478759 -0.35085151 0.08757021
v 0.25791168 -0.35161933 0.09152075
v 0.25480780 -0.35072869 0.09135628
v 0.25483298 -0.35056522 0.09514577
v 0.25792050 -0.35153532 0.09527859
v 0.25793085 -0.35141036 0.09908526
v 0.25486317 -0.35041085 0.09900950
v 0.44888395 -0.35443321 0.10759638
v 0.44890124 -0.35437849 0.09887979
v 0.44884926 -0.35438356 0.09507237
v 0.44881502 -0.35444918 0.09172422
v 0.44882202 -0.35449237 0.11165321
v 0.45207533 -0.35513228 0.03281142
v 0.46688962 -0.35651895 -0.02051694
v 0.46693119 -0.35643446 -0.03328278
v 0.34724620 -0.35728657 0.20336685
v 0.27768403 -0.35370430 0.17833821
v 0.27388424 -0.35343480 0.17785445
v 0.26965821 -0.35317421 0.17729492
v 0.26566732 -0.35292593 0.17709646
v 0.26264930 -0.35258675 0.17709580
v 0.26013809 -0.35321745 0.09900824
v 0.25793833 -0.35131508 0.10297314
v 0.25491029 -0.35023358 0.10559887
v 0.26016694 -0.35314816 0.10287575
v 0.45133483 -0.35507759 0.14289524
v 0.25261176 -0.35061535 0.03393997
v 0.25268295 -0.35069332 0.04026651
v 0.25277093 -0.35078114 0.04435619
v 0.33797753 -0.35675874 -0.23422116
v 0.44912148 -0.35452852 0.13522010
v 0.44903326 -0.35453123 0.12728742
v 0.44895062 -0.35457256 0.12347059
v 0.44908765 -0.35451269 0.13107333
v 0.44879866 -0.35454011 0.11550944
v 0.44885015 -0.35457650 0.11942965
v 0.33426622 -0.35671583 -0.23424315
v 0.25793505 -0.35121679 0.11048675
v 0.25493547 -0.35018158 0.11078762
v 0.26013184 -0.35309038 0.10875244
v 0.26003891 -0.35309431 0.11461230
v 0.25494584 -0.35022202 0.11463564
v 0.25791556 -0.35120282 0.11467344
v 0.25508896 -0.35008916 0.11819216
v 0.25751871 -0.35084343 0.11825381
v 0.32435724 -0.35692260 -0.23410812
v 0.29938966 -0.35334226 0.18605998
v 0.43709052 -0.35690111 0.20341450
v 0.44916466 -0.35458535 0.13939163
v 0.44881400 -0.35454631 0.08842542
v 0.25417718 -0.35003036 -0.03510920
v 0.25419015 -0.35002390 -0.02978706
v 0.25421947 -0.35000262 -0.02383480
v 0.25424239 -0.34993768 -0.01497068
v 0.25421187 -0.34991449 -0.01043215
v 0.25226215 -0.34949952 -0.03990520
v 0.25226757 -0.34939212 -0.02309699
v 0.25249350 -0.34939954 -0.01552858
v 0.25237855 -0.34937260 -0.01092140
v 0.25238660 -0.34940112 -0.00757362
v 0.25222465 -0.34945187 -0.03193373
v 0.33059478 -0.35676029 -0.23419988
v 0.25957975 -0.35366228 0.14623325
v 0.25958562 -0.35363138 0.14218150
v 0.25963274 -0.35358956 0.15387684
v 0.25956431 -0.35348859 0.16174518
v 0.45206001 -0.35525230 0.03681528
v 0.25963816 -0.35353145 0.13818227
v 0.25977284 -0.35328451 0.13020998
v 0.25970697 -0.35340267 0.13423401
v 0.25996715 -0.35313606 0.11850271
v 0.25982901 -0.35320714 0.12534413
v 0.26407811 -0.35271117 -0.23424213
v 0.44890675 -0.35469696 0.07683553
v 0.44958702 -0.35448197 0.14293872
v 0.45186949 -0.35495642 0.04121123
v 0.38304064 -0.35676351 0.20334917
v 0.44882426 -0.35462573 0.08481771
v 0.45116928 -0.35349095 0.04283523
v 0.25953472 -0.35333979 0.16611673
v 0.25960511 -0.35312402 0.17032902
v 0.25972912 -0.35271212 0.17386936
v 0.44886285 -0.35468194 0.08095054
v 0.46703258 -0.35653853 -0.03700366
v 0.45118880 -0.35345170 0.04510546
v 0.45028555 -0.35699221 -0.23451950
v 0.26630703 -0.35309741 -0.23373449
v 0.25289565 -0.35089248 0.04812549
v 0.38967478 -0.35676625 0.20322639
v 0.45122686 -0.35337093 0.04952088
v 0.25306231 -0.35096687 0.05257492
v 0.25326926 -0.35107490 0.06055016
v 0.39651388 -0.35688713 0.20306392
v 0.40260160 -0.35693190 0.20300871
v 0.26144779 -0.35232815 -0.23423214
v 0.25805122 -0.35196403 -0.23419049
v 0.31956667 -0.35755557 0.19960693
v 0.44089592 -0.35694134 0.20345816
v 0.31639460 -0.35782963 0.19861726
v 0.44398212 -0.35810339 -0.23452909
v 0.45102137 -0.35331234 0.05788422
v 0.45129189 -0.35335591 0.05382284
v 0.45133263 -0.35329035 0.05781354
v 0.45138729 -0.35321206 0.06181973
v 0.45099345 -0.35324150 0.06186644
v 0.45146269 -0.35311344 0.06576454
v 0.45097163 -0.35315937 0.06584805
v 0.45155171 -0.35292885 0.06946730
v 0.45092660 -0.35300452 0.06960925
v 0.43633261 -0.35798305 -0.23446114
v 0.31639162 -0.35647064 0.19676557
v 0.28255254 -0.35636908 -0.23439094
v 0.44062617 -0.35797071 -0.23450887
v 0.44497952 -0.35683247 0.20354821
v 0.45179659 -0.35143182 0.07238802
v 0.25343156 -0.35134137 0.06801295
v 0.25407410 -0.35158977 -0.23406331
v 0.25197330 -0.35161638 -0.23400712
v 0.25354558 -0.35156566 0.07404463
v 0.43196529 -0.35795149 -0.23441401
v 0.46769133 -0.35659418 -0.18670912
v 0.25364944 -0.35168266 0.08185637
v 0.25369471 -0.35168445 0.08736351
v 0.27894878 -0.35619122 -0.23437507
v 0.27483881 -0.35599276 -0.23428962
v 0.45374361 -0.35626689 0.01678880
v 0.46755141 -0.35697520 -0.19173615
v 0.46811521 -0.35663709 -0.16671577
v 0.46815044 -0.35666099 -0.16204563
v 0.46805847 -0.35662389 -0.15811333
v 0.46780452 -0.35653192 -0.17516772
v 0.46776152 -0.35648969 -0.18149906
v 0.44846252 -0.35656247 0.20351082
v 0.45009646 -0.35644495 0.20340741
v 0.25374040 -0.35161141 0.09218151
v 0.25583953 -0.34925285 0.11943591
v 0.42793745 -0.35791841 -0.23438182
v 0.45113656 -0.35349149 0.14150529
v 0.31086829 -0.35229790 0.19240887
v 0.31081110 -0.35232407 0.19295821
v 0.30756354 -0.35116637 0.19180241
v 0.30734113 -0.35136732 0.19294645
v 0.30325067 -0.34952843 0.19060802
v 0.45765138 -0.35853693 -0.20292188
v 0.45760882 -0.35773325 -0.20279005
v 0.45969948 -0.35797799 -0.20226194
v 0.45563912 -0.35804734 -0.20466001
v 0.45418376 -0.35715792 -0.20530398
v 0.45494947 -0.35850459 -0.20478208
v 0.45765138 -0.35853693 -0.20292188
v 0.45964140 -0.35818362 -0.20151952
v 0.45494947 -0.35850459 -0.20478208
v 0.45191082 -0.34778216 0.08055153
v 0.45189178 -0.34777009 0.08473057
v 0.45200303 -0.34775576 0.07968280
v 0.45182815 -0.34780398 0.08450010
v 0.45182353 -0.34820572 0.09051394
v 0.45154583 -0.34994355 0.07699075
v 0.45160958 -0.35118294 0.08140782
v 0.45201370 -0.34792823 0.07678954
v 0.45210660 -0.34813923 0.07307908
v 0.45179659 -0.35143182 0.07238802
v 0.45218664 -0.34825984 0.07067124
v 0.45174235 -0.35033479 0.08439945
v 0.45178619 -0.34911454 0.08865972
v 0.45214882 -0.34974751 0.07064296
v 0.45087975 -0.35281289 0.07338490
v 0.45085078 -0.35264525 0.07713097
v 0.45080635 -0.35246384 0.08090523
v 0.45092660 -0.35300452 0.06960925
v 0.45076251 -0.35239574 0.08474085
v 0.44882426 -0.35462573 0.08481771
v 0.44886285 -0.35468194 0.08095054
v 0.44881400 -0.35454631 0.08842542
v 0.44890675 -0.35469696 0.07683553
v 0.45073500 -0.35266578 0.09171619
v 0.44897568 -0.35458687 0.06944788
v 0.44881502 -0.35444918 0.09172422
v 0.45077345 -0.35280704 0.09514420
v 0.44884926 -0.35438356 0.09507237
v 0.44890124 -0.35437849 0.09887979
v 0.45082432 -0.35288280 0.09897266
v 0.45083490 -0.35281396 0.10337825
v 0.44888395 -0.35443321 0.10759638
v 0.45079586 -0.35262913 0.10777298
v 0.45073518 -0.35238373 0.11178117
v 0.44882202 -0.35449237 0.11165321
v 0.45070729 -0.35226336 0.11568709
v 0.44879866 -0.35454011 0.11550944
v 0.44885015 -0.35457650 0.11942965
v 0.45075530 -0.35243139 0.11966222
v 0.45085689 -0.35278159 0.12372392
v 0.44895062 -0.35457256 0.12347059
v 0.44903326 -0.35453123 0.12728742
v 0.45094883 -0.35306528 0.12748139
v 0.44908765 -0.35451269 0.13107333
v 0.45113561 -0.35315475 0.13132082
v 0.45113999 -0.35324728 0.13520187
v 0.44912148 -0.35452852 0.13522010
v 0.45114163 -0.35338199 0.13946225
v 0.44916466 -0.35458535 0.13939163
v 0.45113656 -0.35349149 0.14150529
v 0.44958702 -0.35448197 0.14293872
v 0.45114928 -0.35290617 0.12615131
v 0.45121858 -0.35226947 0.11963318
v 0.45124832 -0.35209379 0.11567149
v 0.45124352 -0.35225278 0.11176851
v 0.45124021 -0.35266846 0.10529451
v 0.45124805 -0.35280511 0.09888339
v 0.45143166 -0.35222057 0.08452563
v 0.45129052 -0.35264936 0.09374386
v 0.30147547 -0.34719554 0.18886097
v 0.30218160 -0.34773204 0.19052869
v 0.30325067 -0.34952843 0.19060802
v 0.29841313 -0.34709084 0.19035883
v 0.29853189 -0.34684491 0.18843213
v 0.29445705 -0.34700951 0.19027947
v 0.29449710 -0.34681886 0.18816595
v 0.29037878 -0.34703061 0.18803728
v 0.28933135 -0.34721786 0.19019960
v 0.28648898 -0.34732977 0.18787469
v 0.28242773 -0.34763715 0.18764220
v 0.28266391 -0.34768555 0.19009249
v 0.27878198 -0.34812662 0.19014329
v 0.27838406 -0.34804016 0.18697415
v 0.27499408 -0.34813973 0.18980184
v 0.27442142 -0.34807423 0.18727273
v 0.26998639 -0.34830740 0.18714441
v 0.27044013 -0.34821144 0.18951674
v 0.26691559 -0.34817564 0.18832952
v 0.26703876 -0.34814921 0.18929744
v 0.26559111 -0.34833825 0.18714912
v 0.26837200 -0.34861144 0.18580022
v 0.27116176 -0.34870926 0.18524216
v 0.26567531 -0.34955338 0.18309054
v 0.27404064 -0.34872192 0.18518344
v 0.26175261 -0.34802777 0.18748316
v 0.26176783 -0.34943551 0.18328501
v 0.27679035 -0.34870866 0.18521905
v 0.27943331 -0.34866446 0.18539250
v 0.26971412 -0.34959167 0.18333919
v 0.28226477 -0.34868795 0.18545455
v 0.26566482 -0.35160279 0.17911616
v 0.26152411 -0.35147399 0.17874484
v 0.27390650 -0.35031298 0.18259297
v 0.26965889 -0.35183257 0.17918420
v 0.25944194 -0.34779432 0.18643436
v 0.26053631 -0.34748396 0.18890724
v 0.26264930 -0.35258675 0.17709580
v 0.27776784 -0.35055533 0.18275593
v 0.26566732 -0.35292593 0.17709646
v 0.26965821 -0.35317421 0.17729492
v 0.26008198 -0.35210937 0.17673942
v 0.26153770 -0.35301164 0.17503512
v 0.27388424 -0.35343480 0.17785445
v 0.28664765 -0.34932154 0.18522899
v 0.27606812 -0.35254106 0.17989480
v 0.27768403 -0.35370430 0.17833821
v 0.27882054 -0.35283491 0.18018842
v 0.28224275 -0.35294396 0.18070598
v 0.28233513 -0.35468665 0.17762969
v 0.28674212 -0.35260606 0.18177836
v 0.28662866 -0.35518727 0.17741241
v 0.29061309 -0.35551581 0.17730868
v 0.28221983 -0.35031271 0.18347414
v 0.29059574 -0.35372382 0.18123542
v 0.29487872 -0.35576326 0.17729706
v 0.28541136 -0.35036701 0.18384525
v 0.28820610 -0.35086930 0.18408480
v 0.29496485 -0.35457450 0.18098819
v 0.29050833 -0.35131687 0.18466114
v 0.29519507 -0.35166895 0.18639745
v 0.29938966 -0.35334226 0.18605998
v 0.29942676 -0.35521352 0.18082446
v 0.30390611 -0.35568184 0.18065728
v 0.29689142 -0.35036713 0.18942046
v 0.25887597 -0.34842172 0.18338461
v 0.29037678 -0.34910640 0.18633379
v 0.29912460 -0.35135832 0.18959577
v 0.30383080 -0.35465321 0.18585123
v 0.30342820 -0.35276449 0.18985082
v 0.30805552 -0.35367391 0.19006807
v 0.30834630 -0.35527667 0.18553790
v 0.31236878 -0.35416901 0.19073044
v 0.31086829 -0.35229790 0.19240887
v 0.25972912 -0.35271212 0.17386936
v 0.25855505 -0.34715673 0.18720201
v 0.29495490 -0.34903902 0.18800783
v 0.30756354 -0.35116637 0.19180241
v 0.25711861 -0.34713063 0.18330379
v 0.25683746 -0.34685150 0.18664791
v 0.25595903 -0.34686226 0.18328191
v 0.25670695 -0.34741113 0.17899513
v 0.25576439 -0.34721512 0.17761475
v 0.25651604 -0.34772456 0.17457274
v 0.25631598 -0.34800124 0.17038043
v 0.25576457 -0.34800676 0.16773866
v 0.25615713 -0.34821203 0.16636649
v 0.32515025 -0.35855883 -0.05061516
v 0.32621846 -0.35855517 -0.04508388
v 0.32217315 -0.35858428 -0.04869853
v 0.32225716 -0.35868233 -0.04115840
v 0.31786862 -0.35873654 -0.04172857
v 0.31226975 -0.35876665 -0.04155185
v 0.30527639 -0.35879201 -0.04174954
v 0.30507284 -0.35861656 -0.04963442
v 0.30601686 -0.35884583 -0.03715797
v 0.32596794 -0.35860893 -0.04119910
v 0.30215403 -0.35869509 -0.04572514
v 0.29518062 -0.35882673 -0.04154059
v 0.29586440 -0.35869890 -0.04556786
v 0.29598916 -0.35859555 -0.04953071
v 0.29846621 -0.35852706 -0.05560786
v 0.29466909 -0.35849983 -0.05550877
v 0.30244243 -0.35850450 -0.05868929
v 0.30857316 -0.35855192 -0.05369212
v 0.29820478 -0.35842556 -0.06484079
v 0.30863142 -0.35852462 -0.05750976
v 0.31139743 -0.35851651 -0.06344493
v 0.31666052 -0.35855043 -0.05335503
v 0.31260797 -0.35880071 -0.03683436
v 0.30520058 -0.35897011 -0.03250892
v 0.29578373 -0.35887784 -0.03726203
v 0.31001738 -0.35888737 -0.03284277
v 0.31410223 -0.35880899 -0.03311084
v 0.31926179 -0.35875157 -0.03358331
v 0.31396282 -0.35874629 -0.02980224
v 0.28921771 -0.35860974 -0.04687366
v 0.29465860 -0.35838196 -0.06342419
v 0.28901720 -0.35831505 -0.06111203
v 0.29094705 -0.35846367 -0.05541677
v 0.33030415 -0.35851732 -0.04533175
v 0.33046138 -0.35853195 -0.04943882
v 0.32669538 -0.35858548 -0.05318195
v 0.32272369 -0.35855955 -0.05695818
v 0.33260670 -0.35861421 -0.05349535
v 0.33730987 -0.35857755 -0.04937001
v 0.33821678 -0.35869810 -0.05753778
v 0.33409169 -0.35866874 -0.05750050
v 0.34247807 -0.35858199 -0.04943332
v 0.34337366 -0.35868803 -0.05747443
v 0.34470439 -0.35858679 -0.04154826
v 0.35083383 -0.35856640 -0.04986479
v 0.35259408 -0.35863027 -0.05743907
v 0.35340679 -0.35856572 -0.05023322
v 0.35387546 -0.35859084 -0.04643987
v 0.33337799 -0.35866538 -0.06562532
v 0.34649149 -0.35866553 -0.06564595
v 0.35203016 -0.35859108 -0.04172830
v 0.36023739 -0.35857123 -0.05936813
v 0.36120266 -0.35852695 -0.06592891
v 0.35389948 -0.35864517 -0.06977426
v 0.34759706 -0.35871240 -0.06977589
v 0.32986763 -0.35861287 -0.06153443
v 0.36747870 -0.35854286 -0.06138056
v 0.36544365 -0.35850349 -0.06585268
v 0.33873796 -0.35856605 -0.04132808
v 0.34480983 -0.35856143 -0.03769547
v 0.32736832 -0.35859659 -0.05715585
v 0.37117955 -0.35851225 -0.06623784
v 0.32621509 -0.35854951 -0.06138059
v 0.34096164 -0.35853246 -0.03460713
v 0.33998641 -0.35869002 -0.06603683
v 0.37290734 -0.35857770 -0.05714673
v 0.37673995 -0.35857809 -0.06127033
v 0.37895203 -0.35851064 -0.06375749
v 0.37720072 -0.35866356 -0.05657114
v 0.38044462 -0.35862377 -0.06127901
v 0.37472820 -0.35856071 -0.05173047
v 0.37540549 -0.35852340 -0.07006148
v 0.36934486 -0.35848442 -0.07004741
v 0.37307072 -0.35885626 -0.07247958
v 0.36920917 -0.35881534 -0.07242025
v 0.36116391 -0.35885420 -0.07239377
v 0.37652487 -0.35894746 -0.07260079
v 0.37653282 -0.35909215 -0.07488646
v 0.37299785 -0.35895911 -0.07477602
v 0.37288019 -0.35876730 -0.07958521
v 0.37651148 -0.35880801 -0.07957791
v 0.37258413 -0.35888457 -0.08500502
v 0.38047120 -0.35878667 -0.07959589
v 0.37688977 -0.35885492 -0.08403338
v 0.35647535 -0.35856277 -0.05034236
v 0.36142609 -0.35864690 -0.04611160
v 0.36374080 -0.35856143 -0.05003788
v 0.36964577 -0.35867953 -0.04591141
v 0.37414879 -0.35856599 -0.04970398
v 0.37324113 -0.35865253 -0.04610366
v 0.37483847 -0.35854012 -0.04774509
v 0.37728330 -0.35866442 -0.04960718
v 0.37195534 -0.35875377 -0.04164009
v 0.30639666 -0.35849336 -0.06552393
v 0.36900958 -0.35894507 -0.07476826
v 0.38214248 -0.35853526 -0.06411304
v 0.29912397 -0.35832345 -0.07258063
v 0.36110023 -0.35855481 -0.06998299
v 0.35703996 -0.35883513 -0.07242250
v 0.28805092 -0.35810018 -0.07220935
v 0.34847993 -0.35858434 -0.03170348
v 0.36741579 -0.35856080 -0.05722807
v 0.32935393 -0.35865408 -0.06573480
v 0.29233092 -0.35814780 -0.07832719
v 0.30082995 -0.35829481 -0.07670626
v 0.31928027 -0.35875556 -0.03703092
v 0.29408514 -0.35814375 -0.08261608
v 0.29914522 -0.35810798 -0.09047592
v 0.29499733 -0.35801253 -0.09430291
v 0.28820327 -0.35796461 -0.09415212
v 0.30430737 -0.35835969 -0.07567225
v 0.30312628 -0.35820121 -0.08666950
v 0.31128731 -0.35844681 -0.08076062
v 0.30735493 -0.35824555 -0.09139132
v 0.30321705 -0.35809374 -0.09716466
v 0.31128511 -0.35827109 -0.10031036
v 0.30402711 -0.35796404 -0.10789847
v 0.31233272 -0.35823953 -0.10693134
v 0.31541044 -0.35836267 -0.09891325
v 0.31522718 -0.35830739 -0.10974807
v 0.31132030 -0.35818052 -0.11753891
v 0.31520361 -0.35831267 -0.11634958
v 0.32248563 -0.35844952 -0.11489028
v 0.32217616 -0.35847327 -0.11891811
v 0.31526065 -0.35837138 -0.12367517
v 0.32616705 -0.35864824 -0.11946322
v 0.30713046 -0.35801658 -0.11323485
v 0.31865385 -0.35842472 -0.12693724
v 0.32266554 -0.35844424 -0.11174609
v 0.32599899 -0.35866544 -0.11550400
v 0.31124368 -0.35822433 -0.12322336
v 0.32643583 -0.35858247 -0.12510626
v 0.31339440 -0.35828608 -0.13163692
v 0.31841102 -0.35845840 -0.13452303
v 0.31330204 -0.35833189 -0.13520499
v 0.31514901 -0.35835534 -0.13931802
v 0.30653924 -0.35817447 -0.13509466
v 0.32231101 -0.35852957 -0.13759091
v 0.30728880 -0.35811841 -0.13126948
v 0.31705537 -0.35831243 -0.14174455
v 0.32502520 -0.35837433 -0.14175762
v 0.32238588 -0.35838404 -0.14417389
v 0.32659701 -0.35852805 -0.13877891
v 0.32585835 -0.35859355 -0.13485417
v 0.33064580 -0.35861790 -0.13505185
v 0.32989743 -0.35862163 -0.12672000
v 0.33876187 -0.35864559 -0.13122098
v 0.34776545 -0.35868430 -0.12705822
v 0.34772214 -0.35868514 -0.13119313
v 0.35576755 -0.35871571 -0.12700237
v 0.33543101 -0.35866779 -0.12302989
v 0.35257038 -0.35874149 -0.12322987
v 0.34746027 -0.35881415 -0.11937562
v 0.35625026 -0.35884538 -0.11914518
v 0.34839448 -0.35886329 -0.11397340
v 0.34234205 -0.35880691 -0.11392784
v 0.34249634 -0.35885569 -0.10827567
v 0.34851637 -0.35890871 -0.10834971
v 0.35848945 -0.35896334 -0.10858000
v 0.33362073 -0.35880572 -0.10793151
v 0.33830798 -0.35885400 -0.09928329
v 0.33376196 -0.35882103 -0.09423868
v 0.33826241 -0.35884756 -0.08930614
v 0.33355424 -0.35878846 -0.08075731
v 0.33783156 -0.35882717 -0.07833366
v 0.33367518 -0.35874441 -0.11505324
v 0.34466457 -0.35889116 -0.09519732
v 0.33341575 -0.35878715 -0.07273268
v 0.34439504 -0.35886043 -0.08527876
v 0.34941375 -0.35891861 -0.09104715
v 0.35203385 -0.35890761 -0.08606178
v 0.35460132 -0.35896319 -0.09613730
v 0.34858498 -0.35891509 -0.10231377
v 0.35879773 -0.35896406 -0.09199557
v 0.35697487 -0.35892189 -0.08601804
v 0.35406959 -0.35885632 -0.07986480
v 0.36259893 -0.35897711 -0.09624576
v 0.36264420 -0.35896358 -0.10243797
v 0.36987948 -0.35891813 -0.10239308
v 0.37085789 -0.35893917 -0.09619911
v 0.37661329 -0.35888860 -0.09544619
v 0.34408355 -0.35884362 -0.08031756
v 0.37857550 -0.35880801 -0.10311005
v 0.37600434 -0.35884547 -0.10934194
v 0.38251507 -0.35872576 -0.10836188
v 0.37816837 -0.35875243 -0.11619094
v 0.35762560 -0.35893402 -0.11232011
v 0.36712247 -0.35887766 -0.11249533
v 0.35541961 -0.35895324 -0.10229598
v 0.36672002 -0.35895658 -0.09207544
v 0.35580295 -0.35871598 -0.13113645
v 0.36575904 -0.35868087 -0.12736973
v 0.36679164 -0.35867721 -0.13087963
v 0.35530537 -0.35870302 -0.13542083
v 0.38447863 -0.35865614 -0.11426003
v 0.39057973 -0.35862061 -0.10696108
v 0.37833476 -0.35871196 -0.11958931
v 0.37142801 -0.35873657 -0.11966693
v 0.37043524 -0.35866094 -0.12329688
v 0.37971690 -0.35863057 -0.12349372
v 0.37145889 -0.35863355 -0.12688403
v 0.38481432 -0.35858649 -0.12456389
v 0.37833008 -0.35865986 -0.12814428
v 0.39004064 -0.35857725 -0.11335813
v 0.39253658 -0.35865325 -0.10851768
v 0.39233524 -0.35860348 -0.11970095
v 0.39672509 -0.35866413 -0.11277954
v 0.38935906 -0.35854840 -0.11973826
v 0.39626843 -0.35863626 -0.12462921
v 0.40243983 -0.35862964 -0.11756259
v 0.41040459 -0.35862216 -0.10974041
v 0.41203037 -0.35860667 -0.11860132
v 0.40526885 -0.35861918 -0.12554955
v 0.39915287 -0.35860455 -0.13132879
v 0.41462269 -0.35859662 -0.12371130
v 0.41038227 -0.35860395 -0.12769708
v 0.41667777 -0.35856819 -0.12779389
v 0.42014810 -0.35853195 -0.13135353
v 0.40323249 -0.35867092 -0.10596243
v 0.41244075 -0.35866427 -0.10218155
v 0.41018537 -0.35870820 -0.09656246
v 0.41825604 -0.35869023 -0.09692003
v 0.40213761 -0.35870346 -0.09840302
v 0.40893328 -0.35872823 -0.09120266
v 0.41303569 -0.35873571 -0.08796880
v 0.41875088 -0.35861236 -0.10793981
v 0.41870219 -0.35872075 -0.09204556
v 0.41856515 -0.35872889 -0.08591029
v 0.40509802 -0.35870993 -0.08762517
v 0.40031427 -0.35870838 -0.09022775
v 0.40042502 -0.35870683 -0.08194449
v 0.39707783 -0.35871544 -0.08784974
v 0.39666557 -0.35874778 -0.07220038
v 0.42676842 -0.35866666 -0.09421826
v 0.41077852 -0.35872632 -0.07747376
v 0.41639596 -0.35873342 -0.07572145
v 0.42248726 -0.35871196 -0.07781824
v 0.41666925 -0.35860077 -0.11363505
v 0.42263442 -0.35859048 -0.11968387
v 0.39418584 -0.35873207 -0.07374798
v 0.42751148 -0.35868537 -0.08399464
v 0.39402950 -0.35868585 -0.08845494
v 0.39206985 -0.35868886 -0.07644132
v 0.39183891 -0.35863787 -0.08740108
v 0.39156207 -0.35866153 -0.07271091
v 0.38842002 -0.35869843 -0.07589194
v 0.38477173 -0.35864651 -0.12712957
v 0.36573404 -0.35893664 -0.08802570
v 0.38022250 -0.35867792 -0.13122040
v 0.38630605 -0.35867360 -0.13165724
v 0.37985855 -0.35864565 -0.13641614
v 0.38676155 -0.35864794 -0.13525717
v 0.38866141 -0.35865861 -0.13921952
v 0.38516331 -0.35868263 -0.14488953
v 0.38086903 -0.35864705 -0.14310372
v 0.37744746 -0.35861292 -0.13918047
v 0.37252146 -0.35862583 -0.13509764
v 0.38164923 -0.35867575 -0.14972205
v 0.38943255 -0.35871586 -0.14749898
v 0.39297217 -0.35861057 -0.14389710
v 0.39340058 -0.35863486 -0.14668171
v 0.39326638 -0.35867235 -0.15048091
v 0.39525267 -0.35852924 -0.14541440
v 0.39646313 -0.35850507 -0.14353101
v 0.37278607 -0.35855833 -0.13979559
v 0.39278612 -0.35867533 -0.15494317
v 0.39446384 -0.35862300 -0.15620025
v 0.39581367 -0.35872361 -0.15023577
v 0.39575356 -0.35864216 -0.15498343
v 0.39898548 -0.35891953 -0.15009734
v 0.36583182 -0.35865137 -0.13505532
v 0.37662953 -0.35881260 -0.11297418
v 0.42269152 -0.35862526 -0.11173908
v 0.42663085 -0.35863063 -0.10819359
v 0.42959073 -0.35864487 -0.11461968
v 0.43042603 -0.35859105 -0.12159307
v 0.42688885 -0.35855564 -0.12711748
v 0.42474410 -0.35862535 -0.10417878
v 0.43031752 -0.35861143 -0.10405736
v 0.43092272 -0.35862309 -0.09813839
v 0.43738776 -0.35855567 -0.09989814
v 0.43748933 -0.35855871 -0.10573716
v 0.43218482 -0.35856321 -0.12938657
v 0.43796539 -0.35852060 -0.12347770
v 0.43653229 -0.35855415 -0.13466457
v 0.44311506 -0.35849896 -0.09795953
v 0.44326231 -0.35848826 -0.10570356
v 0.43735716 -0.35854483 -0.11749285
v 0.43937320 -0.35851818 -0.13409449
v 0.36689132 -0.35892203 -0.10870282
v 0.34468850 -0.35865551 -0.13507284
v 0.35383707 -0.35863233 -0.13920465
v 0.32902372 -0.35888854 -0.08886548
v 0.36548418 -0.35857886 -0.13917397
v 0.38847199 -0.35866544 -0.08214474
v 0.37371731 -0.35848570 -0.14325979
v 0.44724196 -0.35841542 -0.10043101
v 0.44611722 -0.35845366 -0.11218376
v 0.45138741 -0.35831794 -0.10301407
v 0.45130664 -0.35834688 -0.09436926
v 0.45566243 -0.35820401 -0.09916466
v 0.45566741 -0.35816950 -0.11401438
v 0.46016565 -0.35809106 -0.09907015
v 0.46455592 -0.35795456 -0.10339568
v 0.46463317 -0.35789627 -0.11632078
v 0.45561501 -0.35813108 -0.12939467
v 0.46698126 -0.35794249 -0.11628273
v 0.46012542 -0.35813195 -0.09052199
v 0.45559376 -0.35826248 -0.08769701
v 0.45342350 -0.35834628 -0.08380404
v 0.45143980 -0.35830727 -0.11492488
v 0.46449229 -0.35797819 -0.09404009
v 0.46012127 -0.35818684 -0.08284526
v 0.30338022 -0.35803226 -0.12926681
v 0.29278567 -0.35795754 -0.13132003
v 0.28384805 -0.35792673 -0.13501146
v 0.29290077 -0.35805118 -0.13888663
v 0.30124104 -0.35813814 -0.13894200
v 0.27918622 -0.35782588 -0.13104455
v 0.27854219 -0.35789973 -0.13494110
v 0.30225801 -0.35818815 -0.14334877
v 0.29208532 -0.35810453 -0.14322880
v 0.30956018 -0.35827655 -0.14350639
v 0.29705542 -0.35830909 -0.14777568
v 0.30962875 -0.35839391 -0.14780675
v 0.29163945 -0.35786355 -0.12546600
v 0.27461743 -0.35797623 -0.13761723
v 0.30326077 -0.35833946 -0.14777322
v 0.27902567 -0.35775957 -0.12540142
v 0.28847456 -0.35781056 -0.12123222
v 0.29685894 -0.35784739 -0.11907290
v 0.30297539 -0.35792926 -0.12127398
v 0.29645297 -0.35782313 -0.11428003
v 0.27873200 -0.35770839 -0.11607127
v 0.27513224 -0.35774726 -0.12211978
v 0.27522260 -0.35771698 -0.11236917
v 0.27146176 -0.35782132 -0.12109248
v 0.27833951 -0.35772055 -0.10663146
v 0.27497357 -0.35772726 -0.10438436
v 0.28852987 -0.35781091 -0.10741831
v 0.27232537 -0.35775205 -0.10610899
v 0.26906380 -0.35781708 -0.10201465
v 0.26888567 -0.35782284 -0.10812053
v 0.26612613 -0.35792890 -0.10432117
v 0.26630861 -0.35794103 -0.11132586
v 0.26187676 -0.35795027 -0.10762531
v 0.26186827 -0.35799420 -0.11141598
v 0.25807473 -0.35969171 -0.10926824
v 0.25807339 -0.35968047 -0.10231775
v 0.25804380 -0.35979435 -0.11529197
v 0.27771547 -0.35775054 -0.10184973
v 0.26184821 -0.35814592 -0.11912361
v 0.25799170 -0.35984361 -0.11946198
v 0.25791353 -0.35982448 -0.12367675
v 0.26623839 -0.35799345 -0.09726141
v 0.27042404 -0.35782087 -0.11428938
v 0.26873046 -0.35795283 -0.08979633
v 0.27121383 -0.35785729 -0.09384794
v 0.27120486 -0.35791051 -0.08621056
v 0.26790828 -0.35801518 -0.07885646
v 0.26533490 -0.35810599 -0.08087961
v 0.26530182 -0.35813206 -0.07669543
v 0.26188961 -0.35819757 -0.08080803
v 0.26190662 -0.35823506 -0.08470679
v 0.25820786 -0.35987633 -0.08080807
v 0.25814703 -0.35990328 -0.08611546
v 0.25855646 -0.35946560 -0.07644635
v 0.26179093 -0.35814264 -0.12788524
v 0.26651809 -0.35801423 -0.12345840
v 0.26648989 -0.35807079 -0.12946078
v 0.26176926 -0.35815051 -0.13175823
v 0.26175749 -0.35818559 -0.13560665
v 0.25784433 -0.35969254 -0.13177675
v 0.25783491 -0.35961053 -0.13563451
v 0.26638758 -0.35818860 -0.13694303
v 0.25782976 -0.35957080 -0.13951404
v 0.26588881 -0.35808587 -0.08834469
v 0.26175478 -0.35828364 -0.14230163
v 0.27125776 -0.35795793 -0.07852139
v 0.27516520 -0.35788277 -0.08014578
v 0.27537993 -0.35798621 -0.07146268
v 0.27329946 -0.35801604 -0.07107483
v 0.26685113 -0.35824984 -0.06479791
v 0.27908158 -0.35795081 -0.07582806
v 0.28236651 -0.35820720 -0.14773153
v 0.28862554 -0.35873955 -0.15222627
v 0.26190549 -0.35824153 -0.08858246
v 0.34256524 -0.35886812 -0.10230546
v 0.34505707 -0.35885990 -0.07609858
v 0.35151720 -0.35886705 -0.07569338
v 0.35689166 -0.35891378 -0.07519739
v 0.36143431 -0.35883942 -0.07970075
v 0.31525388 -0.35844505 -0.14778286
v 0.32892817 -0.35890165 -0.07611518
v 0.38467002 -0.35870713 -0.09903774
v 0.28745770 -0.35778850 -0.11209521
v 0.41690660 -0.35873824 -0.06653635
v 0.39683279 -0.35871395 -0.15861355
v 0.40268344 -0.35871589 -0.07619464
v 0.27523625 -0.35782665 -0.09060115
v 0.31522354 -0.35833022 -0.14321066
v 0.33375522 -0.35872307 -0.11962888
v 0.26188365 -0.35795057 -0.10387144
v 0.42067459 -0.35863835 -0.10215963
v 0.27939004 -0.35805425 -0.06586821
v 0.28505120 -0.35809726 -0.06881627
v 0.27959117 -0.35812503 -0.06164802
v 0.34085563 -0.35882813 -0.07273000
v 0.41026074 -0.35857928 -0.13152939
v 0.41764736 -0.35854766 -0.13514149
v 0.42515415 -0.35856277 -0.13442031
v 0.42175680 -0.35845381 -0.13891505
v 0.42858100 -0.35858390 -0.13528870
v 0.40783527 -0.35847124 -0.13949998
v 0.42871287 -0.35846898 -0.13911811
v 0.42658335 -0.35838494 -0.14099084
v 0.42074171 -0.35834441 -0.14150791
v 0.41171238 -0.35837510 -0.14160605
v 0.39668918 -0.35871688 -0.10418702
v 0.46014965 -0.35820183 -0.07499589
v 0.45556906 -0.35831672 -0.07206065
v 0.46021831 -0.35822278 -0.06704911
v 0.45569837 -0.35832578 -0.06299155
v 0.45122790 -0.35843381 -0.06697177
v 0.38892835 -0.35876065 -0.15863632
v 0.28241548 -0.35794976 -0.13901110
v 0.40169805 -0.35859960 -0.13521610
v 0.42474005 -0.35841537 -0.14399959
v 0.42867300 -0.35838407 -0.14363477
v 0.42486852 -0.35877681 -0.14808449
v 0.42060205 -0.35878798 -0.14789039
v 0.42850593 -0.35859534 -0.14814597
v 0.42453733 -0.35921729 -0.15099572
v 0.26607448 -0.35805416 -0.09217090
v 0.39244419 -0.35863006 -0.13322777
v 0.32216546 -0.35854241 -0.13379563
v 0.31118548 -0.35828993 -0.13904555
v 0.42071941 -0.35855582 -0.12579596
v 0.39911151 -0.35869449 -0.15479814
v 0.40277800 -0.35868934 -0.15465361
v 0.40263629 -0.35900128 -0.15001678
v 0.39898434 -0.35880318 -0.14663048
v 0.40261927 -0.35887384 -0.14681420
v 0.40683818 -0.35895678 -0.15006313
v 0.40591234 -0.35867551 -0.15896034
v 0.27493149 -0.35785055 -0.13111250
v 0.28257459 -0.35801542 -0.14331143
v 0.42689961 -0.35855335 -0.13100445
v 0.43738863 -0.35859215 -0.09388179
v 0.43474042 -0.35867366 -0.08703586
v 0.44308269 -0.35855448 -0.09017473
v 0.44311184 -0.35858649 -0.08225621
v 0.43488622 -0.35868543 -0.08249708
v 0.44122973 -0.35859877 -0.07432455
v 0.43565404 -0.35865179 -0.07018250
v 0.44702178 -0.35852665 -0.07470684
v 0.43157649 -0.35869122 -0.07699479
v 0.44707549 -0.35851079 -0.06682201
v 0.43188035 -0.35868394 -0.06916776
v 0.44705242 -0.35851735 -0.08255997
v 0.43750763 -0.35859603 -0.05708573
v 0.44135606 -0.35854447 -0.06074206
v 0.44536015 -0.35848534 -0.05686514
v 0.44451064 -0.35852233 -0.05089565
v 0.45273033 -0.35842332 -0.04978642
v 0.45161253 -0.35842162 -0.05490340
v 0.43061179 -0.35867655 -0.05714580
v 0.42813295 -0.35870343 -0.06915469
v 0.42417395 -0.35870424 -0.06259556
v 0.42212623 -0.35869551 -0.05691900
v 0.41533184 -0.35873371 -0.06078835
v 0.41426802 -0.35874093 -0.05698127
v 0.42302224 -0.35871485 -0.05293913
v 0.43063289 -0.35871401 -0.05295408
v 0.40659729 -0.35882136 -0.05316641
v 0.42942983 -0.35868561 -0.04879566
v 0.42516130 -0.35864586 -0.04530110
v 0.45209593 -0.35845414 -0.04535497
v 0.44369626 -0.35860515 -0.04494054
v 0.43945608 -0.35862446 -0.04883602
v 0.43962216 -0.35863101 -0.04464295
v 0.45181182 -0.35844925 -0.03856880
v 0.44367567 -0.35863584 -0.03963843
v 0.44327381 -0.35861343 -0.03159844
v 0.44955868 -0.35845232 -0.02781060
v 0.44331598 -0.35859463 -0.02367863
v 0.43875435 -0.35866359 -0.02827445
v 0.45610666 -0.35829729 -0.02797161
v 0.45615053 -0.35831913 -0.03581017
v 0.46469560 -0.35811260 -0.02173690
v 0.43917444 -0.35864788 -0.01882866
v 0.44319859 -0.35858047 -0.01615274
v 0.43912923 -0.35866040 -0.01418898
v 0.44322884 -0.35854393 -0.00844533
v 0.43314618 -0.35867110 -0.02207718
v 0.43090984 -0.35871845 -0.02503001
v 0.43138072 -0.35871720 -0.02943144
v 0.43494970 -0.35864905 -0.03376779
v 0.45604518 -0.35828990 -0.01647893
v 0.46463564 -0.35813728 -0.01103977
v 0.46450862 -0.35814565 -0.03632636
v 0.46677664 -0.35821599 -0.03612067
v 0.43502337 -0.35871553 -0.01428914
v 0.43439248 -0.35860085 -0.03922868
v 0.46679026 -0.35819146 -0.02113265
v 0.44949925 -0.35844731 -0.02019008
v 0.42742476 -0.35868764 -0.02098336
v 0.42720699 -0.35865512 -0.01812297
v 0.42368531 -0.35881233 -0.02077185
v 0.42395124 -0.35904351 -0.02410845
v 0.41962573 -0.35910395 -0.02392612
v 0.41947225 -0.35886070 -0.02079424
v 0.41519827 -0.35860574 -0.01834605
v 0.43922555 -0.35863477 -0.00831491
v 0.42672637 -0.35866281 -0.03720113
v 0.44952309 -0.35842651 -0.01253082
v 0.46688068 -0.35823214 -0.01172675
v 0.45991832 -0.35819480 -0.00329611
v 0.46049273 -0.35820198 -0.00859383
v 0.43211278 -0.35867664 -0.01814196
v 0.43931624 -0.35864833 -0.03632260
v 0.42285997 -0.35864243 -0.01800696
v 0.38587004 -0.35861871 -0.12020488
v 0.32610515 -0.35843417 -0.14328501
v 0.35995391 -0.35873353 -0.12309306
v 0.27558601 -0.35810459 -0.06159055
v 0.30723560 -0.35807097 -0.12739787
v 0.38531655 -0.35872054 -0.15275151
v 0.39254925 -0.35866380 -0.06889711
v 0.26570031 -0.35819840 -0.07018138
v 0.46470854 -0.35814321 -0.04380448
v 0.46687898 -0.35820773 -0.04244679
v 0.46701804 -0.35825631 -0.05094509
v 0.46458879 -0.35818264 -0.05555789
v 0.46704909 -0.35826689 -0.05642637
v 0.46702850 -0.35821387 -0.06189726
v 0.46057463 -0.35826898 -0.05068149
v 0.43540692 -0.35866392 -0.05286649
v 0.28217745 -0.35857868 -0.15128295
v 0.27814907 -0.35847259 -0.15105517
v 0.27441466 -0.35823312 -0.14744203
v 0.27434623 -0.35837674 -0.15086642
v 0.27073297 -0.35836336 -0.15052301
v 0.27063218 -0.35815871 -0.14336430
v 0.26623118 -0.35840136 -0.14844903
v 0.27429760 -0.35845071 -0.15390882
v 0.28205106 -0.35875145 -0.15370627
v 0.42787522 -0.35879719 -0.02939094
v 0.43421978 -0.35859138 -0.13662085
v 0.44706672 -0.35848027 -0.09040464
v 0.44127691 -0.35857463 -0.06656895
v 0.25746268 -0.36010560 -0.12744603
v 0.31139478 -0.35834298 -0.08996153
v 0.31550765 -0.35840574 -0.08885070
v 0.43007526 -0.35834488 -0.14196229
v 0.46010467 -0.35802090 -0.12577367
v 0.31151593 -0.35847771 -0.07641079
v 0.43524638 -0.35871696 -0.01014251
v 0.43583891 -0.35867116 -0.00461964
v 0.43116876 -0.35874173 -0.01005641
v 0.43198639 -0.35866046 -0.08974850
v 0.40844828 -0.35875499 -0.06564876
v 0.32894009 -0.35888374 -0.07240302
v 0.39909074 -0.35848799 -0.14491102
v 0.31931701 -0.35842678 -0.08876538
v 0.31973359 -0.35845494 -0.08213059
v 0.32261401 -0.35847545 -0.08937617
v 0.32257679 -0.35848311 -0.09751303
v 0.32548076 -0.35876140 -0.08915686
v 0.46692735 -0.35802415 -0.09614497
v 0.36432943 -0.35883659 -0.11589906
v 0.28964388 -0.35787058 -0.10245521
v 0.42438614 -0.35871604 -0.07432154
v 0.41515788 -0.35900068 -0.02392293
v 0.41112748 -0.35876298 -0.02116030
v 0.41140795 -0.35862327 -0.01848780
v 0.41106299 -0.35895902 -0.02404195
v 0.41110757 -0.35893473 -0.02884247
v 0.40575096 -0.35887554 -0.02959100
v 0.41195977 -0.35884038 -0.03410470
v 0.41479731 -0.35879162 -0.03856552
v 0.40773928 -0.35878041 -0.03819333
v 0.41980302 -0.35881728 -0.03433427
v 0.40151763 -0.35883710 -0.03360166
v 0.40408164 -0.35886344 -0.02877821
v 0.39248234 -0.35888961 -0.02915407
v 0.40366891 -0.35880914 -0.02480771
v 0.39390054 -0.35875294 -0.02230974
v 0.40425071 -0.35872057 -0.02165335
v 0.39811233 -0.35872450 -0.01854593
v 0.39068627 -0.35873455 -0.01861399
v 0.38146147 -0.35871986 -0.02279952
v 0.38911149 -0.35875612 -0.01444416
v 0.40607148 -0.35874215 -0.01423266
v 0.39873457 -0.35874283 -0.01004944
v 0.40834868 -0.35873735 -0.01008740
v 0.40168667 -0.35868520 -0.00621326
v 0.40498790 -0.35869265 -0.01853047
v 0.40962601 -0.35866457 -0.00382445
v 0.38696361 -0.35886472 -0.02633110
v 0.39082083 -0.35872409 -0.01007025
v 0.38332444 -0.35863483 -0.00621017
v 0.41883296 -0.35870039 -0.00966012
v 0.38073429 -0.35871029 -0.01836365
v 0.39486170 -0.35863772 -0.00233524
v 0.38286707 -0.35861164 -0.00233090
v 0.39292064 -0.35864043 0.00337259
v 0.38593075 -0.35863280 0.00434232
v 0.37466145 -0.35857326 0.00153829
v 0.37608051 -0.35857797 0.00539538
v 0.36662811 -0.35852927 0.00738505
v 0.35982570 -0.35851073 0.00437145
v 0.36051884 -0.35855913 -0.00515251
v 0.35189843 -0.35850608 -0.00262764
v 0.37005863 -0.35854787 0.00982553
v 0.37698942 -0.35860056 0.00927951
v 0.34818989 -0.35853946 -0.01144953
v 0.37708306 -0.35866678 0.01486376
v 0.37373355 -0.35865015 0.01610092
v 0.36942142 -0.35855615 0.01904129
v 0.38110429 -0.35864803 0.01354537
v 0.37334633 -0.35863814 0.02427932
v 0.36800712 -0.35854739 0.02702582
v 0.37333110 -0.35875154 0.03525290
v 0.36517829 -0.35849407 0.02446360
v 0.36930305 -0.35866976 0.03451433
v 0.37330350 -0.35879210 0.04056688
v 0.36025316 -0.35844758 0.02489416
v 0.36034104 -0.35847455 0.02904544
v 0.34898543 -0.35842118 0.02480517
v 0.38161165 -0.35864729 0.01681944
v 0.35191494 -0.35843292 0.01898657
v 0.35114908 -0.35843861 0.01173989
v 0.34057716 -0.35841173 0.01821947
v 0.34237191 -0.35842589 0.02721422
v 0.33447945 -0.35842648 0.01810628
v 0.33814564 -0.35845044 0.02678843
v 0.34206471 -0.35851273 0.03457508
v 0.33442476 -0.35837236 0.01255797
v 0.32689771 -0.35847533 0.01321001
v 0.34891880 -0.35853401 0.03463181
v 0.37733433 -0.35874879 0.03092484
v 0.37905285 -0.35869107 0.02491578
v 0.38275540 -0.35876822 0.02911822
v 0.38461706 -0.35871643 0.02289513
v 0.39036331 -0.35879225 0.02952953
v 0.39039713 -0.35872865 0.02305920
v 0.39057124 -0.35868260 0.01696164
v 0.32628790 -0.35855147 0.01710177
v 0.39082140 -0.35867378 0.01106861
v 0.38083959 -0.35878631 0.03521810
v 0.33804792 -0.35854056 0.03520796
v 0.33412501 -0.35856789 0.03358045
v 0.34098598 -0.35868031 0.04260407
v 0.33591631 -0.35864308 0.04033542
v 0.33231577 -0.35847303 0.02167183
v 0.32982031 -0.35857284 0.02675504
v 0.37410015 -0.35858551 -0.00233527
v 0.37028754 -0.35862279 -0.00812322
v 0.36264843 -0.35861084 -0.01182280
v 0.36455667 -0.35868353 -0.01647010
v 0.35549337 -0.35863793 -0.01723667
v 0.36934257 -0.35871989 -0.01572394
v 0.36956868 -0.35879287 -0.02131263
v 0.35940617 -0.35869366 -0.02117706
v 0.37281436 -0.35878605 -0.01874868
v 0.36977363 -0.35881391 -0.02732921
v 0.37368152 -0.35881788 -0.02698262
v 0.37704065 -0.35879099 -0.02649535
v 0.36911416 -0.35873497 -0.03767816
v 0.35940951 -0.35865989 -0.03776641
v 0.37394875 -0.35874876 -0.03641753
v 0.37485513 -0.35865238 -0.01004058
v 0.36353633 -0.35874075 -0.02727522
v 0.35568768 -0.35858175 -0.01181223
v 0.37754279 -0.35874084 -0.03402879
v 0.34055907 -0.35839152 0.01118043
v 0.37650567 -0.35879815 0.04011065
v 0.34721684 -0.35844600 0.00178381
v 0.34038550 -0.35843205 -0.00823644
v 0.34016532 -0.35839081 -0.00263063
v 0.33421549 -0.35838845 -0.01050340
v 0.33140972 -0.35830462 -0.00253340
v 0.34075460 -0.35848120 -0.01579712
v 0.33456400 -0.35845354 -0.01908989
v 0.33042526 -0.35835084 -0.00967905
v 0.32491881 -0.35830867 -0.00520987
v 0.33030298 -0.35831487 0.00337864
v 0.32365516 -0.35835901 -0.00998419
v 0.32629526 -0.35847822 -0.01409399
v 0.33899820 -0.35848105 -0.02374417
v 0.33497185 -0.35845867 -0.02865491
v 0.33023989 -0.35851043 -0.02882728
v 0.34301391 -0.35852709 -0.02366301
v 0.32615459 -0.35855225 -0.01847913
v 0.32979327 -0.35864389 0.03452863
v 0.33480150 -0.35849419 -0.03551719
v 0.32232791 -0.35847545 -0.01411239
v 0.39826933 -0.35873991 0.02764341
v 0.40137196 -0.35877317 0.03402966
v 0.39043552 -0.35881922 0.03379044
v 0.40729791 -0.35873687 0.02968650
v 0.37713906 -0.35865727 0.02085253
v 0.40265778 -0.35863197 0.00154628
v 0.40693671 -0.35862839 0.00538460
v 0.31357425 -0.35839614 -0.00602725
v 0.31959236 -0.35834363 -0.00218339
v 0.30434608 -0.35845971 -0.00158517
v 0.31275216 -0.35841221 0.00180023
v 0.32061148 -0.35837737 0.00362540
v 0.30978799 -0.35846546 0.00557592
v 0.32180402 -0.35842383 0.00902447
v 0.31266364 -0.35852063 0.01146923
v 0.30382991 -0.35853514 0.00904051
v 0.30470917 -0.35854396 0.01347315
v 0.31161767 -0.35860166 0.01750734
v 0.29200158 -0.35854670 0.01695264
v 0.30968386 -0.35869512 0.02142873
v 0.29931363 -0.35868707 0.02124029
v 0.29148644 -0.35864994 0.02085770
v 0.30478787 -0.35876441 0.02533096
v 0.28295821 -0.35854989 0.01687197
v 0.28685832 -0.35844591 0.01281666
v 0.28307080 -0.35842377 0.01320754
v 0.27943632 -0.35821092 0.00561142
v 0.28915480 -0.35836089 0.00533882
v 0.27932015 -0.35816097 0.00155949
v 0.28923869 -0.35832727 0.00157740
v 0.29487032 -0.35843009 0.00354360
v 0.27932549 -0.35815546 -0.00219598
v 0.27544436 -0.35815701 -0.00441474
v 0.29351673 -0.35847378 0.00972135
v 0.27557522 -0.35817501 0.00295690
v 0.29553309 -0.35851392 0.01336152
v 0.29529256 -0.35841805 -0.00252704
v 0.28836149 -0.35833701 -0.00599721
v 0.29088926 -0.35846555 -0.01238924
v 0.29758719 -0.35857496 -0.01396257
v 0.28521121 -0.35835433 -0.00991562
v 0.29871652 -0.35846186 -0.00300372
v 0.29109290 -0.35857332 -0.01950501
v 0.28753123 -0.35855547 -0.01881294
v 0.28773576 -0.35864335 -0.02663716
v 0.29131928 -0.35861552 -0.02674831
v 0.29558098 -0.35869023 -0.02695935
v 0.28360981 -0.35872212 -0.02650420
v 0.30295700 -0.35859427 -0.01371911
v 0.28357008 -0.35860708 -0.01988232
v 0.27554071 -0.35875908 -0.02264073
v 0.27932647 -0.35860598 -0.01829436
v 0.27525663 -0.35864198 -0.01832763
v 0.29653084 -0.35869002 -0.02251947
v 0.30453095 -0.35871422 -0.02247711
v 0.30193603 -0.35869485 -0.02700313
v 0.29767159 -0.35893482 -0.02933937
v 0.30881467 -0.35870668 -0.02681710
v 0.30972102 -0.35868284 -0.02240744
v 0.31605753 -0.35862631 -0.02623674
v 0.28771153 -0.35879380 -0.02924769
v 0.27934062 -0.35842627 -0.01407004
v 0.27202567 -0.35841569 -0.01384081
v 0.27091363 -0.35863841 -0.01837345
v 0.26615375 -0.35859105 -0.01836920
v 0.26621789 -0.35844243 -0.01419572
v 0.26174793 -0.35822129 -0.01424126
v 0.26174632 -0.35831985 -0.01829551
v 0.26174375 -0.35842863 -0.02221974
v 0.25807643 -0.35982409 -0.02207849
v 0.25810033 -0.35979500 -0.01815320
v 0.26174116 -0.35849357 -0.02618472
v 0.25804228 -0.35983121 -0.02605990
v 0.25801039 -0.35982820 -0.02994337
v 0.29748929 -0.35865375 -0.01840463
v 0.25811571 -0.35976467 -0.01416865
v 0.28528574 -0.35866630 0.02102911
v 0.27941164 -0.35877612 -0.02632803
v 0.27311608 -0.35882109 -0.02536059
v 0.27920845 -0.35883376 -0.03037325
v 0.27175099 -0.35886288 -0.02987006
v 0.26612338 -0.35879970 -0.02619534
v 0.26614487 -0.35885271 -0.03012591
v 0.26610512 -0.35886073 -0.03780020
v 0.28138277 -0.35881200 -0.03751448
v 0.27113828 -0.35825574 -0.00991157
v 0.26625210 -0.35834125 -0.01004446
v 0.27118015 -0.35821414 -0.00605041
v 0.29620153 -0.35872084 0.02430575
v 0.27931380 -0.35818923 -0.00603066
v 0.28347355 -0.35844266 -0.01402865
v 0.27882200 -0.35858500 0.01707996
v 0.31859756 -0.35857165 0.01543882
v 0.29873714 -0.35846457 0.00316766
v 0.31139562 -0.35882628 0.02904710
v 0.30675644 -0.35885599 0.02983947
v 0.30656779 -0.35897693 0.03427840
v 0.31367341 -0.35885051 0.03315089
v 0.31048042 -0.35880399 0.03676016
v 0.31242827 -0.35845220 -0.00983507
v 0.30642301 -0.35854617 -0.01161172
v 0.31746134 -0.35879478 0.02836008
v 0.39047837 -0.35880959 0.03954181
v 0.38656193 -0.35881323 0.03746279
v 0.38447714 -0.35879838 0.04321264
v 0.39144424 -0.35878295 0.04315780
v 0.38638443 -0.35874790 0.04902413
v 0.39245847 -0.35876301 0.04862631
v 0.39884323 -0.35878485 0.04498745
v 0.39827970 -0.35876408 0.04841658
v 0.39994463 -0.35874611 0.04143953
v 0.39141256 -0.35873950 0.05260305
v 0.39719203 -0.35869139 0.05249294
v 0.40733320 -0.35868016 0.04152386
v 0.38356742 -0.35872623 0.05292405
v 0.37862223 -0.35875228 0.04906856
v 0.40847874 -0.35866526 0.04879167
v 0.38404450 -0.35874131 0.05658719
v 0.34007359 -0.35838163 0.00326632
v 0.31501892 -0.35876212 0.03793902
v 0.31862044 -0.35877669 0.03644156
v 0.31819132 -0.35874671 0.04414103
v 0.30816144 -0.35864460 0.04430315
v 0.31323177 -0.35872066 0.04901402
v 0.32205245 -0.35879850 0.04830639
v 0.31932610 -0.35880357 0.05433806
v 0.32290113 -0.35885167 0.05339648
v 0.32617196 -0.35883456 0.04940075
v 0.32782683 -0.35891306 0.05262938
v 0.31270152 -0.35876650 0.05292407
v 0.31622711 -0.35879442 0.05747886
v 0.31156334 -0.35873029 0.05650445
v 0.31196684 -0.35868865 0.06165422
v 0.31601486 -0.35878518 0.06380161
v 0.30723220 -0.35858911 0.05888567
v 0.32698083 -0.35874832 0.04304042
v 0.32976308 -0.35874817 0.04486199
v 0.30740598 -0.35850519 0.06403368
v 0.29523399 -0.35847351 0.05252201
v 0.29667002 -0.35829893 0.06385764
v 0.30076146 -0.35856974 0.05286356
v 0.30735308 -0.35845476 0.06789504
v 0.31977275 -0.35882097 0.06078681
v 0.30673283 -0.35866547 0.05222721
v 0.32236964 -0.35876843 0.04306065
v 0.29670399 -0.35826391 0.06759386
v 0.30757302 -0.35842517 0.07506464
v 0.29771721 -0.35828328 0.07267280
v 0.28556386 -0.35811651 0.06778060
v 0.29110581 -0.35820848 0.07598101
v 0.28271824 -0.35810333 0.07402161
v 0.27873605 -0.35807392 0.07430882
v 0.27901250 -0.35805443 0.06293477
v 0.27510417 -0.35806721 0.06454866
v 0.27524006 -0.35809392 0.07415161
v 0.27110085 -0.35812777 0.06256925
v 0.27104908 -0.35815683 0.07413901
v 0.26609367 -0.35826179 0.06926950
v 0.26618615 -0.35826036 0.06411387
v 0.26616818 -0.35826617 0.06020994
v 0.26639611 -0.35822719 0.07945405
v 0.26618522 -0.35828108 0.05543023
v 0.26176521 -0.35828599 0.06007863
v 0.26175579 -0.35825807 0.05612275
v 0.25865290 -0.36001384 0.05623814
v 0.25875413 -0.36009780 0.06408760
v 0.27082342 -0.35814828 0.05644706
v 0.27078062 -0.35821089 0.05256687
v 0.26608726 -0.35842374 0.04822007
v 0.27314651 -0.35829490 0.04973311
v 0.26175052 -0.35827082 0.05224614
v 0.26177579 -0.35833052 0.06405869
v 0.26603806 -0.35855108 0.04382839
v 0.27286398 -0.35854387 0.04369595
v 0.26602843 -0.35868093 0.03982959
v 0.27317908 -0.35863799 0.04023986
v 0.26174033 -0.35852256 0.03997575
v 0.27267259 -0.35872218 0.03608057
v 0.27895945 -0.35874721 0.03331624
v 0.27330998 -0.35877195 0.03228772
v 0.26174134 -0.35867450 0.03338151
v 0.25841269 -0.36002481 0.03623537
v 0.25836450 -0.36004439 0.03235488
v 0.26172522 -0.35872129 0.02576443
v 0.25830245 -0.36004919 0.02856512
v 0.25823316 -0.36005843 0.02477466
v 0.26173517 -0.35870689 0.02081743
v 0.26598042 -0.35883319 0.02082194
v 0.26173791 -0.35860595 0.01709845
v 0.26601285 -0.35875443 0.01718767
v 0.27848685 -0.35847259 0.04390414
v 0.26610696 -0.35862884 0.01348505
v 0.27083236 -0.35852665 0.01348589
v 0.27174082 -0.35867754 0.01725178
v 0.26618883 -0.35851407 0.00946121
v 0.26174375 -0.35848776 0.01338771
v 0.25813171 -0.36001685 0.01344446
v 0.27115926 -0.35834983 0.00913361
v 0.26606607 -0.35881829 0.03328621
v 0.25846153 -0.36000207 0.04019571
v 0.25818458 -0.36006668 0.02097936
v 0.27052522 -0.35876313 0.02081973
v 0.27853894 -0.35857454 0.03987378
v 0.27486572 -0.35817766 0.05262533
v 0.27853468 -0.35818619 0.05266671
v 0.26175052 -0.35840753 0.00946523
v 0.27852941 -0.35831973 0.04842919
v 0.31185040 -0.35863599 0.06835239
v 0.28847659 -0.35826153 0.05831230
v 0.28754622 -0.35836044 0.05265165
v 0.28746790 -0.35842898 0.04459235
v 0.29138127 -0.35845959 0.04364630
v 0.28670520 -0.35848159 0.03988257
v 0.29066950 -0.35848165 0.03980659
v 0.28684387 -0.35873172 0.03731687
v 0.29750776 -0.35859132 0.03971493
v 0.30010721 -0.35858300 0.04439896
v 0.28266156 -0.35851932 0.03990034
v 0.30236879 -0.35864076 0.03979652
v 0.29798156 -0.35903111 0.03722990
v 0.30227327 -0.35895228 0.03713137
v 0.29419065 -0.35897949 0.03730056
v 0.29804716 -0.35920501 0.03487026
v 0.29432848 -0.35915172 0.03494208
v 0.30724487 -0.35841724 0.07861491
v 0.29644096 -0.35829574 0.08393516
v 0.30776000 -0.35848293 0.08743299
v 0.31583127 -0.35873330 0.08676912
v 0.31573796 -0.35873342 0.09177060
v 0.30790651 -0.35852194 0.09129272
v 0.31196326 -0.35869113 0.09733987
v 0.31618804 -0.35877579 0.09759818
v 0.32007986 -0.35883036 0.09779362
v 0.30748287 -0.35859036 0.09718098
v 0.30289972 -0.35851395 0.09713005
v 0.31125522 -0.35874787 0.10664953
v 0.30074471 -0.35853553 0.10267547
v 0.29646862 -0.35839295 0.09709980
v 0.29135415 -0.35838604 0.10274254
v 0.28863275 -0.35826048 0.09711489
v 0.27924860 -0.35812718 0.09723865
v 0.28433549 -0.35811961 0.09162164
v 0.27924037 -0.35805854 0.08993930
v 0.29642764 -0.35832292 0.09155806
v 0.31404233 -0.35877618 0.10306835
v 0.27832022 -0.35823211 0.10264477
v 0.27356383 -0.35818666 0.09935480
v 0.27087456 -0.35827833 0.10287309
v 0.27059013 -0.35849822 0.10713647
v 0.27853471 -0.35843784 0.10692281
v 0.27656236 -0.35867977 0.11108316
v 0.27024654 -0.35869575 0.11095157
v 0.27387613 -0.35878366 0.11573178
v 0.26583716 -0.35848615 0.11092037
v 0.26599067 -0.35835040 0.10705377
v 0.28008726 -0.35879010 0.11497590
v 0.27613139 -0.35888308 0.12239999
v 0.26996306 -0.35881150 0.12175986
v 0.27006084 -0.35881019 0.12577486
v 0.28445822 -0.35888827 0.12261616
v 0.29034936 -0.35889465 0.12220880
v 0.27401525 -0.35887277 0.12586731
v 0.27027264 -0.35873827 0.13147967
v 0.27416584 -0.35881203 0.13297267
v 0.26581222 -0.35839698 0.12956217
v 0.29049835 -0.35878992 0.11491107
v 0.27450722 -0.35873488 0.13775125
v 0.27046728 -0.35857409 0.13937305
v 0.27003163 -0.35875168 0.11448561
v 0.26579285 -0.35852703 0.11906488
v 0.27980155 -0.35883012 0.13380179
v 0.27565616 -0.35809812 0.09301891
v 0.28209779 -0.35876605 0.13804738
v 0.28899169 -0.35880804 0.13417479
v 0.28583342 -0.35882497 0.13001110
v 0.28828833 -0.35878423 0.13806736
v 0.28444397 -0.35868752 0.14256844
v 0.27840295 -0.35859430 0.14457017
v 0.28319556 -0.35854253 0.14952095
v 0.27924249 -0.35846841 0.15032029
v 0.27879545 -0.35889187 0.12607206
v 0.28959531 -0.35868487 0.14479360
v 0.26609945 -0.35824114 0.10290391
v 0.30090731 -0.35883218 0.11494724
v 0.28670472 -0.35850051 0.15559644
v 0.26587522 -0.35832894 0.13359484
v 0.30175659 -0.35862598 0.10680109
v 0.30652982 -0.35878992 0.11179785
v 0.31564674 -0.35883453 0.11145841
v 0.30997962 -0.35887206 0.11503454
v 0.31850114 -0.35887542 0.11384411
v 0.31818849 -0.35889882 0.11901417
v 0.31047839 -0.35895097 0.12233070
v 0.32098246 -0.35888925 0.12251665
v 0.32096100 -0.35887420 0.12597530
v 0.32775748 -0.35882771 0.12522936
v 0.31074205 -0.35894758 0.12597062
v 0.31814677 -0.35888022 0.12987527
v 0.31215635 -0.35889122 0.13204996
v 0.30568022 -0.35890171 0.13002896
v 0.29933867 -0.35894904 0.12609750
v 0.29390660 -0.35853559 0.10683338
v 0.32388091 -0.35888630 0.11900979
v 0.32540733 -0.35882312 0.13017055
v 0.26577508 -0.35846373 0.12569091
v 0.29063025 -0.35866210 0.11068776
v 0.30564582 -0.35887086 0.13425323
v 0.28492826 -0.35865986 0.11102026
v 0.28619692 -0.35841626 0.16127655
v 0.27856892 -0.35834867 0.15566416
v 0.28272745 -0.35835209 0.16122247
v 0.27486655 -0.35816443 0.16113868
v 0.29273504 -0.35847899 0.16123667
v 0.26179495 -0.35840976 0.07449436
v 0.26181218 -0.35840917 0.08000579
v 0.25894946 -0.36012670 0.07907817
v 0.25900763 -0.36009586 0.08394498
v 0.25884256 -0.36012793 0.07095347
v 0.28866422 -0.35817578 0.08195253
v 0.31812432 -0.35883647 0.13407890
v 0.32370672 -0.35874793 0.13801412
v 0.26625255 -0.35838416 0.00269192
v 0.32860738 -0.35877910 0.13345502
v 0.29907572 -0.35895216 0.12281074
v 0.27858359 -0.35812068 0.05614261
v 0.30347607 -0.35849777 -0.00612753
v 0.40220815 -0.35868129 0.02114698
v 0.39970094 -0.35880169 -0.03794175
v 0.39173341 -0.35880280 -0.03822001
v 0.39089990 -0.35878825 -0.04176725
v 0.38123000 -0.35873875 -0.04175738
v 0.38728777 -0.35875368 -0.04525182
v 0.38880250 -0.35883322 -0.03353984
v 0.39384922 -0.35875970 -0.04543329
v 0.38711929 -0.35878268 -0.04896590
v 0.38885629 -0.35880604 -0.05284091
v 0.39303559 -0.35883123 -0.05206515
v 0.38107908 -0.35871384 -0.04519789
v 0.38100126 -0.35878280 -0.05321024
v 0.38322172 -0.35874623 -0.05511734
v 0.38273263 -0.35874352 -0.05685232
v 0.38869393 -0.35875878 -0.05629134
v 0.27083299 -0.35875493 -0.02230429
v 0.27459645 -0.35809746 0.05712586
v 0.32968023 -0.35834023 0.00848193
v 0.31320941 -0.35854161 -0.01407096
v 0.38492128 -0.35875773 -0.03788194
v 0.36365998 -0.35849363 0.01667844
v 0.32579204 -0.35854441 -0.02220709
v 0.26174250 -0.35839614 0.04396814
v 0.29844776 -0.35871109 0.11088469
v 0.35045022 -0.35863417 -0.02116590
v 0.32009810 -0.35881540 0.08913614
v 0.42142421 -0.35873315 -0.03918203
v 0.30241939 -0.35911757 0.03466915
v 0.28849572 -0.35817033 0.06392506
v 0.28304362 -0.35875824 0.02942357
v 0.29856646 -0.35887489 0.13120501
v 0.40808198 -0.35874432 0.03404359
v 0.41561580 -0.35877296 -0.04163872
v 0.26173341 -0.35853025 -0.03046789
v 0.30645320 -0.35884139 0.03697689
v 0.28298515 -0.35809296 0.08483963
v 0.32208681 -0.35874531 0.02770649
v 0.32564944 -0.35871845 0.03448353
v 0.34825224 -0.35869402 0.04258272
v 0.41054001 -0.35867220 0.04477217
v 0.32829627 -0.35878226 0.13852780
v 0.32352912 -0.35866669 0.14262030
v 0.32740623 -0.35871094 0.14248177
v 0.32933655 -0.35859853 0.14663428
v 0.33374169 -0.35863692 0.14589030
v 0.32395810 -0.35857081 0.14682047
v 0.32036465 -0.35858825 0.14702855
v 0.32393825 -0.35847068 0.15619346
v 0.31323433 -0.35861689 0.14981353
v 0.31614524 -0.35852417 0.15591642
v 0.31206900 -0.35853150 0.15577704
v 0.32009935 -0.35837108 0.16578265
v 0.30706686 -0.35843197 0.16166806
v 0.31500345 -0.35834786 0.16638736
v 0.32016343 -0.35828838 0.16998754
v 0.31621909 -0.35823336 0.16997120
v 0.31218442 -0.35817659 0.16992757
v 0.31625098 -0.35812232 0.17384836
v 0.30785489 -0.35852921 0.15566909
v 0.29964077 -0.35864961 0.15047933
v 0.30480862 -0.35881168 0.14306106
v 0.29817045 -0.35880607 0.14303955
v 0.30340856 -0.35854650 0.15562280
v 0.29883099 -0.35847133 0.16140416
v 0.30210358 -0.35832310 0.16572851
v 0.32018518 -0.35823530 0.17376950
v 0.31225377 -0.35801214 0.17390405
v 0.31627551 -0.35804379 0.17726360
v 0.31230366 -0.35789064 0.17725292
v 0.31630698 -0.35801271 0.18045549
v 0.32020116 -0.35822126 0.18050902
v 0.30789667 -0.35832733 0.16572325
v 0.32402498 -0.35835081 0.17001514
v 0.32373643 -0.35838881 0.16446093
v 0.32849509 -0.35844448 0.16997072
v 0.32944527 -0.35851249 0.17285268
v 0.32787421 -0.35842860 0.16396405
v 0.33337030 -0.35853493 0.17002364
v 0.32011375 -0.35843983 0.16006362
v 0.31178010 -0.35867804 0.14718878
v 0.29421002 -0.35890108 -0.02920716
v 0.31234628 -0.35782555 0.18042894
v 0.31634384 -0.35820860 0.18478633
v 0.31240264 -0.35792297 0.18503703
v 0.31242561 -0.35860875 0.19048002
v 0.30820546 -0.35822263 0.19039895
v 0.30825505 -0.35764346 0.18519634
v 0.30814028 -0.36054751 0.19534847
v 0.31237632 -0.36020896 0.19504210
v 0.31638035 -0.36012539 0.19492941
v 0.32022497 -0.35911179 0.18959485
v 0.30683675 -0.35751927 0.18874076
v 0.30398548 -0.35733715 0.18644859
v 0.30378893 -0.35831371 0.19154243
v 0.30399841 -0.35735807 0.18938491
v 0.30392903 -0.35754591 0.18327871
v 0.30370051 -0.35758239 0.18055382
v 0.29520240 -0.35747194 0.18173957
v 0.29506713 -0.35753381 0.17986578
v 0.29095808 -0.35738653 0.18129911
v 0.29533014 -0.35640606 0.18598571
v 0.29472679 -0.35761258 0.17727382
v 0.29093507 -0.35595241 0.18605314
v 0.29075757 -0.35615778 0.19078064
v 0.28664643 -0.35591257 0.19078819
v 0.28684270 -0.35549149 0.18614982
v 0.29064167 -0.35824528 0.19274023
v 0.29524902 -0.35651803 0.19061570
v 0.31232494 -0.36140364 0.19737181
v 0.30266422 -0.35766611 0.17742409
v 0.30824813 -0.35766765 0.18048948
v 0.30340284 -0.36036238 0.19469702
v 0.28658131 -0.35837722 0.19273524
v 0.28663608 -0.36089140 0.19425891
v 0.29063287 -0.36064085 0.19439638
v 0.29064927 -0.36300862 0.19621280
v 0.28673041 -0.36335766 0.19605441
v 0.28696558 -0.36462659 0.19788414
v 0.29484713 -0.36261874 0.19631033
v 0.29237902 -0.36425355 0.19805115
v 0.28312671 -0.36484790 0.19781850
v 0.28271458 -0.36111510 0.19410498
v 0.26182765 -0.35836533 0.08381935
v 0.31064281 -0.35864118 -0.01816358
v 0.29507735 -0.35821298 0.19259787
v 0.37054342 -0.35878068 0.05310667
v 0.36911154 -0.35875148 0.04946147
v 0.35927492 -0.35878378 0.04935506
v 0.36434358 -0.35885471 0.05601861
v 0.37240916 -0.35885519 0.05844183
v 0.36269861 -0.35893068 0.06042647
v 0.37557417 -0.35892949 0.06423482
v 0.37865484 -0.35883385 0.06029375
v 0.38455200 -0.35887393 0.06638578
v 0.37376711 -0.35899287 0.06834818
v 0.34762967 -0.35897061 0.05740409
v 0.34674478 -0.35901845 0.06247048
v 0.33561626 -0.35902178 0.05748061
v 0.33575523 -0.35894895 0.05330912
v 0.36259684 -0.35898134 0.06414267
v 0.36565763 -0.35901129 0.06989808
v 0.35449779 -0.35903269 0.06979777
v 0.35451213 -0.35905296 0.07593664
v 0.36682403 -0.35902172 0.07827284
v 0.35459852 -0.35904783 0.08017537
v 0.34230477 -0.35908139 0.07787332
v 0.34233576 -0.35907114 0.08425009
v 0.33677921 -0.35910282 0.08200596
v 0.35472015 -0.35904473 0.08433339
v 0.35271841 -0.35906380 0.09031717
v 0.36126578 -0.35906535 0.08991145
v 0.35111284 -0.35908461 0.09644055
v 0.34343910 -0.35907835 0.09676518
v 0.34492174 -0.35905811 0.10366713
v 0.35512099 -0.35906756 0.10395965
v 0.36211807 -0.35908788 0.09835897
v 0.34938991 -0.35903049 0.11040097
v 0.34051865 -0.35902929 0.10850844
v 0.34247908 -0.35898155 0.11478954
v 0.35028899 -0.35898855 0.11489263
v 0.33602816 -0.35900560 0.11382403
v 0.33671290 -0.35891944 0.11990417
v 0.35022229 -0.35892180 0.11898547
v 0.35779354 -0.35891545 0.11918885
v 0.36160541 -0.35898787 0.11503913
v 0.35028762 -0.35889745 0.12257557
v 0.36297798 -0.35892832 0.11950815
v 0.37425163 -0.35899132 0.11535195
v 0.36332160 -0.35902727 0.11058338
v 0.37526286 -0.35895032 0.11920501
v 0.36420590 -0.35908395 0.09503822
v 0.36759156 -0.35905626 0.10527393
v 0.34181848 -0.35889962 0.11982706
v 0.35752004 -0.35888696 0.12593980
v 0.36898491 -0.35896245 0.12655675
v 0.35649565 -0.35882923 0.13007692
v 0.36856225 -0.35889938 0.13295384
v 0.37315518 -0.35900030 0.12913637
v 0.37342542 -0.35894653 0.13756852
v 0.37737003 -0.35899180 0.12961294
v 0.37734017 -0.35895985 0.12594803
v 0.38118556 -0.35892347 0.12949590
v 0.38133836 -0.35888466 0.13746862
v 0.36831760 -0.35882798 0.13790169
v 0.37287578 -0.35881305 0.14212444
v 0.38845950 -0.35887372 0.13362436
v 0.38736492 -0.35891512 0.12787357
v 0.40012667 -0.35889429 0.13075297
v 0.40042973 -0.35886499 0.13388218
v 0.39536273 -0.35887122 0.13776025
v 0.39467758 -0.35896102 0.12467620
v 0.39721918 -0.35902542 0.11965812
v 0.38527688 -0.35892707 0.12278508
v 0.39964783 -0.35886410 0.14232354
v 0.40654063 -0.35884795 0.14246984
v 0.39990252 -0.35896766 0.12482516
v 0.40556487 -0.35892677 0.12504508
v 0.41383436 -0.35876885 0.13039833
v 0.40542305 -0.35897762 0.11942726
v 0.41045150 -0.35897174 0.11515281
v 0.40544266 -0.35876483 0.14962029
v 0.38540855 -0.35897899 0.11595908
v 0.33675265 -0.35906041 0.10197556
v 0.33310735 -0.35904786 0.10132362
v 0.32856297 -0.35900348 0.10921898
v 0.32973266 -0.35904485 0.09302507
v 0.32683635 -0.35899729 0.09401090
v 0.32683241 -0.35899052 0.10670540
v 0.32984614 -0.35906345 0.08191499
v 0.32363498 -0.35892203 0.10862108
v 0.32373983 -0.35891783 0.10066627
v 0.39572099 -0.35903105 0.11611537
v 0.38875437 -0.35896844 0.11159709
v 0.39233872 -0.35897717 0.10952173
v 0.38842806 -0.35894206 0.10271276
v 0.38513035 -0.35896748 0.10443069
v 0.38704637 -0.35892224 0.09753294
v 0.39267492 -0.35891408 0.09742704
v 0.39515299 -0.35899106 0.10280343
v 0.37924087 -0.35902151 0.09861817
v 0.38444775 -0.35890141 0.09248457
v 0.37911856 -0.35899240 0.09516343
v 0.37896779 -0.35895994 0.09034695
v 0.38501465 -0.35887781 0.08256541
v 0.37589800 -0.35896683 0.08457893
v 0.37923861 -0.35894662 0.07836232
v 0.38148972 -0.35900772 0.10437262
v 0.37275630 -0.35903531 0.09268310
v 0.39200035 -0.35885271 0.09193286
v 0.39352825 -0.35883269 0.14229918
v 0.37947226 -0.35901043 0.11098655
v 0.32689750 -0.35900933 0.08189408
v 0.36872292 -0.35873795 0.14259164
v 0.35860437 -0.35880262 0.13814509
v 0.35867298 -0.35874766 0.14229949
v 0.35059956 -0.35879907 0.13823462
v 0.35269457 -0.35872710 0.14430362
v 0.35354251 -0.35881186 0.13415602
v 0.33677280 -0.35908988 0.09390113
v 0.33203718 -0.35889828 0.12048337
v 0.34274390 -0.35879976 0.13456687
v 0.33822429 -0.35881919 0.13216515
v 0.41452390 -0.35888696 0.12343189
v 0.41856045 -0.35891306 0.11899093
v 0.41882500 -0.35880357 0.12648152
v 0.42514774 -0.35875028 0.12301888
v 0.42500430 -0.35888764 0.11859928
v 0.43164679 -0.35878953 0.11878842
v 0.42316052 -0.35897249 0.11482479
v 0.43178964 -0.35865834 0.12291781
v 0.43594623 -0.35877964 0.11884131
v 0.43148500 -0.35885748 0.11503465
v 0.41506743 -0.35882097 0.12700227
v 0.41875386 -0.35877305 0.13088778
v 0.41892791 -0.35894647 0.11489994
v 0.42770976 -0.35861877 0.12752090
v 0.43185529 -0.35853887 0.12750161
v 0.42694515 -0.35894412 0.11484911
v 0.43180189 -0.35848236 0.13178539
v 0.42353997 -0.35870317 0.13072248
v 0.43587232 -0.35884655 0.11515481
v 0.38838601 -0.35887021 0.07620873
v 0.37728313 -0.35896260 0.13755275
v 0.33313107 -0.35907602 0.09023344
v 0.34242791 -0.35907787 0.09008300
v 0.33685753 -0.35911408 0.07169545
v 0.36945403 -0.35893989 0.12196795
v 0.40046042 -0.35902554 0.11574266
v 0.43042612 -0.35854328 0.13554823
v 0.42315900 -0.35874665 0.13538331
v 0.42995834 -0.35855660 0.13953386
v 0.42320475 -0.35878813 0.13896309
v 0.42338535 -0.35873368 0.14248455
v 0.41910234 -0.35881072 0.14228107
v 0.43629760 -0.35831177 0.13742444
v 0.43648058 -0.35825464 0.14462501
v 0.43429601 -0.35830593 0.14878425
v 0.44100147 -0.35804147 0.15157369
v 0.44093698 -0.35798767 0.15678869
v 0.43217161 -0.35830265 0.15668689
v 0.44099709 -0.35797164 0.16153549
v 0.43167788 -0.35830414 0.16092198
v 0.44081533 -0.35804620 0.17338058
v 0.43165839 -0.35835579 0.16795182
v 0.42742613 -0.35841385 0.16077369
v 0.42702329 -0.35845885 0.16530375
v 0.44089988 -0.35812423 0.17900169
v 0.44484985 -0.35802239 0.17904186
v 0.43172947 -0.35854015 0.17884411
v 0.44516221 -0.35788238 0.16779023
v 0.41669908 -0.35861084 0.16132811
v 0.41590583 -0.35864151 0.15653032
v 0.41187328 -0.35867473 0.15858838
v 0.41758913 -0.35860202 0.16561225
v 0.41127735 -0.35863999 0.16471510
v 0.41317827 -0.35863984 0.17004880
v 0.40655404 -0.35869253 0.15634042
v 0.40426829 -0.35860807 0.16474283
v 0.44511157 -0.35794085 0.17425969
v 0.43645856 -0.35838285 0.18270329
v 0.43184704 -0.35856527 0.18281327
v 0.43655255 -0.35841253 0.18659222
v 0.42757738 -0.35866302 0.17865933
v 0.43197715 -0.35853353 0.18654445
v 0.43669105 -0.35847265 0.19026397
v 0.43214330 -0.35852897 0.18994439
v 0.44081554 -0.35827354 0.18655755
v 0.39935592 -0.35868883 0.15544732
v 0.33324072 -0.35909927 0.07880407
v 0.40691689 -0.35860592 0.16988114
v 0.39921030 -0.35877687 0.14772668
v 0.38762277 -0.35887155 0.13733383
v 0.43642846 -0.35832661 0.13143726
v 0.37206316 -0.35905474 0.09999008
v 0.36697602 -0.35903755 0.08721296
v 0.39362359 -0.35863620 0.15817316
v 0.42652300 -0.35856670 0.14629982
v 0.44496506 -0.35818285 0.18644355
v 0.34011796 -0.35877061 0.13851745
v 0.33738399 -0.35867658 0.14532489
v 0.34661400 -0.35869241 0.14629903
v 0.34260130 -0.35865787 0.15039349
v 0.34254324 -0.35862610 0.15488937
v 0.34862971 -0.35861313 0.15506509
v 0.33686736 -0.35862651 0.15514371
v 0.34046361 -0.35857028 0.16131161
v 0.33665916 -0.35856256 0.16214977
v 0.34869415 -0.35852811 0.16178228
v 0.35302973 -0.35855302 0.16157973
v 0.34445989 -0.35854787 0.16147698
v 0.35178334 -0.35864669 0.15278289
v 0.35344392 -0.35849831 0.17007114
v 0.33700177 -0.35854775 0.16977450
v 0.44048008 -0.35856241 0.11883338
v 0.42309919 -0.35882118 0.10678528
v 0.36536908 -0.35873848 0.04474632
v 0.42741469 -0.35866717 0.18285641
v 0.35554284 -0.35874322 0.04485037
v 0.34936917 -0.35881919 0.04927736
v 0.38822567 -0.35886291 0.08561119
v 0.39238870 -0.35880271 0.08668725
v 0.39645553 -0.35874465 0.08962316
v 0.39265728 -0.35879216 0.07701831
v 0.39716974 -0.35868242 0.08349526
v 0.33027858 -0.35910347 0.07069503
v 0.32686183 -0.35903892 0.07249343
v 0.32374758 -0.35892746 0.07761253
v 0.32700032 -0.35902995 0.06600668
v 0.33067015 -0.35908237 0.06550304
v 0.32999116 -0.35900870 0.05878524
v 0.36257377 -0.35884655 0.13401437
v 0.31289959 -0.35878083 0.14296745
v 0.44511336 -0.35785183 0.15904304
v 0.42757827 -0.35850340 0.16984890
v 0.44090998 -0.35808086 0.14374262
v 0.37913290 -0.35895395 0.07199477
v 0.31485993 -0.35871381 -0.15160419
v 0.38888985 -0.35875639 0.05688414
v 0.46444491 -0.35807011 -0.08189744
v 0.27453226 -0.35860342 0.14331503
v 0.29541364 -0.35778672 0.17352416
v 0.41883475 -0.35883668 0.13858570
v 0.35095394 -0.35844833 0.02883318
v 0.29693580 -0.35793963 -0.12753248
v 0.28642267 -0.35885063 -0.15377438
v 0.46039701 -0.35826007 -0.05875918
v 0.42715153 -0.35878545 0.10643262
v 0.32511938 -0.35890397 0.11620582
v 0.43688548 -0.35860258 0.19427043
v 0.43233818 -0.35861883 0.19389948
v 0.43705297 -0.35867360 0.19876598
v 0.43255705 -0.35868275 0.19859198
v 0.44104907 -0.35856384 0.19892102
v 0.42680711 -0.35853618 0.18967572
v 0.42778933 -0.35861710 0.19842426
v 0.43249255 -0.35880640 0.20218416
v 0.42791724 -0.35872996 0.20212634
v 0.42293778 -0.35858533 0.19846253
v 0.43685344 -0.35881886 0.20223789
v 0.44092935 -0.35852492 0.19460773
v 0.32529917 -0.35874698 -0.07218528
v 0.32531324 -0.35875577 -0.07703266
v 0.44929108 -0.35844561 -0.06092388
v 0.28499758 -0.35825661 0.16503067
v 0.32242736 -0.35847756 -0.07561433
v 0.32231948 -0.35847414 -0.07197452
v 0.31480947 -0.35848832 -0.07154919
v 0.32041669 -0.35843474 -0.06629614
v 0.31348851 -0.35850787 -0.06359384
v 0.32537666 -0.35865498 -0.06904215
v 0.38832074 -0.35864401 -0.07291814
v 0.46440747 -0.35791436 -0.13037023
v 0.41786140 -0.35872144 0.02904866
v 0.41979164 -0.35874477 0.03336708
v 0.42633909 -0.35864300 0.02664132
v 0.42079359 -0.35865948 0.02396194
v 0.42382625 -0.35871834 0.03284890
v 0.42917535 -0.35864684 0.03265678
v 0.42967781 -0.35863847 0.03700983
v 0.42249069 -0.35870790 0.03774241
v 0.43646991 -0.35860777 0.03648383
v 0.43567625 -0.35863948 0.02989523
v 0.43135154 -0.35863537 0.02670163
v 0.43542784 -0.35857224 0.04045776
v 0.42957473 -0.35860950 0.04068603
v 0.43172842 -0.35857823 0.04863917
v 0.42689443 -0.35862559 0.04941338
v 0.43140441 -0.35847408 0.05636198
v 0.43616119 -0.35840517 0.05308598
v 0.43600568 -0.35850689 0.04879040
v 0.44065183 -0.35819763 0.05943698
v 0.44078779 -0.35828298 0.05307525
v 0.43613848 -0.35830009 0.06209112
v 0.43176067 -0.35843119 0.06167895
v 0.43653446 -0.35832042 0.07138289
v 0.44470373 -0.35801801 0.07423300
v 0.44507393 -0.35801211 0.08145150
v 0.44910455 -0.35792327 0.07379675
v 0.43655735 -0.35834667 0.08039618
v 0.43657148 -0.35832328 0.08761933
v 0.44505894 -0.35797173 0.09211954
v 0.43645769 -0.35833773 0.09291941
v 0.43207309 -0.35844636 0.08779672
v 0.43181047 -0.35847548 0.09218915
v 0.44481009 -0.35799360 0.09573030
v 0.44107410 -0.35826820 0.10292214
v 0.44513655 -0.35814583 0.10701488
v 0.44910583 -0.35796675 0.10153578
v 0.44075203 -0.35844654 0.10720263
v 0.43634978 -0.35849905 0.10257740
v 0.44504383 -0.35825500 0.11144696
v 0.44055155 -0.35860083 0.11128794
v 0.44909370 -0.35789409 0.09333839
v 0.44501352 -0.35830635 0.11519274
v 0.43198335 -0.35848930 0.08023290
v 0.43640113 -0.35843638 0.09840751
v 0.42779118 -0.35853076 0.08772170
v 0.43609512 -0.35867086 0.10691030
v 0.44903904 -0.35815454 0.11543940
v 0.44906029 -0.35808435 0.11041145
v 0.43586460 -0.35883099 0.11118979
v 0.43141085 -0.35871619 0.10658981
v 0.43893939 -0.35853660 0.04038775
v 0.44005269 -0.35845330 0.04596045
v 0.44465649 -0.35802206 0.06860466
v 0.44907293 -0.35792723 0.06890655
v 0.42759913 -0.35855973 0.09208380
v 0.42315075 -0.35857773 0.08770143
v 0.42369127 -0.35859072 0.09134246
v 0.41611439 -0.35860196 0.08772447
v 0.40940416 -0.35862955 0.09127670
v 0.34536299 -0.35906160 0.06979094
v 0.33676186 -0.35857403 -0.13929743
v 0.35260764 -0.35857102 -0.14364475
v 0.33432305 -0.35852882 -0.14346923
v 0.34064290 -0.35862458 -0.14701812
v 0.35944188 -0.35863984 -0.14658590
v 0.36097017 -0.35856473 -0.14339921
v 0.36653835 -0.35849199 -0.14170220
v 0.36942703 -0.35858887 -0.14699586
v 0.36229205 -0.35867882 -0.15092167
v 0.32959980 -0.35866609 -0.14816611
v 0.33650327 -0.35868743 -0.15074682
v 0.35179749 -0.35868347 -0.15108180
v 0.34547028 -0.35864636 -0.15527575
v 0.33621979 -0.35863352 -0.15460241
v 0.32730219 -0.35868427 -0.15413423
v 0.33465955 -0.35863668 -0.15846685
v 0.35564205 -0.35865611 -0.15474671
v 0.34655547 -0.35872114 -0.16266170
v 0.35363173 -0.35872141 -0.15919141
v 0.34970602 -0.35875612 -0.16306649
v 0.36155924 -0.35867542 -0.15816259
v 0.34195372 -0.35865763 -0.16869430
v 0.32920817 -0.35862628 -0.15831675
v 0.35132551 -0.35873675 -0.16681935
v 0.34758475 -0.35862643 -0.16991086
v 0.34520829 -0.35855952 -0.17169996
v 0.35151175 -0.35851464 -0.17269418
v 0.32942519 -0.35872677 -0.15077041
v 0.33389387 -0.35866866 -0.16258112
v 0.32988444 -0.35863897 -0.16657189
v 0.32557133 -0.35857829 -0.16335849
v 0.35520107 -0.35879275 -0.16088919
v 0.37345600 -0.35864937 -0.15913494
v 0.37080064 -0.35859299 -0.15692402
v 0.37460056 -0.35852680 -0.15491919
v 0.37760136 -0.35866588 -0.15865043
v 0.37320617 -0.35870153 -0.16274244
v 0.37763998 -0.35870871 -0.16277531
v 0.37519449 -0.35869029 -0.16694951
v 0.39260137 -0.35876796 -0.16638522
v 0.39241624 -0.35878551 -0.16237421
v 0.36960572 -0.35870364 -0.16697925
v 0.37357402 -0.35861024 -0.17091595
v 0.37747654 -0.35865128 -0.17067483
v 0.36515650 -0.35858908 -0.17141816
v 0.36070314 -0.35874522 -0.16698304
v 0.37278941 -0.35850319 -0.17383890
v 0.37538934 -0.35849869 -0.15031298
v 0.32647055 -0.35861713 -0.17039175
v 0.32245901 -0.35865048 -0.17255259
v 0.32250926 -0.35857657 -0.16259573
v 0.32315522 -0.35868761 -0.17768772
v 0.31919301 -0.35871843 -0.17568843
v 0.31553850 -0.35877424 -0.16975716
v 0.31383017 -0.35875368 -0.17572877
v 0.31945807 -0.35869893 -0.18195501
v 0.37524545 -0.35848254 -0.15246505
v 0.36976048 -0.35862264 -0.15088324
v 0.35900047 -0.35860157 -0.13956863
v 0.31533739 -0.35875365 -0.16574828
v 0.31712297 -0.35866463 -0.16210778
v 0.31032372 -0.35881364 -0.16604707
v 0.30951294 -0.35874742 -0.16191241
v 0.31111836 -0.35874972 -0.15766151
v 0.30354556 -0.35880366 -0.15764314
v 0.31058890 -0.35886768 -0.15430491
v 0.30056524 -0.35895544 -0.15433218
v 0.29642814 -0.35879415 -0.16223976
v 0.29667798 -0.35881963 -0.15748712
v 0.29704657 -0.35882664 -0.16547757
v 0.34350228 -0.35865921 -0.15863413
v 0.38122162 -0.35866663 -0.17380205
v 0.31117454 -0.35881230 -0.16916215
v 0.35389590 -0.35878888 -0.16287191
v 0.39772734 -0.35880888 -0.16204208
v 0.39931327 -0.35880345 -0.16336563
v 0.40281233 -0.35876134 -0.16779587
v 0.39968982 -0.35874605 -0.16902231
v 0.39259729 -0.35867855 -0.17092952
v 0.39532283 -0.35861996 -0.17249949
v 0.39360234 -0.35860229 -0.17311929
v 0.41343248 -0.35870779 -0.16837218
v 0.41467169 -0.35871711 -0.16689011
v 0.40659779 -0.35862678 -0.17105316
v 0.41136676 -0.35863853 -0.17089331
v 0.41107950 -0.35875401 -0.17414407
v 0.40656370 -0.35879678 -0.17671019
v 0.40664923 -0.35875404 -0.16286317
v 0.41500962 -0.35872331 -0.16262586
v 0.42181388 -0.35865748 -0.16294061
v 0.41156262 -0.35868722 -0.15880127
v 0.39241669 -0.35867795 -0.17869185
v 0.38764107 -0.35872394 -0.17831497
v 0.38899061 -0.35871366 -0.18636967
v 0.38176885 -0.35873362 -0.18551588
v 0.38122654 -0.35871330 -0.19044243
v 0.38693914 -0.35871661 -0.17727219
v 0.38032958 -0.35871816 -0.18250273
v 0.37905848 -0.35866329 -0.17843784
v 0.37722462 -0.35867095 -0.18557709
v 0.39558512 -0.35866871 -0.17758502
v 0.41536951 -0.35865730 -0.17025976
v 0.42260474 -0.35866791 -0.16662709
v 0.42393962 -0.35862833 -0.17072849
v 0.42023423 -0.35860476 -0.15876254
v 0.41093802 -0.35881478 -0.17675728
v 0.42841828 -0.35861069 -0.16687150
v 0.41594642 -0.35867348 -0.15875949
v 0.39942229 -0.35867095 -0.17146735
v 0.32233313 -0.35858461 -0.15777373
v 0.37519959 -0.35867834 -0.19010502
v 0.37745059 -0.35867372 -0.19429317
v 0.37092742 -0.35865909 -0.19442710
v 0.38016808 -0.35863459 -0.19776133
v 0.37326202 -0.35864687 -0.18527670
v 0.37310398 -0.35864851 -0.18115163
v 0.38895380 -0.35868153 -0.18971834
v 0.34134105 -0.35861284 -0.17063622
v 0.36899698 -0.35869861 -0.18844680
v 0.36910102 -0.35874125 -0.18112844
v 0.36366302 -0.35870743 -0.18729955
v 0.36119032 -0.35872290 -0.18483223
v 0.35545039 -0.35866562 -0.18929237
v 0.35455209 -0.35867679 -0.19368625
v 0.34632289 -0.35863629 -0.18936989
v 0.34051168 -0.35864949 -0.19395339
v 0.34844208 -0.35863030 -0.19779792
v 0.33469903 -0.35862896 -0.18984397
v 0.33562881 -0.35866171 -0.18566054
v 0.32706684 -0.35862535 -0.18789861
v 0.35972583 -0.35863504 -0.19805479
v 0.35047927 -0.35860133 -0.20364553
v 0.34335995 -0.35861123 -0.20184535
v 0.35974175 -0.35861513 -0.20187914
v 0.35565281 -0.35860971 -0.20558187
v 0.36281538 -0.35862663 -0.20744254
v 0.35681194 -0.35860968 -0.21165669
v 0.36391863 -0.35860801 -0.21287125
v 0.34963152 -0.35860738 -0.21706966
v 0.36919659 -0.35859305 -0.21625721
v 0.35590625 -0.35855904 -0.22009182
v 0.34970745 -0.35857150 -0.22023998
v 0.35038742 -0.35849789 -0.22420262
v 0.35866392 -0.35847220 -0.22364062
v 0.35816565 -0.35833994 -0.22776987
v 0.36387891 -0.35855818 -0.21991262
v 0.37095827 -0.35858029 -0.20189948
v 0.36773956 -0.35861471 -0.20561633
v 0.37538737 -0.35861623 -0.20557147
v 0.38015589 -0.35861522 -0.20193635
v 0.38072348 -0.35863203 -0.20858517
v 0.32748532 -0.35857615 -0.19723135
v 0.34224150 -0.35858074 -0.22531317
v 0.37066823 -0.35860848 -0.21094371
v 0.34334159 -0.35861814 -0.20566759
v 0.32348803 -0.35851774 -0.19780767
v 0.32560456 -0.35855323 -0.20177096
v 0.31354946 -0.35832709 -0.20214364
v 0.30654770 -0.35821450 -0.19814834
v 0.31285527 -0.35831720 -0.20507592
v 0.34375226 -0.35862488 -0.21263523
v 0.32274178 -0.35862383 -0.18761277
v 0.32128209 -0.35851973 -0.20764434
v 0.31416845 -0.35839060 -0.20923896
v 0.30181524 -0.35805902 -0.20933284
v 0.30568224 -0.35823897 -0.21243143
v 0.29666391 -0.35803869 -0.21246836
v 0.29433706 -0.35793969 -0.20924564
v 0.30267668 -0.35839453 -0.21567975
v 0.30781409 -0.35851467 -0.21619537
v 0.30356014 -0.35872027 -0.22030571
v 0.29923272 -0.35868505 -0.22028445
v 0.29423693 -0.35860771 -0.22045988
v 0.31161395 -0.35878193 -0.22037855
v 0.31079111 -0.35891387 -0.22429477
v 0.31673831 -0.35890108 -0.22466066
v 0.31570789 -0.35878530 -0.22060724
v 0.32293868 -0.35873935 -0.22077700
v 0.31955543 -0.35865021 -0.21659082
v 0.32673091 -0.35871720 -0.22105718
v 0.32675514 -0.35880727 -0.22479722
v 0.32666990 -0.35888284 -0.22900192
v 0.31861591 -0.35901019 -0.23288843
v 0.32680121 -0.35897326 -0.23285456
v 0.33341664 -0.35876647 -0.22138722
v 0.31574169 -0.35862917 -0.21642669
v 0.31954518 -0.35855573 -0.21267799
v 0.33043584 -0.35889402 -0.22910389
v 0.32677102 -0.35868192 -0.21689405
v 0.29088199 -0.35821944 -0.21624132
v 0.31118077 -0.35897666 -0.22772294
v 0.38650662 -0.35856983 -0.20203951
v 0.38574699 -0.35859945 -0.20830975
v 0.39202398 -0.35850653 -0.19885923
v 0.39422309 -0.35849658 -0.20600095
v 0.39589620 -0.35848108 -0.19843352
v 0.39030129 -0.35858068 -0.19427891
v 0.39391467 -0.35847425 -0.20965296
v 0.40195310 -0.35846758 -0.20227642
v 0.38334489 -0.35856816 -0.21649618
v 0.33946770 -0.35862458 -0.19810659
v 0.33539900 -0.35863268 -0.20207284
v 0.33183801 -0.35862029 -0.19427133
v 0.34963474 -0.35860661 -0.21301284
v 0.34225199 -0.35871097 -0.21740445
v 0.32398051 -0.35884452 -0.23414823
v 0.31626362 -0.35882580 -0.23415947
v 0.30967507 -0.35876471 -0.23411340
v 0.32447225 -0.35864028 -0.21318835
v 0.30028552 -0.35802352 -0.20614249
v 0.31725681 -0.35845718 -0.19428839
v 0.31430519 -0.35846618 -0.21261667
v 0.36009863 -0.35878247 -0.18069744
v 0.33042127 -0.35898918 -0.23284987
v 0.36134270 -0.35876492 -0.17745192
v 0.36938891 -0.35868624 -0.17758732
v 0.35022739 -0.35869983 -0.17744492
v 0.34641209 -0.35870180 -0.18106593
v 0.34495249 -0.35868472 -0.17759489
v 0.34072202 -0.35869208 -0.17774494
v 0.34528536 -0.35865837 -0.22051972
v 0.38557667 -0.35859752 -0.19722281
v 0.37905380 -0.35869735 -0.18058868
v 0.33362404 -0.35864425 -0.17147240
v 0.33159599 -0.35870224 -0.17778075
v 0.34912813 -0.35864821 -0.18510886
v 0.37246168 -0.35867098 -0.12885039
v 0.40572384 -0.35882318 0.13422287
v 0.40857774 -0.35859475 0.08700455
v 0.43092513 -0.35864526 -0.11211208
v 0.39944434 -0.35871011 -0.15878406
v 0.34914139 -0.35841140 -0.22798249
v 0.29585513 -0.35864264 0.15004547
v 0.26185733 -0.35806933 0.11083867
v 0.29084569 -0.35753733 0.17937551
v 0.44040465 -0.35858864 0.03252328
v 0.44053462 -0.35864839 0.02641872
v 0.36311784 -0.35876539 -0.16295506
v 0.32561958 -0.35874143 -0.10628417
v 0.44963729 -0.35841158 -0.00672273
v 0.45264739 -0.35836974 -0.00320253
v 0.42994094 -0.35856912 -0.17060788
v 0.42776924 -0.35841015 0.15675272
v 0.37862653 -0.35877034 0.05645762
v 0.35734907 -0.35859129 0.16154213
v 0.36173308 -0.35855162 0.17034070
v 0.35535866 -0.35853717 0.17255510
v 0.36770204 -0.35858363 0.17256913
v 0.35946178 -0.35863110 0.17612728
v 0.36876190 -0.35866299 0.17617080
v 0.37881094 -0.35861880 0.17631957
v 0.36805552 -0.35869595 0.17998986
v 0.35920140 -0.35867473 0.18014397
v 0.37808865 -0.35853904 0.17150518
v 0.39002123 -0.35862434 0.17630638
v 0.36354741 -0.35865700 0.18451023
v 0.37869072 -0.35865676 0.18034267
v 0.36848590 -0.35855183 0.17023817
v 0.35012084 -0.35862726 0.17624809
v 0.34946793 -0.35868713 0.18025465
v 0.33861864 -0.35872474 0.17612834
v 0.34120867 -0.35853121 0.17010839
v 0.34486485 -0.35872108 0.18018852
v 0.33886766 -0.35874775 0.17999728
v 0.34492600 -0.35877430 0.18431398
v 0.37895644 -0.35854900 0.16427918
v 0.37110052 -0.35855967 0.16432796
v 0.36991715 -0.35861415 0.15604252
v 0.37641066 -0.35859865 0.15600717
v 0.38218927 -0.35859635 0.15714112
v 0.38731509 -0.35857913 0.16626698
v 0.38951999 -0.35859919 0.16135480
v 0.38373333 -0.35867637 0.14731713
v 0.34073633 -0.35882056 0.18431780
v 0.33694962 -0.35878018 0.18423225
v 0.33372587 -0.35872304 0.18014178
v 0.35558343 -0.35866854 0.18445399
v 0.38065872 -0.35868329 0.14660254
v 0.36521995 -0.35862911 0.15820582
v 0.36267662 -0.35859993 0.18929967
v 0.37449390 -0.35864186 0.18928769
v 0.37364554 -0.35866466 0.19899903
v 0.37842602 -0.35867718 0.19431129
v 0.38269517 -0.35866183 0.18692195
v 0.36289921 -0.35861394 0.19348897
v 0.36809334 -0.35867423 0.19902475
v 0.35934547 -0.35869169 0.19904096
v 0.38501501 -0.35869056 0.19428834
v 0.38934177 -0.35867351 0.19164804
v 0.39112616 -0.35866120 0.18445067
v 0.39542466 -0.35864162 0.18905792
v 0.39559716 -0.35865030 0.19398403
v 0.39731702 -0.35867965 0.18446961
v 0.36464012 -0.35886818 0.20224564
v 0.35849091 -0.35883969 0.20227724
v 0.36444938 -0.35902783 0.20347115
v 0.40154749 -0.35862261 0.19382510
v 0.35614154 -0.35896409 0.20341335
v 0.35447317 -0.35887071 0.20245333
v 0.35431015 -0.35873079 0.19896720
v 0.38405967 -0.35868764 0.19899584
v 0.39218408 -0.35868606 0.19885308
v 0.39540121 -0.35884041 0.20207880
v 0.35829484 -0.35865200 0.19363441
v 0.40518883 -0.35860926 0.18898866
v 0.40391624 -0.35868192 0.18443640
v 0.40901670 -0.35871190 0.18154705
v 0.39967129 -0.35870427 0.18041874
v 0.41390589 -0.35854298 0.18869880
v 0.41408333 -0.35868448 0.18216275
v 0.40886378 -0.35870916 0.17764696
v 0.40435413 -0.35868594 0.17696472
v 0.40858775 -0.35866013 0.17444368
v 0.39610794 -0.35857275 0.17281386
v 0.40061623 -0.35857290 0.17017172
v 0.39133707 -0.35856706 0.17024703
v 0.40009737 -0.35867280 0.19858299
v 0.37535247 -0.35880196 0.20226540
v 0.38518581 -0.35894996 0.20333926
v 0.38924664 -0.35896981 0.20329638
v 0.39651093 -0.35899577 0.20319119
v 0.40526810 -0.35871789 0.18088035
v 0.40936020 -0.35861173 0.19332911
v 0.34043756 -0.35887611 0.18826321
v 0.33661211 -0.35887805 0.18817717
v 0.34024292 -0.35890439 0.19323371
v 0.33641961 -0.35899773 0.19316036
v 0.34019402 -0.35896859 0.19881111
v 0.34483874 -0.35882378 0.19884348
v 0.34478742 -0.35878149 0.19331035
v 0.34009838 -0.35877934 0.20216860
v 0.34498835 -0.35881734 0.20204060
v 0.33639151 -0.35894373 0.20200591
v 0.33633909 -0.35909602 0.19878013
v 0.33849210 -0.35859525 0.20292617
v 0.33270296 -0.35896510 0.20285861
v 0.33346209 -0.35877758 0.18416578
v 0.38592318 -0.35856381 0.17230029
v 0.37554362 -0.35854524 -0.17764978
v 0.39270428 -0.35874331 -0.15856193
v 0.29081658 -0.35875151 0.02997252
v 0.39579356 -0.35857630 -0.18973841
v 0.45843208 -0.35829598 -0.04237929
v 0.31153014 -0.35849118 -0.07010236
v 0.42306840 -0.35869771 0.20212440
v 0.42520985 -0.35880840 0.20331219
v 0.37013021 -0.35859150 -0.19856952
v 0.38459837 -0.35881308 0.03342383
v 0.38038310 -0.35899875 -0.07518768
v 0.26623690 -0.35832015 -0.00548178
v 0.26175129 -0.35817540 -0.00630268
v 0.26176974 -0.35822350 -0.00097489
v 0.25813815 -0.35977754 -0.00896593
v 0.25811002 -0.36001009 0.00377023
v 0.36524320 -0.35849917 -0.07003534
v 0.35572416 -0.35862398 -0.17054889
v 0.37898746 -0.35871369 -0.01405721
v 0.29907674 -0.35796139 -0.10199188
v 0.29886401 -0.35787386 -0.10842331
v 0.28701666 -0.35777014 0.17300603
v 0.28697169 -0.35802794 0.16871087
v 0.28273171 -0.35795355 0.16902354
v 0.28232425 -0.35770041 0.17389637
v 0.27445886 -0.35784516 0.16840300
v 0.27422410 -0.35757968 0.17388868
v 0.28039017 -0.35761136 0.17584059
v 0.26992920 -0.35769829 0.16955133
v 0.27027157 -0.35788673 0.16554427
v 0.26725829 -0.35773522 0.16565582
v 0.26631692 -0.35774955 0.16159211
v 0.27036244 -0.35800985 0.16156235
v 0.26576722 -0.35774368 0.15739706
v 0.26785734 -0.35770169 0.16799492
v 0.26510429 -0.35756192 0.16569681
v 0.26188856 -0.35723749 0.16580831
v 0.26188901 -0.35738042 0.16167523
v 0.25966009 -0.35736769 0.16172430
v 0.25971359 -0.35743454 0.15640314
v 0.26221693 -0.35747474 0.15720357
v 0.25960892 -0.35725990 0.16590193
v 0.25971439 -0.35746586 0.14950283
v 0.27044255 -0.35810524 0.15657552
v 0.27006516 -0.35745668 0.17421080
v 0.26586038 -0.35716987 0.17442909
v 0.26578861 -0.35628554 0.17866726
v 0.26998508 -0.35684431 0.17834334
v 0.26177663 -0.35552639 0.17900279
v 0.26182410 -0.35653687 0.17465146
v 0.25953230 -0.35680616 0.17471626
v 0.26603183 -0.35463160 0.18293589
v 0.25951070 -0.35633600 0.17913218
v 0.25956297 -0.35707906 0.17028663
v 0.27844194 -0.35739499 0.17768012
v 0.28231356 -0.35753867 0.17744704
v 0.28268215 -0.35673124 0.18115139
v 0.27839252 -0.35617390 0.18159400
v 0.27842212 -0.35455793 0.18662900
v 0.28259024 -0.35498464 0.18632308
v 0.27421030 -0.35561639 0.18217620
v 0.26609448 -0.35787159 0.15161109
v 0.26621720 -0.35750008 0.16974102
v 0.25978905 -0.35755393 0.13892004
v 0.27423370 -0.35714036 0.17803144
v 0.26260445 -0.35763696 0.14730653
v 0.26228136 -0.35769787 0.14173603
v 0.26149711 -0.35773009 0.13759041
v 0.25893825 -0.35914683 0.13769455
v 0.44886696 -0.35806262 0.18424007
v 0.25870660 -0.35957184 0.13376935
v 0.26175690 -0.35786358 0.13357611
v 0.25870135 -0.35957286 0.12979841
v 0.32372850 -0.35890201 0.08917154
v 0.30751988 -0.35792646 0.17351848
v 0.40975761 -0.35876730 0.14844161
v 0.40599668 -0.35840386 -0.20600615
v 0.39837098 -0.35838562 -0.21262738
v 0.40615883 -0.35833684 -0.20935826
v 0.41791493 -0.35829359 -0.20609710
v 0.41798365 -0.35822666 -0.20947167
v 0.42773241 -0.35822254 -0.20428616
v 0.43898642 -0.35803184 -0.20914079
v 0.43449700 -0.35814005 -0.20431414
v 0.44016507 -0.35808459 -0.20449238
v 0.44133842 -0.35812247 -0.19863871
v 0.44817528 -0.35809362 -0.19715688
v 0.44845191 -0.35811102 -0.20252293
v 0.45227677 -0.35801908 -0.19862127
v 0.45233515 -0.35795704 -0.19058990
v 0.44814727 -0.35804474 -0.18808979
v 0.45241761 -0.35794228 -0.18357585
v 0.42199993 -0.35817719 -0.21282932
v 0.42971236 -0.35810542 -0.21289475
v 0.43938887 -0.35800090 -0.21295226
v 0.42828858 -0.35813105 -0.21676071
v 0.43863717 -0.35800433 -0.21656796
v 0.42775267 -0.35810909 -0.22105487
v 0.43632847 -0.35797724 -0.22230507
v 0.43204364 -0.35800210 -0.22459319
v 0.44202918 -0.35794321 -0.22094637
v 0.44130418 -0.35788628 -0.22470964
v 0.42653927 -0.35806441 -0.22444750
v 0.41409081 -0.35822639 -0.21267113
v 0.43997753 -0.35780734 -0.22873130
v 0.44492352 -0.35782641 -0.22881308
v 0.44455382 -0.35798979 -0.21231541
v 0.44060773 -0.35805121 -0.23288162
v 0.44517040 -0.35813165 -0.23321433
v 0.44045663 -0.35833836 -0.23452003
v 0.44907451 -0.35787246 -0.22879085
v 0.44866067 -0.35816526 -0.23317966
v 0.45212036 -0.35820159 -0.22883157
v 0.45195943 -0.35817683 -0.22472182
v 0.44530630 -0.35781220 -0.23371916
v 0.43208975 -0.35812980 -0.23278940
v 0.44907290 -0.35796466 -0.21892858
v 0.44410056 -0.35807499 -0.20603040
v 0.43990952 -0.35815424 -0.19464681
v 0.44380671 -0.35810372 -0.19035000
v 0.43959069 -0.35826278 -0.19013934
v 0.44907558 -0.35792547 -0.22473122
v 0.41820627 -0.35813379 -0.22046567
v 0.41202727 -0.35807589 -0.22456843
v 0.41124073 -0.35798734 -0.22903331
v 0.40515703 -0.35816997 -0.22227237
v 0.40016347 -0.35810095 -0.22878614
v 0.39838910 -0.35835543 -0.23276177
v 0.41129443 -0.35821447 -0.23288807
v 0.39602974 -0.35817307 -0.22862676
v 0.40023553 -0.35821337 -0.22215901
v 0.42278451 -0.35797060 -0.22898351
v 0.40066674 -0.35860682 -0.23439063
v 0.41087264 -0.35849831 -0.23445107
v 0.38886833 -0.35856029 -0.23251151
v 0.45093682 -0.35796216 -0.17860992
v 0.45629677 -0.35783619 -0.17811327
v 0.45608100 -0.35788023 -0.17332175
v 0.45265144 -0.35799286 -0.17294100
v 0.45634136 -0.35803106 -0.16471358
v 0.44860628 -0.35827956 -0.16676855
v 0.44852880 -0.35833645 -0.16314428
v 0.44417855 -0.35837364 -0.16695249
v 0.44384941 -0.35842246 -0.16312672
v 0.44875985 -0.35808375 -0.17369318
v 0.44420078 -0.35826164 -0.17084885
v 0.45959231 -0.35779175 -0.17528532
v 0.45602849 -0.35807768 -0.15819827
v 0.46046060 -0.35796356 -0.16092856
v 0.46017516 -0.35794985 -0.15299223
v 0.46455547 -0.35788828 -0.15856713
v 0.45574564 -0.35803625 -0.14943598
v 0.46455508 -0.35787508 -0.16457994
v 0.46053749 -0.35777330 -0.18387686
v 0.46445188 -0.35784602 -0.14887048
v 0.46704847 -0.35796323 -0.14976454
v 0.46005362 -0.35794878 -0.14098087
v 0.45572770 -0.35804614 -0.14096303
v 0.46446311 -0.35785916 -0.14158595
v 0.44801500 -0.35828838 -0.15111944
v 0.44787848 -0.35829887 -0.14555067
v 0.44761825 -0.35835609 -0.13404489
v 0.44397700 -0.35840884 -0.14300419
v 0.44378692 -0.35843036 -0.13760206
v 0.44030640 -0.35843408 -0.14261235
v 0.44385433 -0.35844976 -0.12912732
v 0.44756395 -0.35837817 -0.12547553
v 0.44399735 -0.35836989 -0.14724606
v 0.44511968 -0.35832936 -0.15163253
v 0.46446529 -0.35773274 -0.17648090
v 0.46452329 -0.35773483 -0.19026324
v 0.46688768 -0.35784173 -0.17697351
v 0.46712783 -0.35797372 -0.16704567
v 0.46796384 -0.35791513 -0.16729663
v 0.46695483 -0.35784507 -0.18579268
v 0.46046722 -0.35777509 -0.19067383
v 0.44863155 -0.35834104 -0.15933046
v 0.44830608 -0.35801429 -0.17762649
v 0.45223865 -0.35811999 -0.20231155
v 0.45602313 -0.35790133 -0.19869405
v 0.45581126 -0.35815918 -0.20190918
v 0.45199004 -0.35829788 -0.20563732
v 0.45494947 -0.35850459 -0.20478208
v 0.45964140 -0.35818362 -0.20151952
v 0.46048164 -0.35782039 -0.19826500
v 0.46684220 -0.35785174 -0.19334275
v 0.46036506 -0.35790861 -0.16675264
v 0.42297113 -0.35817185 -0.21666916
v 0.44462824 -0.35797277 -0.21671812
v 0.45185167 -0.35834214 -0.20908198
v 0.45289731 -0.35856029 -0.20910595
v 0.45563912 -0.35804734 -0.20466001
v 0.46755528 -0.35764217 -0.18973780
v 0.46737257 -0.35743684 -0.19329658
v 0.46764478 -0.35771954 -0.18567777
v 0.44390735 -0.35809946 -0.18568538
v 0.26151302 -0.35810694 -0.07646985
v 0.46455473 -0.35811591 -0.06484616
v 0.30654055 -0.35866010 0.03993791
v 0.32910943 -0.35885569 -0.10802601
v 0.39165145 -0.35868859 0.15066434
v 0.41701204 -0.35861364 0.00155378
v 0.42220315 -0.35860109 0.00535301
v 0.42555180 -0.35862762 0.00156257
v 0.43492207 -0.35865942 0.00613019
v 0.42944431 -0.35866737 0.00934391
v 0.43546852 -0.35869330 0.01318039
v 0.44229564 -0.35864431 0.01502380
v 0.44071206 -0.35867733 0.01792147
v 0.44482195 -0.35865480 0.02086936
v 0.42547682 -0.35867423 -0.00430064
v 0.42538750 -0.35871714 -0.00963915
v 0.44502729 -0.35862750 0.02538436
v 0.43448162 -0.35866001 0.00168410
v 0.44901726 -0.35858437 0.01929976
v 0.41694847 -0.35864246 0.00937347
v 0.44423091 -0.35856777 0.01102080
v 0.44888145 -0.35852540 0.01302257
v 0.44877577 -0.35850486 0.00886784
v 0.45213345 -0.35867226 0.01704149
v 0.44364780 -0.35854477 0.00317256
v 0.45223421 -0.35855466 0.01300763
v 0.42260116 -0.35864180 0.01140637
v 0.43950060 -0.35861355 0.00333041
v 0.44800758 -0.35847792 0.00103678
v 0.45211828 -0.35847616 0.00484660
v 0.45422041 -0.35841879 0.00231091
v 0.45547134 -0.35852441 0.00921319
v 0.45966876 -0.35839933 0.00761430
v 0.45658728 -0.35856003 0.01082114
v 0.45443061 -0.35864270 0.01292865
v 0.45204493 -0.35872445 0.02118474
v 0.42827642 -0.35864884 0.01724124
v 0.41472086 -0.35863203 0.01723193
v 0.41762131 -0.35865188 0.02090738
v 0.45583889 -0.35808709 0.01270586
v 0.44912717 -0.35854766 0.02605174
v 0.32903701 -0.35877931 -0.06927127
v 0.46767339 -0.35811928 -0.05897293
v 0.28500813 -0.35802388 -0.07861871
v 0.43973941 -0.35841137 -0.14743957
v 0.43590832 -0.35840043 -0.14328036
v 0.34104386 -0.35850871 -0.02966348
v 0.41005862 -0.35869125 0.02527203
v 0.44908634 -0.35810903 0.12079301
v 0.34979236 -0.35862023 -0.23220655
v 0.34533191 -0.35861483 -0.23265223
v 0.34677014 -0.35886523 -0.23432459
v 0.34553802 -0.35811386 -0.23419194
v 0.35021159 -0.35890278 -0.23431228
v 0.34392655 -0.35858306 -0.23407547
v 0.35909501 -0.35853636 -0.23210666
v 0.34131354 -0.35855633 -0.23274939
v 0.33890578 -0.35859528 -0.23412803
v 0.34485203 -0.35878289 0.18826167
v 0.42766187 -0.35854238 0.05631077
v 0.42776659 -0.35852158 0.06181556
v 0.40625376 -0.35828865 -0.21258363
v 0.35997993 -0.35866708 0.15275960
v 0.35218135 -0.35879564 -0.16204073
v 0.39935327 -0.35876825 0.03786863
v 0.34985119 -0.35884225 0.20215680
v 0.38878873 -0.35833791 -0.22823054
v 0.43124232 -0.35869172 -0.00432758
v 0.44744024 -0.35840434 -0.11774509
v 0.44048023 -0.35861546 0.11512160
v 0.39287072 -0.35872641 0.05528728
v 0.28724077 -0.36515614 0.19891247
v 0.28345141 -0.36521676 0.19878936
v 0.42268693 -0.35853067 0.18929866
v 0.45122632 -0.35842717 -0.07786216
v 0.46018243 -0.35822961 0.00066014
v 0.33440167 -0.35872674 0.13876829
v 0.39411366 -0.35871646 -0.23437643
v 0.35216868 -0.35880727 -0.07251892
v 0.42379087 -0.35865965 0.09469804
v 0.40768567 -0.35870278 0.09420782
v 0.42331985 -0.35876128 0.09808605
v 0.40628392 -0.35884479 0.09848785
v 0.41450575 -0.35889086 0.10258266
v 0.40531972 -0.35894591 0.10274026
v 0.41643348 -0.35886493 0.10663907
v 0.40381435 -0.35867336 0.09145153
v 0.42286247 -0.35883233 0.10239754
v 0.33748272 -0.35866672 -0.20759103
v 0.33119848 -0.35868940 -0.20952263
v 0.43548107 -0.35845897 -0.14780472
v 0.31903818 -0.35839230 -0.10181826
v 0.42410016 -0.35895455 -0.02926019
v 0.41973510 -0.35898307 -0.02908392
v 0.32547867 -0.35893172 0.05759541
v 0.44484070 -0.35824692 0.05213035
v 0.27435473 -0.35434705 0.18698071
v 0.40765178 -0.35888863 -0.02432202
v 0.41521958 -0.35893062 -0.02894841
v 0.31063238 -0.35869798 0.04015996
v 0.44861048 -0.35819313 0.19058131
v 0.45064479 -0.35821742 0.18976778
v 0.45109248 -0.35813522 0.18203010
v 0.45118782 -0.35776186 0.18900113
v 0.31430018 -0.35869241 -0.18189031
v 0.34832588 -0.35848343 0.17034534
v 0.41365671 -0.35871428 -0.18067724
v 0.40279570 -0.35867342 -0.18128712
v 0.40495780 -0.35861975 -0.18581598
v 0.41110530 -0.35864908 -0.18546781
v 0.41737536 -0.35864446 -0.18519017
v 0.42032677 -0.35867107 -0.18096320
v 0.41769645 -0.35852611 -0.18981493
v 0.42583540 -0.35857692 -0.18538705
v 0.40832269 -0.35855854 -0.18993054
v 0.41008615 -0.35850808 -0.19409280
v 0.42200613 -0.35839421 -0.19435970
v 0.42092931 -0.35836405 -0.19842443
v 0.43150428 -0.35828027 -0.19440912
v 0.40269130 -0.35883006 -0.17690772
v 0.43127900 -0.35852605 -0.18529756
v 0.41657865 -0.35879514 -0.17675914
v 0.42196405 -0.35864156 0.07860368
v 0.41403502 -0.35864154 0.08005975
v 0.41407788 -0.35864756 0.07589367
v 0.40635115 -0.35863313 0.07389049
v 0.41405573 -0.35861921 0.06997258
v 0.40818596 -0.35859954 0.06625050
v 0.40446323 -0.35862902 0.06619685
v 0.39977619 -0.35867068 0.06034141
v 0.41201323 -0.35856718 0.06248808
v 0.39882746 -0.35869125 0.06518763
v 0.40076911 -0.35865781 0.07491071
v 0.40456215 -0.35861862 0.08225020
v 0.41799664 -0.35856742 0.06252577
v 0.42007697 -0.35862273 0.06997158
v 0.42396492 -0.35861927 0.07107136
v 0.42387819 -0.35855851 0.06209629
v 0.42796177 -0.35856611 0.06852053
v 0.42780676 -0.35863203 -0.17411399
v 0.42376727 -0.35870603 -0.17402917
v 0.43198833 -0.35852784 -0.17607239
v 0.43562880 -0.35847926 -0.17081657
v 0.43530154 -0.35844520 -0.17604659
v 0.46754888 -0.35801840 -0.05095094
v 0.43971348 -0.35830444 -0.17441146
v 0.43193954 -0.35855398 -0.16253094
v 0.42801145 -0.35855746 -0.15865134
v 0.43181491 -0.35852322 -0.15862159
v 0.43175730 -0.35857484 -0.15453883
v 0.43560347 -0.35856590 -0.15482125
v 0.43577453 -0.35853210 -0.15881559
v 0.43547624 -0.35853684 -0.15150020
v 0.43177709 -0.35857061 -0.15148021
v 0.43190429 -0.35845178 -0.14806858
v 0.42801309 -0.35885462 -0.15432385
v 0.31536415 -0.35849139 -0.07875014
v 0.44505557 -0.35836455 0.04454435
v 0.27697581 -0.35878512 -0.04135453
v 0.28785825 -0.35877776 -0.04145886
v 0.27951482 -0.35863590 -0.04546061
v 0.27348346 -0.35870245 -0.04466727
v 0.27928242 -0.35846865 -0.04914787
v 0.27552691 -0.35834619 -0.05204361
v 0.27105662 -0.35853925 -0.04895271
v 0.27120048 -0.35836214 -0.05299906
v 0.27122772 -0.35825610 -0.05680699
v 0.27548549 -0.35820484 -0.05683082
v 0.26626515 -0.35852072 -0.05200698
v 0.26614228 -0.35875264 -0.04514460
v 0.28269053 -0.35847399 -0.05000509
v 0.26626149 -0.35837579 -0.05718914
v 0.44475409 -0.35815245 0.05897046
v 0.37951538 -0.35873932 -0.05600238
v 0.34745806 -0.35887128 0.12649706
v 0.34030712 -0.35803869 0.20288311
v 0.45147756 -0.35826510 -0.12843360
v 0.41015980 -0.35861793 0.08216310
v 0.44877484 -0.35808203 -0.20925684
v 0.32979357 -0.35869789 0.04045966
v 0.31621340 -0.35880563 0.06884811
v 0.38059688 -0.35877848 0.04310966
v 0.29849607 -0.35885864 0.13876860
v 0.28044602 -0.35873327 0.02544623
v 0.40280068 -0.35877612 -0.17427725
v 0.35305122 -0.35878885 0.20332833
v 0.40276387 -0.35845023 -0.14448771
v 0.37343097 -0.35895178 0.20337524
v 0.32264629 -0.35851943 -0.06080305
v 0.45988411 -0.35803571 0.00965210
v 0.46335819 -0.35783052 0.00737236
v 0.46255508 -0.35828379 0.00670535
v 0.46515092 -0.35776180 0.00606010
v 0.27850780 -0.35794860 -0.13910909
v 0.33782119 -0.35863236 -0.17068371
v 0.26602954 -0.35883573 -0.04151847
v 0.33438674 -0.35853356 -0.04160335
v 0.28892747 -0.35808286 -0.08274243
v 0.35008225 -0.35857949 -0.17500524
v 0.38848811 -0.35857987 -0.06946315
v 0.38442096 -0.35865632 -0.07302170
v 0.26389515 -0.35758451 0.15606824
v 0.26148337 -0.35796392 0.11450729
v 0.33065298 -0.35867405 0.18024251
v 0.32998601 -0.35862663 0.17713676
v 0.32754427 -0.35858324 0.18038726
v 0.32401252 -0.35838681 0.17715691
v 0.32398084 -0.35843113 0.18049835
v 0.32742843 -0.35877046 0.18431793
v 0.41147199 -0.35843018 -0.20211339
v 0.36739802 -0.35851792 -0.22341534
v 0.33748204 -0.35888126 0.12678035
v 0.36599192 -0.35849109 -0.17342503
v 0.39247537 -0.35843951 -0.21432149
v 0.25902069 -0.35969064 0.11102282
v 0.25913393 -0.35921866 0.11471166
v 0.25990471 -0.35768354 0.11576828
v 0.45807946 -0.35774255 0.01124529
v 0.29003933 -0.35882422 0.13003649
v 0.27766770 -0.35838044 0.01256721
v 0.32395321 -0.35867947 0.18448547
v 0.45036301 -0.35823986 0.19465667
v 0.42422658 -0.35858041 -0.15872984
v 0.45131257 -0.35824662 0.12064302
v 0.25905678 -0.35981739 0.10715678
v 0.40545100 -0.35897303 0.11150564
v 0.41457075 -0.35865551 0.19827722
v 0.43964767 -0.35825080 -0.17757107
v 0.38800988 -0.35870224 -0.17439967
v 0.33369306 -0.35851663 0.16439019
v 0.34782538 -0.35890716 0.05349618
v 0.38854969 -0.35847223 -0.21800530
v 0.38416484 -0.35846010 -0.22460809
v 0.37060633 -0.35851058 -0.22369801
v 0.37998921 -0.35841033 -0.22790018
v 0.38467306 -0.35839808 -0.22803649
v 0.26191056 -0.35798270 0.11816176
v 0.37711766 -0.35856503 -0.15095837
v 0.38867098 -0.35885409 0.06631812
v 0.28763857 -0.35846201 -0.01397386
v 0.30384821 -0.35847661 0.00299638
v 0.31908399 -0.35867426 -0.15120906
v 0.29772797 -0.35902688 -0.03223731
v 0.42788947 -0.35858187 0.07943223
v 0.38347188 -0.35861823 -0.23227298
v 0.29043889 -0.35878587 -0.04153110
v 0.41564444 -0.35880309 0.20199147
v 0.40968254 -0.35888690 0.20196185
v 0.43163639 -0.35866666 0.10237102
v 0.32259762 -0.35846141 -0.08257566
v 0.46750817 -0.35790011 -0.07097905
v 0.25980318 -0.35761616 0.12437284
v 0.46776983 -0.35789564 -0.11762837
v 0.46773741 -0.35798478 -0.09874246
v 0.46777511 -0.35795021 -0.12952822
v 0.40152350 -0.35877711 -0.04187899
v 0.40592721 -0.35872573 -0.04549351
v 0.42377216 -0.35865119 0.04160058
v 0.41849506 -0.35864559 0.04487586
v 0.38490418 -0.35877773 -0.03353585
v 0.30399004 -0.35900271 -0.23244846
v 0.35739338 -0.35867101 -0.03151391
v 0.41389781 -0.35874242 -0.04918997
v 0.44917196 -0.35827050 0.04903234
v 0.44916442 -0.35831961 0.04340870
v 0.45198393 -0.35847181 0.04907136
v 0.45196176 -0.35840124 0.05685638
v 0.45280400 -0.35800943 0.05323485
v 0.45285499 -0.35790339 0.04904677
v 0.45289102 -0.35810587 0.04487266
v 0.43530995 -0.35847536 -0.18104823
v 0.37462416 -0.35865569 0.18467632
v 0.32676852 -0.35857332 0.02133190
v 0.33039254 -0.35879147 0.18419811
v 0.36849195 -0.35873380 0.04014795
v 0.38137797 -0.35869503 -0.15577430
v 0.27489042 -0.35802203 0.16528580
v 0.42326638 -0.35871679 0.12737709
v 0.38079008 -0.35879377 -0.02907915
v 0.40975961 -0.35856986 0.05303366
v 0.46764991 -0.35773399 -0.17684881
v 0.32730076 -0.35919514 0.18846193
v 0.32397258 -0.35921225 0.18898164
v 0.32398629 -0.35984349 0.19411431
v 0.45199323 -0.35848805 0.04483043
v 0.30707172 -0.35870299 -0.15201348
v 0.42756879 -0.35871392 0.09824877
v 0.32716390 -0.35967866 0.19364063
v 0.29446867 -0.35879445 0.02997920
v 0.41571125 -0.35844967 -0.14401385
v 0.41257679 -0.35879478 -0.14721724
v 0.43549863 -0.35839197 -0.18989509
v 0.40193617 -0.35898793 0.10732120
v 0.33740845 -0.35868382 -0.23267204
v 0.27466166 -0.35838938 0.15081134
v 0.34916964 -0.35868531 0.18435016
v 0.45133328 -0.35816392 0.12739940
v 0.28993994 -0.35821763 -0.06698395
v 0.39688170 -0.35870892 0.06988432
v 0.34831759 -0.35858703 -0.01746193
v 0.46659353 -0.35783160 -0.19741598
v 0.41650829 -0.35875249 -0.17440313
v 0.44763979 -0.35783926 -0.23390648
v 0.45172679 -0.35813218 0.07267590
v 0.45180893 -0.35819697 0.07652740
v 0.45158035 -0.35815012 0.08432210
v 0.45211625 -0.35821590 0.08209436
v 0.45181987 -0.35817134 0.06690613
v 0.43959063 -0.35826644 -0.18124205
v 0.41863489 -0.35889018 0.20318705
v 0.39579126 -0.35865083 -0.14653146
v 0.27932268 -0.35826245 -0.00985784
v 0.28466317 -0.35884538 -0.03293570
v 0.29110095 -0.35890034 -0.03231128
v 0.41595381 -0.35903397 -0.15044178
v 0.41146898 -0.35901824 -0.15019383
v 0.41145447 -0.35877761 -0.15421090
v 0.44517061 -0.35792297 0.15154810
v 0.44506875 -0.35796875 0.14188415
v 0.44910845 -0.35785273 0.15191580
v 0.44908682 -0.35791576 0.14052168
v 0.44495311 -0.35804659 0.13088900
v 0.45141113 -0.35804048 0.15053263
v 0.45129883 -0.35790074 0.15976539
v 0.45141622 -0.35810179 0.13847961
v 0.45173985 -0.35780674 0.14681911
v 0.45157346 -0.35770351 0.15741947
v 0.44912657 -0.35777822 0.15931709
v 0.42409059 -0.35855734 0.05626584
v 0.33039045 -0.35844618 -0.01398305
v 0.46762440 -0.35791269 -0.09199954
v 0.32247096 -0.35847610 -0.14750671
v 0.32252711 -0.35865173 -0.15096204
v 0.32253665 -0.35868600 -0.15398663
v 0.45130646 -0.35826573 -0.23277871
v 0.45233288 -0.35808429 -0.23272030
v 0.45070699 -0.35841748 -0.23452507
v 0.45163926 -0.35757658 -0.23452404
v 0.45283383 -0.35833412 -0.23031129
v 0.45282328 -0.35680282 -0.23453616
v 0.45292771 -0.35842749 -0.22740145
v 0.28321251 -0.35843828 0.10663380
v 0.45162925 -0.35784304 0.12384278
v 0.33357862 -0.35881197 -0.22486243
v 0.33374774 -0.35883895 -0.22904646
v 0.45289174 -0.35840109 -0.22258292
v 0.45150271 -0.35775951 0.18053423
v 0.45129675 -0.35805142 0.17613170
v 0.46450150 -0.35807744 -0.07114188
v 0.30654415 -0.35828078 -0.19420914
v 0.31342489 -0.35848942 -0.18999553
v 0.30556318 -0.35816401 -0.20204102
v 0.42203152 -0.35858351 0.16980860
v 0.28692201 -0.35844952 -0.05388847
v 0.40374804 -0.35862941 0.08830567
v 0.30549306 -0.35838699 -0.19003776
v 0.29681787 -0.35813698 -0.19430313
v 0.29697514 -0.35831702 -0.19006383
v 0.28357729 -0.35804710 -0.19399744
v 0.28253368 -0.35820237 -0.18988334
v 0.27837983 -0.35803431 -0.19409634
v 0.27930132 -0.35794598 -0.19796287
v 0.27434057 -0.35794309 -0.20017315
v 0.27922508 -0.35788727 -0.20189615
v 0.27434540 -0.35808176 -0.19401303
v 0.27043703 -0.35805139 -0.20004092
v 0.27033415 -0.35795394 -0.20588382
v 0.26998001 -0.35824314 -0.19394992
v 0.27419442 -0.35822794 -0.18972707
v 0.26990727 -0.35834557 -0.18995312
v 0.27392229 -0.35840014 -0.18558371
v 0.26575974 -0.35856161 -0.18182150
v 0.27386609 -0.35849106 -0.18176375
v 0.27376541 -0.35853240 -0.17389768
v 0.26599631 -0.35859838 -0.17600840
v 0.27067307 -0.35855669 -0.16830340
v 0.26174462 -0.35843897 -0.17760578
v 0.27403033 -0.35855994 -0.16929916
v 0.27421835 -0.35855296 -0.16485845
v 0.27755296 -0.35863012 -0.16699752
v 0.27792454 -0.35861588 -0.16193640
v 0.26174819 -0.35845464 -0.17370211
v 0.26615894 -0.35860360 -0.16973627
v 0.28341237 -0.35868698 -0.16556425
v 0.28271252 -0.35864654 -0.16921499
v 0.26175132 -0.35846034 -0.18169045
v 0.25784457 -0.35901612 -0.18160461
v 0.25783810 -0.35916770 -0.17752175
v 0.25466973 -0.36069202 -0.17738271
v 0.25423703 -0.36050704 -0.18141291
v 0.25202507 -0.36137018 -0.18369476
v 0.25356430 -0.36048368 -0.18520491
v 0.25135726 -0.36021990 -0.18536608
v 0.25786388 -0.35893756 -0.18560456
v 0.25504690 -0.36088768 -0.17359388
v 0.25301397 -0.36179695 -0.17457496
v 0.26628226 -0.35841799 -0.18989308
v 0.27428520 -0.35848165 -0.15779904
v 0.29097497 -0.35879853 -0.16550751
v 0.28059939 -0.35837874 -0.18595226
v 0.28070316 -0.35848877 -0.18193935
v 0.29334977 -0.35861620 -0.18175304
v 0.28865135 -0.35862437 -0.17639065
v 0.29724398 -0.35870075 -0.17522347
v 0.30350536 -0.35861471 -0.18206666
v 0.28195637 -0.35856134 -0.17535162
v 0.25121394 -0.35973775 -0.18941055
v 0.27797309 -0.35858613 -0.15758914
v 0.27664456 -0.35853130 -0.17585234
v 0.25783643 -0.35936737 -0.17371845
v 0.25392005 -0.35992154 -0.18925232
v 0.27456662 -0.35788134 -0.20683201
v 0.26582995 -0.35815495 -0.20057009
v 0.26630339 -0.35834312 -0.19385830
v 0.26187134 -0.35843089 -0.19363476
v 0.26190442 -0.35832894 -0.19775587
v 0.25800079 -0.35855556 -0.19754121
v 0.25802237 -0.35833374 -0.20143369
v 0.25796747 -0.35872847 -0.19346929
v 0.25392655 -0.35957170 -0.19322978
v 0.25392950 -0.35921475 -0.19724056
v 0.26181683 -0.35846239 -0.18946286
v 0.26605833 -0.35802326 -0.20582779
v 0.26193738 -0.35820517 -0.20163949
v 0.29189470 -0.35877880 -0.16870137
v 0.25117868 -0.35949785 -0.19331175
v 0.26836368 -0.35839444 -0.19207580
v 0.27820000 -0.35818878 -0.18990354
v 0.29356167 -0.35850123 -0.18591876
v 0.29371727 -0.35802102 -0.19810322
v 0.28872627 -0.35794139 -0.20191574
v 0.28470060 -0.35789195 -0.20572573
v 0.30956173 -0.35856107 -0.18591574
v 0.39123872 -0.35864475 -0.09797147
v 0.34983882 -0.35860607 0.20327224
v 0.46464244 -0.35807666 -0.00290377
v 0.39900082 -0.35877964 -0.17706017
v 0.45274231 -0.35799381 0.05722262
v 0.45268622 -0.35796896 0.06030932
v 0.45209473 -0.35836238 0.06147533
v 0.45272541 -0.35852998 0.06292153
v 0.43535176 -0.35851181 -0.18532631
v 0.39697430 -0.35886860 0.09631737
v 0.43978152 -0.35842156 -0.15144862
v 0.27931166 -0.36499712 0.19778138
v 0.27667555 -0.36528024 0.19863549
v 0.27551982 -0.36505875 0.19767399
v 0.27502197 -0.36385950 0.19565089
v 0.27079043 -0.36391914 0.19561255
v 0.27045000 -0.36160856 0.19392876
v 0.27143848 -0.36496431 0.19750211
v 0.27899033 -0.36375299 0.19574930
v 0.27882072 -0.36128578 0.19398613
v 0.27481326 -0.36143306 0.19392312
v 0.38137490 -0.35877037 -0.04926457
v 0.41503727 -0.35872132 -0.04566185
v 0.38064918 -0.35874048 -0.03383695
v 0.44915950 -0.35798925 0.06521837
v 0.36264181 -0.35868663 0.04042947
v 0.26715735 -0.35793811 -0.11564704
v 0.42791361 -0.35858855 -0.18087350
v 0.33705530 -0.35908723 0.06601630
v 0.37698784 -0.35857633 -0.17474507
v 0.32314664 -0.35860625 -0.02814274
v 0.28485578 -0.35797834 -0.08664884
v 0.28426281 -0.35790884 -0.09406263
v 0.33374745 -0.35870722 0.17643695
v 0.32893541 -0.35888970 -0.08167304
v 0.43545681 -0.35822532 -0.19452515
v 0.43980527 -0.35862586 0.00914614
v 0.31863517 -0.35859680 -0.18808910
v 0.41423795 -0.35879830 0.13853092
v 0.33366439 -0.35878614 -0.23418902
v 0.40389466 -0.35905865 0.20313822
v 0.44366062 -0.35846061 -0.12052684
v 0.45308042 -0.35892415 0.02125567
v 0.45309606 -0.35886803 0.03004119
v 0.45166790 -0.35781187 0.13176641
v 0.41426325 -0.35876256 0.13438661
v 0.38502926 -0.35870755 -0.08792602
v 0.28268236 -0.35834193 0.04855718
v 0.41589919 -0.35881406 -0.15413979
v 0.44908422 -0.35801381 0.12690035
v 0.44915268 -0.35818088 0.05666110
v 0.35537356 -0.35867107 -0.02529800
v 0.29076114 -0.35798490 -0.21270341
v 0.46701556 -0.35752675 -0.19722112
v 0.30068836 -0.35857099 0.04891397
v 0.46700257 -0.35799393 -0.13280168
v 0.27893206 -0.35828054 -0.05469065
v 0.41369677 -0.35870385 0.17817238
v 0.44965819 -0.35839975 -0.23452823
v 0.41325516 -0.35891646 0.11088626
v 0.41935965 -0.35868663 0.14693598
v 0.34100068 -0.35854146 -0.22853762
v 0.40446332 -0.35888681 0.20197247
v 0.44535559 -0.35849142 -0.00270275
v 0.33686221 -0.35870001 -0.21677615
v 0.46706611 -0.35799810 -0.16057223
v 0.46798056 -0.35793176 -0.16149728
v 0.43445134 -0.35865802 0.02283479
v 0.43160170 -0.35854435 -0.18092190
v 0.32392889 -0.36057669 0.19902971
v 0.34072238 -0.35884097 0.04923618
v 0.33342046 -0.35871002 -0.21566941
v 0.45223033 -0.35849446 0.00898612
v 0.26188761 -0.35810634 -0.09624407
v 0.31601939 -0.35875228 0.08246009
v 0.45173141 -0.35780430 0.13912797
v 0.35937345 -0.35866746 -0.04185708
v 0.39359534 -0.35869080 -0.09829836
v 0.39852828 -0.35858837 0.16705650
v 0.44490021 -0.35830748 0.19062674
v 0.44411975 -0.35807422 -0.17766473
v 0.44387785 -0.35834941 -0.23452669
v 0.41009212 -0.35865557 0.01335469
v 0.40615991 -0.35865384 0.01721614
v 0.25189561 -0.36137187 -0.18370964
v 0.32234198 -0.35858181 0.01708986
v 0.40835547 -0.35869613 0.19839378
v 0.32403627 -0.35835096 0.17365324
v 0.42409733 -0.35876557 -0.03436567
v 0.32697928 -0.36022142 0.19898336
v 0.32970601 -0.35942560 0.19331700
v 0.32947651 -0.35982591 0.19886620
v 0.32661918 -0.36047029 0.20195304
v 0.32927686 -0.35997263 0.20198306
v 0.33263770 -0.35934243 0.19876802
v 0.32648629 -0.36001667 0.20278019
v 0.32011428 -0.35887501 0.11064195
v 0.44133198 -0.35845557 -0.15953815
v 0.40324414 -0.35873941 -0.07054392
v 0.45141345 -0.35815808 0.10677578
v 0.44862074 -0.35812598 -0.20593129
v 0.38022551 -0.35881406 -0.05092268
v 0.36723700 -0.35870215 -0.12907465
v 0.44082400 -0.35838690 0.19052675
v 0.38274968 -0.35868776 -0.01006150
v 0.44906443 -0.35789362 0.17501161
v 0.39275536 -0.35866132 -0.06489530
v 0.38889459 -0.35856435 -0.06527448
v 0.46657243 -0.35755944 -0.19981277
v 0.32915294 -0.35853767 0.15339941
v 0.31756794 -0.35877490 -0.15398164
v 0.43610281 -0.35867721 0.12285796
v 0.30313709 -0.35791096 -0.11328786
v 0.30592263 -0.35888299 -0.02966966
v 0.32363471 -0.36057803 0.20192510
v 0.43410009 -0.35861537 -0.04487332
v 0.29194942 -0.35832766 0.16506352
v 0.27153310 -0.35822129 0.00034285
v 0.28282833 -0.35867894 0.03698830
v 0.30962747 -0.35874414 -0.17533427
v 0.32019401 -0.35821241 0.17725296
v 0.33034679 -0.35884625 -0.23416713
v 0.27130821 -0.35791963 -0.13078748
v 0.38048378 -0.35851145 -0.06995693
v 0.30722550 -0.35802758 -0.12161992
v 0.39609569 -0.35901314 0.10974649
v 0.26609534 -0.35794067 -0.20973063
v 0.31241035 -0.35859978 -0.04946759
v 0.45183954 -0.35780576 0.08821801
v 0.27876720 -0.35785741 -0.20757115
v 0.43582684 -0.35850167 -0.16487859
v 0.31616133 -0.35880846 0.07381801
v 0.27115223 -0.35818112 -0.06129279
v 0.26205564 -0.35792029 -0.20973928
v 0.44041306 -0.35816726 0.13127135
v 0.44070390 -0.35830268 0.12696360
v 0.42336091 -0.35870540 0.17881055
v 0.41056621 -0.35822278 -0.21593964
v 0.45244819 -0.35837942 0.06950027
v 0.26613826 -0.35819435 0.09450812
v 0.32190007 -0.35876951 0.03295641
v 0.32960299 -0.35875186 -0.11864614
v 0.38291645 -0.35864463 0.00915402
v 0.25957960 -0.35781452 -0.21363129
v 0.25807852 -0.35790098 -0.20976630
v 0.25395867 -0.35775450 -0.21472871
v 0.25397754 -0.35787582 -0.20976533
v 0.25141022 -0.35792741 -0.21353017
v 0.25132108 -0.35805079 -0.20962097
v 0.25397265 -0.35828069 -0.20548919
v 0.25124732 -0.35843602 -0.20536287
v 0.25119212 -0.35890010 -0.20113318
v 0.25071517 -0.35772741 -0.20965575
v 0.25091049 -0.35759929 -0.21539265
v 0.25803164 -0.35776806 -0.21737665
v 0.25402242 -0.35772651 -0.22477014
v 0.26587269 -0.35789084 -0.21491022
v 0.25857785 -0.35776740 -0.22480716
v 0.25403267 -0.35770363 -0.22895828
v 0.25832325 -0.35772297 -0.22915749
v 0.25419989 -0.35798451 -0.23264237
v 0.25207466 -0.35806218 -0.23261239
v 0.25239846 -0.35831413 -0.23409657
v 0.25710607 -0.35778391 -0.23163724
v 0.25843444 -0.35794482 -0.23263970
v 0.25987157 -0.35771629 -0.23080210
v 0.26225749 -0.35796678 -0.23261146
v 0.25820947 -0.35753974 -0.23413555
v 0.26580071 -0.35768086 -0.23414718
v 0.26637366 -0.35805687 -0.23258311
v 0.25553015 -0.35815701 -0.23364300
v 0.25311467 -0.35828915 -0.23410809
v 0.27025315 -0.35793042 -0.22915697
v 0.25171557 -0.35782707 -0.22893095
v 0.26609564 -0.35789964 -0.22484234
v 0.27976787 -0.35884959 0.12985244
v 0.39008552 -0.35856354 -0.06778584
v 0.44891077 -0.35802138 -0.21278995
v 0.29450732 -0.35794318 -0.20525979
v 0.45145139 -0.35809129 0.09560489
v 0.28200790 -0.35866430 -0.15747158
v 0.42772010 -0.35880688 -0.02447126
v 0.33275694 -0.35913152 0.19314995
v 0.29923639 -0.35883495 -0.22411108
v 0.36322546 -0.35855329 -0.05354741
v 0.38876650 -0.35871407 -0.17046107
v 0.45343834 -0.35883522 0.01704448
v 0.40624103 -0.35878390 -0.05704205
v 0.39796436 -0.35876888 -0.05878894
v 0.44493976 -0.35838813 0.19900027
v 0.43131554 -0.35880429 0.11090743
v 0.38447320 -0.35876778 -0.07555841
v 0.38827851 -0.35890871 -0.02923463
v 0.26224741 -0.35819635 -0.06105901
v 0.37698412 -0.35864925 -0.04571408
v 0.39249897 -0.35862538 -0.13950522
v 0.27051869 -0.35828096 0.14890105
v 0.27878171 -0.35784501 -0.09013909
v 0.45231214 -0.35838887 0.07615780
v 0.44436383 -0.35859412 0.20244956
v 0.44828072 -0.35826379 0.20190546
v 0.44821545 -0.35794950 0.20312808
v 0.44842282 -0.35817644 0.19900116
v 0.45019937 -0.35817575 0.20142965
v 0.26176095 -0.35850272 -0.16604200
v 0.26142907 -0.35823867 -0.05316226
v 0.40564907 -0.35836184 -0.14226227
v 0.40259159 -0.35866207 0.00917223
v 0.32610044 -0.35858676 -0.02950452
v 0.26174957 -0.35838291 -0.04926394
v 0.44534260 -0.35844463 0.20339483
v 0.44440794 -0.35799238 0.20353372
v 0.44260240 -0.35887945 0.20352158
v 0.46634936 -0.35784808 -0.19965076
v 0.46435130 -0.35791382 -0.20024009
v 0.27061784 -0.35842589 -0.15438709
v 0.39689639 -0.35874549 -0.06418032
v 0.25796914 -0.35977924 -0.04930108
v 0.26206207 -0.35823014 -0.05699376
v 0.25974801 -0.35792944 -0.05656754
v 0.25977281 -0.35796654 -0.05450269
v 0.26024279 -0.35796082 -0.06097524
v 0.25971410 -0.35794777 -0.06100704
v 0.25977489 -0.35799316 -0.06845772
v 0.26037928 -0.35800052 -0.06710492
v 0.31118381 -0.35822305 -0.12727419
v 0.43533713 -0.35866553 -0.04869696
v 0.25833154 -0.35939682 -0.05316441
v 0.46782291 -0.35796297 -0.15280893
v 0.37663689 -0.35874495 -0.02091260
v 0.42541683 -0.35816753 -0.23287000
v 0.36970577 -0.35848674 -0.14225394
v 0.42996392 -0.35873431 -0.01430808
v 0.33874327 -0.35867101 -0.16265512
v 0.43676853 -0.35848981 -0.13897994
v 0.27756521 -0.35803762 -0.14355807
v 0.27803412 -0.35859647 -0.15372716
v 0.36372951 -0.35867411 -0.19410558
v 0.46680987 -0.35806370 -0.08698670
v 0.46671441 -0.35810047 -0.07874069
v 0.32570660 -0.35857552 -0.15808810
v 0.34935516 -0.35867661 0.18831974
v 0.43988228 -0.35846564 -0.15523946
v 0.43955162 -0.35832316 -0.18554534
v 0.38871866 -0.35866350 -0.09114505
v 0.27539468 -0.35809213 0.08484507
v 0.39846024 -0.35868117 0.01512013
v 0.28362131 -0.35881692 -0.02949218
v 0.28965718 -0.35818690 0.08775258
v 0.37738380 -0.35865614 -0.18167262
v 0.38849345 -0.35856244 -0.12325361
v 0.34951261 -0.35871375 0.19342791
v 0.46444926 -0.35767010 -0.20098360
v 0.25790972 -0.35884631 -0.18941508
v 0.33263829 -0.35928658 0.20198916
v 0.36948031 -0.35856327 -0.17516780
v 0.27267274 -0.35878575 0.02857006
v 0.28561968 -0.35789728 -0.20935488
v 0.28746113 -0.35754129 0.17885986
v 0.39442927 -0.35832554 -0.21994850
v 0.29463926 -0.35876584 -0.22438644
v 0.28255922 -0.35838878 -0.22409363
v 0.28612873 -0.35855708 -0.22839093
v 0.28265780 -0.35852990 -0.23269716
v 0.28254691 -0.35826454 -0.22056291
v 0.29484388 -0.35887563 -0.23237064
v 0.27900499 -0.35819232 -0.22448510
v 0.27887625 -0.35810095 -0.22067237
v 0.27464443 -0.35800514 -0.22470874
v 0.27463919 -0.35796905 -0.22081199
v 0.27872142 -0.35799250 -0.21681620
v 0.27461660 -0.35793489 -0.21691892
v 0.27463561 -0.35799250 -0.22886924
v 0.39228764 -0.35862651 -0.12735884
v 0.27907866 -0.35822830 -0.22883666
v 0.27469975 -0.35812438 -0.23201531
v 0.27162600 -0.35794964 -0.23124714
v 0.41471690 -0.35867789 -0.01407307
v 0.35632390 -0.35871342 -0.13681448
v 0.35200456 -0.35858032 -0.03799991
v 0.33953187 -0.35874137 -0.06967149
v 0.42305011 -0.35843369 -0.23440889
v 0.28257114 -0.35808340 -0.21676505
v 0.28261498 -0.35791728 -0.21295260
v 0.28607225 -0.35857981 -0.23253758
v 0.28613159 -0.35835534 -0.23408352
v 0.39698485 -0.35881829 -0.05304028
v 0.38998318 -0.35866243 0.18028912
v 0.37300089 -0.35877150 0.04486940
v 0.43172851 -0.35860947 0.09826793
v 0.32965213 -0.35854468 -0.04000913
v 0.36325467 -0.35864666 -0.15476912
v 0.30497915 -0.35867143 -0.01798280
v 0.41284901 -0.35865232 0.04113880
v 0.27041742 -0.35791662 -0.21119209
v 0.26622930 -0.35858455 -0.16438603
v 0.37712494 -0.35884252 0.14196989
v 0.38868776 -0.35863781 -0.06231450
v 0.32282782 -0.35849002 -0.12336544
v 0.39888188 -0.35854700 -0.14008258
v 0.44056889 -0.35847005 0.12277983
v 0.32089803 -0.35855922 -0.01835939
v 0.33746374 -0.35866183 -0.17465982
v 0.45087489 -0.35773841 0.19473033
v 0.43545565 -0.35896587 0.20345245
v 0.25159600 -0.36177009 -0.17664869
v 0.29306626 -0.35894990 -0.15405154
v 0.37255815 -0.35867301 0.14667009
v 0.29863936 -0.35852164 0.00929742
v 0.26611865 -0.35871413 -0.02228133
v 0.35893163 -0.35881913 -0.23420282
v 0.33420846 -0.35833156 0.00330374
v 0.31183076 -0.35858366 -0.21628292
v 0.35773182 -0.35855389 0.03462167
v 0.41447845 -0.35862914 0.04888249
v 0.29334956 -0.35857677 -0.23400463
v 0.35356265 -0.35866758 0.18842505
v 0.28726378 -0.35889062 0.03471568
v 0.27037379 -0.35879627 0.02474861
v 0.26613918 -0.35821292 0.09899072
v 0.26187193 -0.35824361 0.09514271
v 0.41870859 -0.35878325 0.13497026
v 0.41818675 -0.35856929 0.05298455
v 0.46680817 -0.35811412 -0.07148594
v 0.43186763 -0.35841593 -0.23446381
v 0.38074428 -0.35878435 -0.02565448
v 0.38187295 -0.35879546 0.14197314
v 0.26174557 -0.35848320 -0.04528218
v 0.44489688 -0.35841414 0.19477338
v 0.26175436 -0.35790402 0.12956060
v 0.45135388 -0.35826486 0.11446545
v 0.27034217 -0.35793194 -0.21667336
v 0.29930976 -0.35807163 -0.19899954
v 0.38127109 -0.35892984 0.12269372
v 0.34094915 -0.35870698 -0.22089426
v 0.45603028 -0.35834563 -0.05483799
v 0.26177475 -0.35850921 -0.16163431
v 0.44083220 -0.35873091 0.20227370
v 0.26187348 -0.35811982 0.10698776
v 0.32575530 -0.35869434 -0.15082866
v 0.25806770 -0.35810041 -0.20558648
v 0.25784105 -0.35962883 -0.16605662
v 0.25784242 -0.35968962 -0.16218227
v 0.25783870 -0.35970768 -0.15828598
v 0.25560430 -0.36114207 -0.16144182
v 0.26174843 -0.35845184 -0.15455778
v 0.25784498 -0.35970944 -0.15294488
v 0.25564179 -0.36122477 -0.15167819
v 0.25369450 -0.36220816 -0.15156998
v 0.25356972 -0.36207414 -0.16350873
v 0.25143462 -0.36226168 -0.16188388
v 0.25141007 -0.36243358 -0.14881217
v 0.25361362 -0.36223555 -0.14476089
v 0.26175296 -0.35838920 -0.14871439
v 0.25544932 -0.36111015 -0.16603070
v 0.40924060 -0.35855478 0.05684076
v 0.35923177 -0.35863277 0.15826218
v 0.46754590 -0.35785055 -0.08684092
v 0.46746081 -0.35780883 -0.07858569
v 0.39619067 -0.35861525 -0.13514049
v 0.33398318 -0.35871196 -0.18170364
v 0.36136997 -0.35860896 -0.17497261
v 0.40722695 -0.35840222 -0.14379457
v 0.29995897 -0.35871124 -0.23401631
v 0.45229316 -0.35870227 0.02932746
v 0.30306542 -0.35851231 -0.18617585
v 0.32369351 -0.35866213 -0.21632925
v 0.41530156 -0.35873017 0.14814630
v 0.33095327 -0.35859883 -0.19927998
v 0.40938783 -0.35906196 0.20315000
v 0.34973726 -0.35873735 0.19892167
v 0.43175268 -0.35847858 0.06892771
v 0.28666660 -0.35795772 -0.21282509
v 0.32973683 -0.35851634 -0.14354545
v 0.29092008 -0.35877430 -0.16214430
v 0.26186505 -0.35698411 0.17018266
v 0.38723415 -0.35884887 -0.23432839
v 0.44504353 -0.35847038 0.03741384
v 0.45176059 -0.35782853 0.10890981
v 0.28263408 -0.35854265 0.19268106
v 0.37507147 -0.35847700 -0.14624588
v 0.27720767 -0.35871792 0.02093539
v 0.40230787 -0.35829604 -0.21606845
v 0.28286326 -0.36359987 0.19588096
v 0.27881294 -0.35844746 -0.23306470
v 0.27728820 -0.35858840 -0.23428722
v 0.28004918 -0.35853362 -0.23432119
v 0.25334269 -0.36194462 -0.16986188
v 0.26622903 -0.35828692 -0.14348812
v 0.37524697 -0.35849464 -0.17606674
v 0.45176324 -0.35780227 0.09968086
v 0.27863812 -0.35788944 -0.21309860
v 0.38144153 -0.35887596 -0.23427849
v 0.27544516 -0.35823947 -0.00985998
v 0.36346647 -0.35897118 -0.07484763
v 0.26594734 -0.35885260 0.02611695
v 0.43210688 -0.35837367 -0.14413863
v 0.29416668 -0.35898927 -0.03221378
v 0.29123661 -0.35880569 -0.02914281
v 0.26887316 -0.35788143 -0.23061343
v 0.31255743 -0.35885522 0.13824472
v 0.41719824 -0.35857818 0.19301546
v 0.41461962 -0.35881108 0.14220542
v 0.39907882 -0.35864875 -0.18164326
v 0.30140680 -0.35880196 -0.16887519
v 0.30568621 -0.35890648 0.11909967
v 0.37742466 -0.35903722 0.10434926
v 0.28272563 -0.35839549 -0.23417953
v 0.42638034 -0.35859835 0.18641987
v 0.40770233 -0.35873938 -0.02139585
v 0.28857526 -0.35887423 0.12607232
v 0.26174924 -0.35817423 -0.01019395
v 0.42725241 -0.35863256 0.02454627
v 0.37226635 -0.35859001 -0.23234585
v 0.37111887 -0.35883904 -0.23424169
v 0.46678975 -0.35817307 -0.00431870
v 0.39913127 -0.35876194 -0.17432664
v 0.27307856 -0.36519510 0.19832416
v 0.28650585 -0.35815671 -0.21665604
v 0.37657037 -0.35890490 -0.08801286
v 0.26575148 -0.35853341 0.11447155
v 0.42430219 -0.35896125 -0.15421942
v 0.25394726 -0.35881734 -0.20118408
v 0.29105377 -0.36505374 0.19911368
v 0.26998878 -0.35434601 0.18722367
v 0.27459425 -0.35593981 0.19063544
v 0.27016434 -0.35615593 0.19055276
v 0.26602048 -0.35431841 0.18726946
v 0.26582435 -0.35637224 0.19050579
v 0.26605603 -0.35885677 0.19231306
v 0.27026647 -0.35887134 0.19243896
v 0.26248375 -0.35843518 0.19180410
v 0.26669002 -0.36167154 0.19412358
v 0.26389524 -0.36059728 0.19382407
v 0.26071048 -0.35816336 0.19148076
v 0.26089212 -0.35828558 0.19187725
v 0.25952297 -0.35735530 0.19026157
v 0.26597086 -0.36363375 0.19588500
v 0.26601148 -0.36367914 0.19602209
v 0.26203564 -0.35694197 0.19028956
v 0.26140741 -0.35786021 0.12564075
v 0.26174650 -0.35830262 0.04818802
v 0.26201487 -0.35806352 -0.20566869
v 0.29062706 -0.35854059 0.15559703
v 0.42156336 -0.35867986 -0.01415747
v 0.25782713 -0.35960171 -0.14346263
v 0.42819250 -0.35895935 -0.15124056
v 0.30747035 -0.35844886 -0.07071539
v 0.44499886 -0.35816783 0.12280518
v 0.40684384 -0.35880756 -0.14708543
v 0.36887783 -0.35879892 -0.07958742
v 0.32981122 -0.35866001 -0.12330899
v 0.42742324 -0.35876855 0.10231733
v 0.25552711 -0.36119488 -0.14373039
v 0.25559330 -0.36118415 -0.13943142
v 0.40331942 -0.35850775 -0.13954188
v 0.29503480 -0.36488390 0.19937557
v 0.45203421 -0.35856327 0.03701149
v 0.40692654 -0.35868645 -0.15442187
v 0.42040426 -0.35904413 -0.15077420
v 0.26623103 -0.35853016 -0.15766743
v 0.28717589 -0.35724187 0.18061079
v 0.33339822 -0.35872424 -0.06944805
v 0.44847357 -0.35824937 0.19477561
v 0.25157627 -0.35786259 -0.22494601
v 0.25113502 -0.35750091 -0.22393484
v 0.39168426 -0.35873479 0.14658447
v 0.37284380 -0.35900128 0.07838596
v 0.42432529 -0.35870820 -0.17683554
v 0.27857190 -0.35579753 0.19069749
v 0.46611407 -0.35807595 0.00359843
v 0.33391133 -0.35875273 0.04509704
v 0.31636709 -0.36117873 0.19784144
v 0.31634888 -0.36193258 0.19951254
v 0.31953037 -0.36161149 0.20023622
v 0.31629404 -0.36227584 0.20102109
v 0.31227872 -0.36293778 0.20068097
v 0.31949213 -0.36174583 0.20111711
v 0.32049108 -0.36111039 0.20145682
v 0.31231943 -0.36229482 0.19887824
v 0.29496875 -0.35785156 -0.10632051
v 0.45130706 -0.35790145 0.16674732
v 0.45625028 -0.35784629 -0.19179268
v 0.39265749 -0.35879403 0.06498183
v 0.41917738 -0.35887352 0.11060797
v 0.25854537 -0.35997075 0.04821739
v 0.26612711 -0.35820162 0.08758888
v 0.41773352 -0.35865968 0.17441422
v 0.26175508 -0.35832810 0.00547746
v 0.45042095 -0.35740083 0.20222203
v 0.28255680 -0.35843685 0.04401839
v 0.42323434 -0.35869277 0.18280634
v 0.45007196 -0.35674748 0.20340057
v 0.26189446 -0.35819012 -0.09242482
v 0.29895946 -0.36367086 0.19817252
v 0.44501144 -0.35808420 0.12679031
v 0.31674254 -0.35855022 -0.05713163
v 0.32272804 -0.35892099 0.06886435
v 0.26178500 -0.35837498 0.06813388
v 0.25850442 -0.35998693 0.04416845
v 0.44416925 -0.35814661 -0.17443609
v 0.25860408 -0.35998166 0.05215732
v 0.28247014 -0.35825515 0.05275914
v 0.38034779 -0.35882360 -0.07283425
v 0.26174799 -0.35856161 -0.04089426
v 0.35951471 -0.35851163 -0.17291270
v 0.30978253 -0.36151540 0.19713332
v 0.30801648 -0.36247069 0.19817781
v 0.36811516 -0.35840118 -0.22799759
v 0.30787659 -0.36354437 0.20031440
v 0.30316639 -0.36320525 0.19826049
v 0.30332825 -0.36411402 0.19996253
v 0.43993050 -0.35840970 -0.16903850
v 0.44916776 -0.35808587 0.06123645
v 0.26991934 -0.35518417 0.18266217
v 0.25808161 -0.35984203 -0.09248466
v 0.43040407 -0.35792303 -0.22880282
v 0.32251152 -0.35844183 -0.06535267
v 0.40568581 -0.35847521 -0.19838330
v 0.25783789 -0.35952863 -0.16990384
v 0.34326938 -0.35859478 -0.17480427
v 0.37706798 -0.35855764 -0.14705974
v 0.26175126 -0.35456869 0.18187979
v 0.44403261 -0.35807371 -0.18130237
v 0.25364411 -0.36223659 -0.13914089
v 0.25567836 -0.36125958 -0.13555428
v 0.25383130 -0.36227515 -0.13164814
v 0.25578445 -0.36135906 -0.13168697
v 0.25583971 -0.36144078 -0.12782258
v 0.25429034 -0.36212808 -0.12734364
v 0.25135159 -0.36257231 -0.12783886
v 0.25134829 -0.36260414 -0.12341214
v 0.25391158 -0.36233687 -0.12357484
v 0.25595024 -0.36154816 -0.11941321
v 0.25138769 -0.36246359 -0.13767634
v 0.29909217 -0.36458987 0.19966882
v 0.29897690 -0.36225513 0.19640277
v 0.30312783 -0.36193204 0.19657849
v 0.45178515 -0.35781395 0.09256319
v 0.33706632 -0.35870698 -0.22113843
v 0.32589057 -0.35855642 -0.14727825
v 0.29921347 -0.35897440 -0.23236513
v 0.26188579 -0.35801658 -0.10009638
v 0.44499287 -0.35826746 0.11891064
v 0.30269945 -0.35887247 0.02995103
v 0.46452653 -0.35777503 -0.19776191
v 0.26186579 -0.35826629 0.09106134
v 0.45152986 -0.35764894 0.16355611
v 0.38459399 -0.35871077 -0.07966875
v 0.33053896 -0.35882664 0.12541476
v 0.45032826 -0.35817426 0.19889529
v 0.28287330 -0.35879830 0.03389603
v 0.45294330 -0.35827425 0.04081282
v 0.45306483 -0.35873669 0.03357903
v 0.46774015 -0.35796958 -0.14089099
v 0.25907117 -0.36002526 0.09137759
v 0.25529876 -0.36102766 -0.16983469
v 0.25910300 -0.35999849 0.09854634
v 0.38467988 -0.35869351 -0.08433744
v 0.29744285 -0.35867819 -0.15147139
v 0.25794214 -0.35984036 -0.04166719
v 0.29832152 -0.35885549 0.02997258
v 0.26187831 -0.35823524 0.09998360
v 0.32024086 -0.36002192 0.19461611
v 0.25116375 -0.35921535 -0.19725952
v 0.29052457 -0.35878283 -0.15741937
v 0.32010013 -0.35885403 0.07756320
v 0.32020187 -0.35847571 0.18463129
v 0.26176134 -0.35502350 0.18786612
v 0.26488504 -0.35339883 0.18591358
v 0.26174477 -0.35354877 0.18594559
v 0.26488537 -0.35353473 0.18442713
v 0.25974914 -0.35399956 0.18558952
v 0.27060929 -0.35796037 -0.22444123
v 0.42026818 -0.35878995 -0.15420581
v 0.25391570 -0.36244884 -0.11604591
v 0.25135067 -0.36268890 -0.11259712
v 0.25390941 -0.36247745 -0.11014456
v 0.25137368 -0.36264130 -0.10134216
v 0.25391752 -0.36243707 -0.10081962
v 0.25597861 -0.36159277 -0.10443992
v 0.25597534 -0.36157361 -0.09996121
v 0.25390238 -0.36246645 -0.09090606
v 0.25597987 -0.36156690 -0.09618792
v 0.25601882 -0.36157593 -0.09087614
v 0.25391921 -0.36258948 -0.08374727
v 0.25607759 -0.36166885 -0.08467819
v 0.25138921 -0.36268875 -0.08561874
v 0.25141561 -0.36282396 -0.08065128
v 0.25612748 -0.36176187 -0.08069932
v 0.25392455 -0.36293265 -0.07359841
v 0.25616035 -0.36186722 -0.07665431
v 0.25614867 -0.36192080 -0.07275379
v 0.25149360 -0.36305583 -0.07402963
v 0.25611502 -0.36191317 -0.06883964
v 0.25136104 -0.36264205 -0.09320922
v 0.25600815 -0.36159420 -0.11283682
v 0.43488258 -0.35837555 -0.14172481
v 0.45157880 -0.35772601 0.17386124
v 0.29495496 -0.36045942 0.19447993
v 0.29947147 -0.35826153 0.19220406
v 0.25793999 -0.35983765 -0.03440805
v 0.26222283 -0.35812673 -0.07244340
v 0.27535987 -0.35828412 0.00937176
v 0.33000359 -0.35908225 0.18819103
v 0.26731142 -0.36379343 0.19574328
v 0.25806391 -0.35978001 -0.09626367
v 0.34541586 -0.35806203 0.20313203
v 0.25992954 -0.35797730 -0.07494698
v 0.46442541 -0.35789809 -0.13438648
v 0.29687425 -0.35806683 0.16931781
v 0.30349952 -0.35810071 0.16965160
v 0.45196581 -0.35819453 -0.21930434
v 0.45291615 -0.35843450 -0.21698748
v 0.25148171 -0.35786623 -0.21758351
v 0.37731940 -0.35872883 -0.04161750
v 0.46735790 -0.35785908 -0.04274698
v 0.45208311 -0.35861894 0.03285052
v 0.27046207 -0.35811272 -0.23243137
v 0.27069044 -0.35773975 -0.23422161
v 0.27488181 -0.35780865 -0.23432913
v 0.34845275 -0.35860240 -0.02552376
v 0.33301848 -0.35893664 0.18811399
v 0.46395606 -0.35816446 0.00482102
v 0.32873821 -0.35847160 0.15868135
v 0.28255376 -0.35578775 0.19073617
v 0.27470919 -0.35874966 0.19253734
v 0.39361063 -0.35872754 -0.06012589
v 0.25424272 -0.35761160 -0.23408327
v 0.25951853 -0.35563180 0.18324994
v 0.25975081 -0.35403746 0.18443976
v 0.30820730 -0.35776374 0.17724989
v 0.27925777 -0.35827222 0.00925495
v 0.32456306 -0.36016032 0.20267539
v 0.25394681 -0.36311144 -0.06509843
v 0.25158542 -0.36317489 -0.06896935
v 0.25168589 -0.36330330 -0.06435996
v 0.25396836 -0.36326236 -0.06092620
v 0.25183320 -0.36363354 -0.05698262
v 0.25399220 -0.36342248 -0.05690157
v 0.25189635 -0.36380416 -0.05302795
v 0.25401407 -0.36355960 -0.05298469
v 0.25372761 -0.36394998 -0.04939184
v 0.25197250 -0.36416471 -0.04941796
v 0.25231922 -0.36533922 -0.04820322
v 0.25217634 -0.36535102 -0.04820268
v 0.25213352 -0.36564854 -0.03890949
v 0.25245446 -0.36544403 -0.04493302
v 0.25257656 -0.36556649 -0.04040572
v 0.25275517 -0.36568809 -0.03172864
v 0.25216326 -0.36579174 -0.02856651
v 0.25286567 -0.36572486 -0.02564253
v 0.25220266 -0.36582428 -0.01857051
v 0.25294140 -0.36573529 -0.01967912
v 0.25294083 -0.36570877 -0.01390300
v 0.25293899 -0.36568353 -0.00887402
v 0.25210324 -0.36574140 -0.00418051
v 0.25281113 -0.36561757 0.00100925
v 0.25210971 -0.36567557 0.00548276
v 0.25271004 -0.36558154 0.01317437
v 0.25218785 -0.36561397 0.01931328
v 0.25266197 -0.36554331 0.02023284
v 0.25233084 -0.36554605 0.02763738
v 0.25269297 -0.36551198 0.02518448
v 0.25276181 -0.36548892 0.02897488
v 0.25285488 -0.36546364 0.03270397
v 0.25293371 -0.36543384 0.03653072
v 0.25285724 -0.36536720 0.04775731
v 0.25299847 -0.36540315 0.04049602
v 0.25304148 -0.36537078 0.04440174
v 0.25453749 -0.36490336 0.04825071
v 0.25458932 -0.36504114 0.05205639
v 0.25313830 -0.36533299 0.05243557
v 0.25303108 -0.36533028 0.05837310
v 0.25423712 -0.36518690 0.05984889
v 0.25303459 -0.36469978 0.05980210
v 0.25447387 -0.36509609 0.06401689
v 0.25463867 -0.36514646 0.05590962
v 0.25308836 -0.36449683 0.06397257
v 0.25450280 -0.36506450 0.06817807
v 0.25321561 -0.36440295 0.07184266
v 0.25453874 -0.36509261 0.07233115
v 0.25330323 -0.36459720 0.07668649
v 0.25432581 -0.36518192 0.07671648
v 0.25331870 -0.36529770 0.07828121
v 0.25472853 -0.36521262 0.08022778
v 0.25517064 -0.36527058 0.08403838
v 0.25456217 -0.36536112 0.08678078
v 0.25561154 -0.36531049 0.08623014
v 0.25591469 -0.36535949 0.08893885
v 0.25468114 -0.36549816 0.09467057
v 0.25597945 -0.36541906 0.09617401
v 0.25342274 -0.36543483 0.09313297
v 0.25349727 -0.36544520 0.10201077
v 0.25469920 -0.36547482 0.10346282
v 0.25351432 -0.36544812 0.10712539
v 0.25472036 -0.36550111 0.11430455
v 0.25350380 -0.36544746 0.11434177
v 0.25348106 -0.36552712 0.11901242
v 0.25468841 -0.36562493 0.11890560
v 0.25596952 -0.36543879 0.11512918
v 0.25469622 -0.36584228 0.12270259
v 0.25348711 -0.36567366 0.12264087
v 0.25471649 -0.36611396 0.12647209
v 0.25352246 -0.36598149 0.12825333
v 0.25474197 -0.36637342 0.13030173
v 0.25617409 -0.36574632 0.12651445
v 0.25608519 -0.36560288 0.12273870
v 0.25477937 -0.36663091 0.13420396
v 0.25362644 -0.36632240 0.13462974
v 0.25484493 -0.36680830 0.13805136
v 0.25491711 -0.36695749 0.14201103
v 0.25387239 -0.36661911 0.14186032
v 0.25498083 -0.36715919 0.14613397
v 0.25406069 -0.36688587 0.14808069
v 0.25600120 -0.36548769 0.11870521
v 0.25594211 -0.36540666 0.10770878
v 0.25340191 -0.36536151 0.08606397
v 0.25594586 -0.36540666 0.10339249
v 0.25609440 -0.36188889 -0.06488518
v 0.44914705 -0.35780180 0.16755894
v 0.46440586 -0.35809165 0.00073255
v 0.26174626 -0.35367924 0.18396847
v 0.25907791 -0.35993150 0.10316090
v 0.29983500 -0.35703123 0.18536390
v 0.30800465 -0.35812870 0.16980949
v 0.30647957 -0.36170176 0.19681118
v 0.29919821 -0.36038586 0.19455747
v 0.25812078 -0.36002117 0.00954527
v 0.29970196 -0.35696948 0.19017152
v 0.32055843 -0.36103803 0.19904518
v 0.44911078 -0.35791829 0.08531819
v 0.45088857 -0.35763693 0.19893323
v 0.29094431 -0.35883123 -0.03720839
v 0.26177156 -0.35847178 -0.18561009
v 0.25148520 -0.36212200 -0.16816024
v 0.33720186 -0.35866392 -0.22885172
v 0.33386537 -0.35890430 -0.23280415
v 0.26768419 -0.36425480 0.19659846
v 0.26626006 -0.35810599 0.14229524
v 0.33704767 -0.35869718 -0.22473732
v 0.45969948 -0.35797799 -0.20226194
v 0.31348851 -0.35850787 -0.06359384
v 0.31674254 -0.35855022 -0.05713163
v 0.31139743 -0.35851651 -0.06344493
v 0.31153014 -0.35849118 -0.07010236
v 0.30747035 -0.35844886 -0.07071539
v 0.30297539 -0.35792926 -0.12127398
v 0.30713046 -0.35801658 -0.11323485
v 0.30313709 -0.35791096 -0.11328786
v 0.30722550 -0.35802758 -0.12161992
v 0.30338022 -0.35803226 -0.12926681
v 0.29693580 -0.35793963 -0.12753248
v 0.31118381 -0.35822305 -0.12727419
v 0.31124368 -0.35822433 -0.12322336
v 0.30723560 -0.35807097 -0.12739787
v 0.30722550 -0.35802758 -0.12161992
v 0.32266554 -0.35844424 -0.11174609
v 0.32257679 -0.35848311 -0.09751303
v 0.31903818 -0.35839230 -0.10181826
v 0.32561958 -0.35874143 -0.10628417
v 0.31973359 -0.35845494 -0.08213059
v 0.32242736 -0.35847756 -0.07561433
v 0.31536415 -0.35849139 -0.07875014
v 0.32259762 -0.35846141 -0.08257566
v 0.31536415 -0.35849139 -0.07875014
v 0.31480947 -0.35848832 -0.07154919
v 0.31151593 -0.35847771 -0.07641079
v 0.31153014 -0.35849118 -0.07010236
v 0.33438674 -0.35853356 -0.04160335
v 0.33480150 -0.35849419 -0.03551719
v 0.32965213 -0.35854468 -0.04000913
v 0.34096164 -0.35853246 -0.03460713
v 0.34104386 -0.35850871 -0.02966348
v 0.31926179 -0.35875157 -0.03358331
v 0.33023989 -0.35851043 -0.02882728
v 0.32610044 -0.35858676 -0.02950452
v 0.32965213 -0.35854468 -0.04000913
v 0.30520058 -0.35897011 -0.03250892
v 0.30592263 -0.35888299 -0.02966966
v 0.29767159 -0.35893482 -0.02933937
v 0.29772797 -0.35902688 -0.03223731
v 0.29416668 -0.35898927 -0.03221378
v 0.32314664 -0.35860625 -0.02814274
v 0.31605753 -0.35862631 -0.02623674
v 0.31396282 -0.35874629 -0.02980224
v 0.32579204 -0.35854441 -0.02220709
v 0.32089803 -0.35855922 -0.01835939
v 0.32610044 -0.35858676 -0.02950452
v 0.30881467 -0.35870668 -0.02681710
v 0.30592263 -0.35888299 -0.02966966
v 0.28763857 -0.35846201 -0.01397386
v 0.28521121 -0.35835433 -0.00991562
v 0.28347355 -0.35844266 -0.01402865
v 0.27934062 -0.35842627 -0.01407004
v 0.27932268 -0.35826245 -0.00985784
v 0.27544516 -0.35823947 -0.00985998
v 0.27544436 -0.35815701 -0.00441474
v 0.27113828 -0.35825574 -0.00991157
v 0.27118015 -0.35821414 -0.00605041
v 0.27153310 -0.35822129 0.00034285
v 0.26623690 -0.35832015 -0.00548178
v 0.27153310 -0.35822129 0.00034285
v 0.26625255 -0.35838416 0.00269192
v 0.26176974 -0.35822350 -0.00097489
v 0.26175508 -0.35832810 0.00547746
v 0.27153310 -0.35822129 0.00034285
v 0.27557522 -0.35817501 0.00295690
v 0.27115926 -0.35834983 0.00913361
v 0.27535987 -0.35828412 0.00937176
v 0.27925777 -0.35827222 0.00925495
v 0.27882200 -0.35858500 0.01707996
v 0.27720767 -0.35871792 0.02093539
v 0.27174082 -0.35867754 0.01725178
v 0.27766770 -0.35838044 0.01256721
v 0.27037379 -0.35879627 0.02474861
v 0.27267274 -0.35878575 0.02857006
v 0.26594734 -0.35885260 0.02611695
v 0.28044602 -0.35873327 0.02544623
v 0.27720767 -0.35871792 0.02093539
v 0.27895945 -0.35874721 0.03331624
v 0.28304362 -0.35875824 0.02942357
v 0.28287330 -0.35879830 0.03389603
v 0.28247014 -0.35825515 0.05275914
v 0.28847659 -0.35826153 0.05831230
v 0.27858359 -0.35812068 0.05614261
v 0.28849572 -0.35817033 0.06392506
v 0.27901250 -0.35805443 0.06293477
v 0.27459645 -0.35809746 0.05712586
v 0.27873605 -0.35807392 0.07430882
v 0.28298515 -0.35809296 0.08483963
v 0.27924037 -0.35805854 0.08993930
v 0.27539468 -0.35809213 0.08484507
v 0.29390660 -0.35853559 0.10683338
v 0.29063025 -0.35866210 0.11068776
v 0.28321251 -0.35843828 0.10663380
v 0.29844776 -0.35871109 0.11088469
v 0.29849607 -0.35885864 0.13876860
v 0.29817045 -0.35880607 0.14303955
v 0.28959531 -0.35868487 0.14479360
v 0.29585513 -0.35864264 0.15004547
v 0.29585513 -0.35864264 0.15004547
v 0.29883099 -0.35847133 0.16140416
v 0.29273504 -0.35847899 0.16123667
v 0.29062706 -0.35854059 0.15559703
v 0.30210358 -0.35832310 0.16572851
v 0.29194942 -0.35832766 0.16506352
v 0.29687425 -0.35806683 0.16931781
v 0.28697169 -0.35802794 0.16871087
v 0.30349952 -0.35810071 0.16965160
v 0.30800465 -0.35812870 0.16980949
v 0.28499758 -0.35825661 0.16503067
v 0.28273171 -0.35795355 0.16902354
v 0.27489042 -0.35802203 0.16528580
v 0.32393825 -0.35847068 0.15619346
v 0.32373643 -0.35838881 0.16446093
v 0.32011375 -0.35843983 0.16006362
v 0.32787421 -0.35842860 0.16396405
v 0.32873821 -0.35847160 0.15868135
v 0.29907572 -0.35895216 0.12281074
v 0.29933867 -0.35894904 0.12609750
v 0.29034936 -0.35889465 0.12220880
v 0.28857526 -0.35887423 0.12607232
v 0.29856646 -0.35887489 0.13120501
v 0.28828833 -0.35878423 0.13806736
v 0.29003933 -0.35882422 0.13003649
v 0.29849607 -0.35885864 0.13876860
v 0.30997962 -0.35887206 0.11503454
v 0.30568621 -0.35890648 0.11909967
v 0.30090731 -0.35883218 0.11494724
v 0.30652982 -0.35878992 0.11179785
v 0.29844776 -0.35871109 0.11088469
v 0.32363498 -0.35892203 0.10862108
v 0.31850114 -0.35887542 0.11384411
v 0.32011428 -0.35887501 0.11064195
v 0.32511938 -0.35890397 0.11620582
v 0.32007986 -0.35883036 0.09779362
v 0.32373983 -0.35891783 0.10066627
v 0.32011428 -0.35887501 0.11064195
v 0.32372850 -0.35890201 0.08917154
v 0.30816144 -0.35864460 0.04430315
v 0.30068836 -0.35857099 0.04891397
v 0.30010721 -0.35858300 0.04439896
v 0.30654055 -0.35866010 0.03993791
v 0.31063238 -0.35869798 0.04015996
v 0.30645320 -0.35884139 0.03697689
v 0.30227327 -0.35895228 0.03713137
v 0.30656779 -0.35897693 0.03427840
v 0.30241939 -0.35911757 0.03466915
v 0.32272804 -0.35892099 0.06886435
v 0.32374758 -0.35892746 0.07761253
v 0.31621340 -0.35880563 0.06884811
v 0.32010013 -0.35885403 0.07756320
v 0.32782683 -0.35891306 0.05262938
v 0.32999116 -0.35900870 0.05878524
v 0.32547867 -0.35893172 0.05759541
v 0.33561626 -0.35902178 0.05748061
v 0.33575523 -0.35894895 0.05330912
v 0.33391133 -0.35875273 0.04509704
v 0.33067015 -0.35908237 0.06550304
v 0.33705530 -0.35908723 0.06601630
v 0.30434608 -0.35845971 -0.00158517
v 0.30384821 -0.35847661 0.00299638
v 0.29871652 -0.35846186 -0.00300372
v 0.30347607 -0.35849777 -0.00612753
v 0.29873714 -0.35846457 0.00316766
v 0.30382991 -0.35853514 0.00904051
v 0.29863936 -0.35852164 0.00929742
v 0.30384821 -0.35847661 0.00299638
v 0.30497915 -0.35867143 -0.01798280
v 0.30642301 -0.35854617 -0.01161172
v 0.30295700 -0.35859427 -0.01371911
v 0.30347607 -0.35849777 -0.00612753
v 0.32968023 -0.35834023 0.00848193
v 0.32689771 -0.35847533 0.01321001
v 0.32180402 -0.35842383 0.00902447
v 0.32234198 -0.35858181 0.01708986
v 0.32234198 -0.35858181 0.01708986
v 0.32208681 -0.35874531 0.02770649
v 0.31746134 -0.35879478 0.02836008
v 0.32190007 -0.35876951 0.03295641
v 0.32979327 -0.35864389 0.03452863
v 0.32698083 -0.35874832 0.04304042
v 0.32564944 -0.35871845 0.03448353
v 0.32979357 -0.35869789 0.04045966
v 0.32190007 -0.35876951 0.03295641
v 0.33027858 -0.35910347 0.07069503
v 0.33677921 -0.35910282 0.08200596
v 0.33324072 -0.35909927 0.07880407
v 0.33313107 -0.35907602 0.09023344
v 0.33677280 -0.35908988 0.09390113
v 0.34242791 -0.35907787 0.09008300
v 0.33440167 -0.35872674 0.13876829
v 0.33738399 -0.35867658 0.14532489
v 0.33374169 -0.35863692 0.14589030
v 0.33686736 -0.35862651 0.15514371
v 0.32915294 -0.35853767 0.15339941
v 0.38731509 -0.35857913 0.16626698
v 0.39133707 -0.35856706 0.17024703
v 0.38592318 -0.35856381 0.17230029
v 0.39852828 -0.35858837 0.16705650
v 0.39852828 -0.35858837 0.16705650
v 0.40691689 -0.35860592 0.16988114
v 0.40061623 -0.35857290 0.17017172
v 0.40858775 -0.35866013 0.17444368
v 0.41369677 -0.35870385 0.17817238
v 0.39165145 -0.35868859 0.15066434
v 0.39362359 -0.35863620 0.15817316
v 0.38373333 -0.35867637 0.14731713
v 0.38218927 -0.35859635 0.15714112
v 0.38951999 -0.35859919 0.16135480
v 0.39168426 -0.35873479 0.14658447
v 0.39852828 -0.35858837 0.16705650
v 0.38187295 -0.35879546 0.14197314
v 0.38065872 -0.35868329 0.14660254
v 0.37712494 -0.35884252 0.14196989
v 0.37287578 -0.35881305 0.14212444
v 0.37255815 -0.35867301 0.14667009
v 0.37913290 -0.35895395 0.07199477
v 0.37923861 -0.35894662 0.07836232
v 0.37376711 -0.35899287 0.06834818
v 0.37284380 -0.35900128 0.07838596
v 0.38455200 -0.35887393 0.06638578
v 0.38838601 -0.35887021 0.07620873
v 0.37913290 -0.35895395 0.07199477
v 0.38867098 -0.35885409 0.06631812
v 0.38404450 -0.35874131 0.05658719
v 0.37865484 -0.35883385 0.06029375
v 0.37862653 -0.35877034 0.05645762
v 0.35554284 -0.35874322 0.04485037
v 0.34936917 -0.35881919 0.04927736
v 0.34825224 -0.35869402 0.04258272
v 0.34072238 -0.35884097 0.04923618
v 0.36264181 -0.35868663 0.04042947
v 0.33420846 -0.35833156 0.00330374
v 0.33442476 -0.35837236 0.01255797
v 0.33030298 -0.35831487 0.00337864
v 0.32968023 -0.35834023 0.00848193
v 0.34721684 -0.35844600 0.00178381
v 0.35114908 -0.35843861 0.01173989
v 0.34007359 -0.35838163 0.00326632
v 0.35982570 -0.35851073 0.00437145
v 0.36365998 -0.35849363 0.01667844
v 0.36849195 -0.35873380 0.04014795
v 0.36536908 -0.35873848 0.04474632
v 0.36264181 -0.35868663 0.04042947
v 0.37300089 -0.35877150 0.04486940
v 0.38083959 -0.35878631 0.03521810
v 0.38447714 -0.35879838 0.04321264
v 0.38059688 -0.35877848 0.04310966
v 0.38656193 -0.35881323 0.03746279
v 0.38459837 -0.35881308 0.03342383
v 0.34845275 -0.35860240 -0.02552376
v 0.35045022 -0.35863417 -0.02116590
v 0.34301391 -0.35852709 -0.02366301
v 0.34831759 -0.35858703 -0.01746193
v 0.35739338 -0.35867101 -0.03151391
v 0.35537356 -0.35867107 -0.02529800
v 0.34847993 -0.35858434 -0.03170348
v 0.34845275 -0.35860240 -0.02552376
v 0.35200456 -0.35858032 -0.03799991
v 0.37195534 -0.35875377 -0.04164009
v 0.36911416 -0.35873497 -0.03767816
v 0.35937345 -0.35866746 -0.04185708
v 0.37394875 -0.35874876 -0.03641753
v 0.37731940 -0.35872883 -0.04161750
v 0.35937345 -0.35866746 -0.04185708
v 0.35940951 -0.35865989 -0.03776641
v 0.35203016 -0.35859108 -0.04172830
v 0.35200456 -0.35858032 -0.03799991
v 0.38123000 -0.35873875 -0.04175738
v 0.37754279 -0.35874084 -0.03402879
v 0.37731940 -0.35872883 -0.04161750
v 0.38064918 -0.35874048 -0.03383695
v 0.38490418 -0.35877773 -0.03353585
v 0.38079008 -0.35879377 -0.02907915
v 0.38064918 -0.35874048 -0.03383695
v 0.38827851 -0.35890871 -0.02923463
v 0.38074428 -0.35878435 -0.02565448
v 0.42142421 -0.35873315 -0.03918203
v 0.42672637 -0.35866281 -0.03720113
v 0.42409733 -0.35876557 -0.03436567
v 0.42516130 -0.35864586 -0.04530110
v 0.43439248 -0.35860085 -0.03922868
v 0.43410009 -0.35861537 -0.04487332
v 0.43962216 -0.35863101 -0.04464295
v 0.43931624 -0.35864833 -0.03632260
v 0.43533713 -0.35866553 -0.04869696
v 0.41561580 -0.35877296 -0.04163872
v 0.41503727 -0.35872132 -0.04566185
v 0.41140795 -0.35862327 -0.01848780
v 0.41471690 -0.35867789 -0.01407307
v 0.40607148 -0.35874215 -0.01423266
v 0.40498790 -0.35869265 -0.01853047
v 0.40770233 -0.35873938 -0.02139585
v 0.37704065 -0.35879099 -0.02649535
v 0.38146147 -0.35871986 -0.02279952
v 0.37663689 -0.35874495 -0.02091260
v 0.38074428 -0.35878435 -0.02565448
v 0.39057124 -0.35868260 0.01696164
v 0.39039713 -0.35872865 0.02305920
v 0.38161165 -0.35864729 0.01681944
v 0.40220815 -0.35868129 0.02114698
v 0.38461706 -0.35871643 0.02289513
v 0.37905285 -0.35869107 0.02491578
v 0.39846024 -0.35868117 0.01512013
v 0.40615991 -0.35865384 0.01721614
v 0.41472086 -0.35863203 0.01723193
v 0.41762131 -0.35865188 0.02090738
v 0.37713906 -0.35865727 0.02085253
v 0.41005862 -0.35869125 0.02527203
v 0.42079359 -0.35865948 0.02396194
v 0.42725241 -0.35863256 0.02454627
v 0.40808198 -0.35874432 0.03404359
v 0.40733320 -0.35868016 0.04152386
v 0.39935327 -0.35876825 0.03786863
v 0.41284901 -0.35865232 0.04113880
v 0.40544266 -0.35876483 0.14962029
v 0.40655404 -0.35869253 0.15634042
v 0.39921030 -0.35877687 0.14772668
v 0.41187328 -0.35867473 0.15858838
v 0.40975761 -0.35876730 0.14844161
v 0.39610794 -0.35857275 0.17281386
v 0.40435413 -0.35868594 0.17696472
v 0.39002123 -0.35862434 0.17630638
v 0.39967129 -0.35870427 0.18041874
v 0.38998318 -0.35866243 0.18028912
v 0.38592318 -0.35856381 0.17230029
v 0.40526810 -0.35871789 0.18088035
v 0.34120867 -0.35853121 0.17010839
v 0.33861864 -0.35872474 0.17612834
v 0.33700177 -0.35854775 0.16977450
v 0.33337030 -0.35853493 0.17002364
v 0.33374745 -0.35870722 0.17643695
v 0.33369306 -0.35851663 0.16439019
v 0.34832588 -0.35848343 0.17034534
v 0.35356265 -0.35866758 0.18842505
v 0.35431015 -0.35873079 0.19896720
v 0.34951261 -0.35871375 0.19342791
v 0.34973726 -0.35873735 0.19892167
v 0.37869072 -0.35865676 0.18034267
v 0.38269517 -0.35866183 0.18692195
v 0.37462416 -0.35865569 0.18467632
v 0.38998318 -0.35866243 0.18028912
v 0.40936020 -0.35861173 0.19332911
v 0.41457075 -0.35865551 0.19827722
v 0.40835547 -0.35869613 0.19839378
v 0.41719824 -0.35857818 0.19301546
v 0.41773352 -0.35865968 0.17441422
v 0.42336091 -0.35870540 0.17881055
v 0.41369677 -0.35870385 0.17817238
v 0.42323434 -0.35869277 0.18280634
v 0.42326638 -0.35871679 0.12737709
v 0.42353997 -0.35870317 0.13072248
v 0.41875386 -0.35877305 0.13088778
v 0.41870859 -0.35878325 0.13497026
v 0.39515299 -0.35899106 0.10280343
v 0.40193617 -0.35898793 0.10732120
v 0.39609569 -0.35901314 0.10974649
v 0.40531972 -0.35894591 0.10274026
v 0.40545100 -0.35897303 0.11150564
v 0.41325516 -0.35891646 0.11088626
v 0.39697430 -0.35886860 0.09631737
v 0.40381435 -0.35867336 0.09145153
v 0.39697430 -0.35886860 0.09631737
v 0.39645553 -0.35874465 0.08962316
v 0.40374804 -0.35862941 0.08830567
v 0.40456215 -0.35861862 0.08225020
v 0.40374804 -0.35862941 0.08830567
v 0.39716974 -0.35868242 0.08349526
v 0.40857774 -0.35859475 0.08700455
v 0.41015980 -0.35861793 0.08216310
v 0.40076911 -0.35865781 0.07491071
v 0.39688170 -0.35870892 0.06988432
v 0.40924060 -0.35855478 0.05684076
v 0.39977619 -0.35867068 0.06034141
v 0.39287072 -0.35872641 0.05528728
v 0.39265749 -0.35879403 0.06498183
v 0.40975961 -0.35856986 0.05303366
v 0.42409059 -0.35855734 0.05626584
v 0.40924060 -0.35855478 0.05684076
v 0.41818675 -0.35856929 0.05298455
v 0.41849506 -0.35864559 0.04487586
v 0.41447845 -0.35862914 0.04888249
v 0.41054001 -0.35867220 0.04477217
v 0.41284901 -0.35865232 0.04113880
v 0.44502729 -0.35862750 0.02538436
v 0.44504353 -0.35847038 0.03741384
v 0.44053462 -0.35864839 0.02641872
v 0.44071206 -0.35867733 0.01792147
v 0.43445134 -0.35865802 0.02283479
v 0.44912717 -0.35854766 0.02605174
v 0.44916442 -0.35831961 0.04340870
v 0.44504353 -0.35847038 0.03741384
v 0.45203421 -0.35856327 0.03701149
v 0.45208311 -0.35861894 0.03285052
v 0.43172851 -0.35860947 0.09826793
v 0.43163639 -0.35866666 0.10237102
v 0.42756879 -0.35871392 0.09824877
v 0.42742324 -0.35876855 0.10231733
v 0.42286247 -0.35883233 0.10239754
v 0.42309919 -0.35882118 0.10678528
v 0.41643348 -0.35886493 0.10663907
v 0.41917738 -0.35887352 0.11060797
v 0.43141085 -0.35871619 0.10658981
v 0.43131554 -0.35880429 0.11090743
v 0.42715153 -0.35878545 0.10643262
v 0.42742324 -0.35876855 0.10231733
v 0.43583891 -0.35867116 -0.00461964
v 0.43950060 -0.35861355 0.00333041
v 0.43448162 -0.35866001 0.00168410
v 0.43124232 -0.35869172 -0.00432758
v 0.44364780 -0.35854477 0.00317256
v 0.44535559 -0.35849142 -0.00270275
v 0.43116876 -0.35874173 -0.01005641
v 0.43124232 -0.35869172 -0.00432758
v 0.42538750 -0.35871714 -0.00963915
v 0.42996392 -0.35873431 -0.01430808
v 0.42156336 -0.35867986 -0.01415747
v 0.45264739 -0.35836974 -0.00320253
v 0.45422041 -0.35841879 0.00231091
v 0.44535559 -0.35849142 -0.00270275
v 0.46018243 -0.35822961 0.00066014
v 0.41690660 -0.35873824 -0.06653635
v 0.41533184 -0.35873371 -0.06078835
v 0.40844828 -0.35875499 -0.06564876
v 0.42417395 -0.35870424 -0.06259556
v 0.42813295 -0.35870343 -0.06915469
v 0.42438614 -0.35871604 -0.07432154
v 0.36575904 -0.35868087 -0.12736973
v 0.36723700 -0.35870215 -0.12907465
v 0.37145889 -0.35863355 -0.12688403
v 0.35995391 -0.35873353 -0.12309306
v 0.39888188 -0.35854700 -0.14008258
v 0.40169805 -0.35859960 -0.13521610
v 0.39619067 -0.35861525 -0.13514049
v 0.40331942 -0.35850775 -0.13954188
v 0.46440586 -0.35809165 0.00073255
v 0.46611407 -0.35807595 0.00359843
v 0.46395606 -0.35816446 0.00482102
v 0.46515092 -0.35776180 0.00606010
v 0.46057463 -0.35826898 -0.05068149
v 0.45843208 -0.35829598 -0.04237929
v 0.45273033 -0.35842332 -0.04978642
v 0.45603028 -0.35834563 -0.05483799
v 0.43488622 -0.35868543 -0.08249708
v 0.43157649 -0.35869122 -0.07699479
v 0.42751148 -0.35868537 -0.08399464
v 0.43198639 -0.35866046 -0.08974850
v 0.42438614 -0.35871604 -0.07432154
v 0.43092272 -0.35862309 -0.09813839
v 0.43198639 -0.35866046 -0.08974850
v 0.42676842 -0.35866666 -0.09421826
v 0.42067459 -0.35863835 -0.10215963
v 0.42689961 -0.35855335 -0.13100445
v 0.42688885 -0.35855564 -0.12711748
v 0.42014810 -0.35853195 -0.13135353
v 0.42071941 -0.35855582 -0.12579596
v 0.42858100 -0.35858390 -0.13528870
v 0.43218482 -0.35856321 -0.12938657
v 0.42689961 -0.35855335 -0.13100445
v 0.43421978 -0.35859138 -0.13662085
v 0.44702178 -0.35852665 -0.07470684
v 0.45122790 -0.35843381 -0.06697177
v 0.44707549 -0.35851079 -0.06682201
v 0.45122632 -0.35842717 -0.07786216
v 0.44929108 -0.35844561 -0.06092388
v 0.45342350 -0.35834628 -0.08380404
v 0.45122632 -0.35842717 -0.07786216
v 0.44705242 -0.35851735 -0.08255997
v 0.44706672 -0.35848027 -0.09040464
v 0.43735716 -0.35854483 -0.11749285
v 0.44611722 -0.35845366 -0.11218376
v 0.43092513 -0.35864526 -0.11211208
v 0.44366062 -0.35846061 -0.12052684
v 0.44756395 -0.35837817 -0.12547553
v 0.44744024 -0.35840434 -0.11774509
v 0.44366062 -0.35846061 -0.12052684
v 0.45143980 -0.35830727 -0.11492488
v 0.45147756 -0.35826510 -0.12843360
v 0.44385433 -0.35844976 -0.12912732
v 0.44366062 -0.35846061 -0.12052684
v 0.43937320 -0.35851818 -0.13409449
v 0.44378692 -0.35843036 -0.13760206
v 0.44030640 -0.35843408 -0.14261235
v 0.43676853 -0.35848981 -0.13897994
v 0.44133198 -0.35845557 -0.15953815
v 0.43988228 -0.35846564 -0.15523946
v 0.43577453 -0.35853210 -0.15881559
v 0.43582684 -0.35850167 -0.16487859
v 0.40664923 -0.35875404 -0.16286317
v 0.41156262 -0.35868722 -0.15880127
v 0.40591234 -0.35867551 -0.15896034
v 0.39931327 -0.35880345 -0.16336563
v 0.39944434 -0.35871011 -0.15878406
v 0.40692654 -0.35868645 -0.15442187
v 0.41145447 -0.35877761 -0.15421090
v 0.41589919 -0.35881406 -0.15413979
v 0.42791361 -0.35858855 -0.18087350
v 0.43198833 -0.35852784 -0.17607239
v 0.42432529 -0.35870820 -0.17683554
v 0.43160170 -0.35854435 -0.18092190
v 0.41008615 -0.35850808 -0.19409280
v 0.40832269 -0.35855854 -0.18993054
v 0.39589620 -0.35848108 -0.19843352
v 0.39907882 -0.35864875 -0.18164326
v 0.40568581 -0.35847521 -0.19838330
v 0.36811516 -0.35840118 -0.22799759
v 0.37060633 -0.35851058 -0.22369801
v 0.36739802 -0.35851792 -0.22341534
v 0.38334489 -0.35856816 -0.21649618
v 0.36919659 -0.35859305 -0.21625721
v 0.38072348 -0.35863203 -0.20858517
v 0.37066823 -0.35860848 -0.21094371
v 0.37095827 -0.35858029 -0.20189948
v 0.38016808 -0.35863459 -0.19776133
v 0.37013021 -0.35859150 -0.19856952
v 0.38015589 -0.35861522 -0.20193635
v 0.38557667 -0.35859752 -0.19722281
v 0.39030129 -0.35858068 -0.19427891
v 0.38895380 -0.35868153 -0.18971834
v 0.38557667 -0.35859752 -0.19722281
v 0.39579356 -0.35857630 -0.18973841
v 0.38467306 -0.35839808 -0.22803649
v 0.38878873 -0.35833791 -0.22823054
v 0.38416484 -0.35846010 -0.22460809
v 0.38347188 -0.35861823 -0.23227298
v 0.38854969 -0.35847223 -0.21800530
v 0.39442927 -0.35832554 -0.21994850
v 0.42773241 -0.35822254 -0.20428616
v 0.43545681 -0.35822532 -0.19452515
v 0.43150428 -0.35828027 -0.19440912
v 0.42092931 -0.35836405 -0.19842443
v 0.41147199 -0.35843018 -0.20211339
v 0.43971348 -0.35830444 -0.17441146
v 0.44420078 -0.35826164 -0.17084885
v 0.43993050 -0.35840970 -0.16903850
v 0.44416925 -0.35814661 -0.17443609
v 0.46450150 -0.35807744 -0.07114188
v 0.46455473 -0.35811591 -0.06484616
v 0.46021831 -0.35822278 -0.06704911
v 0.46458879 -0.35818264 -0.05555789
v 0.46039701 -0.35826007 -0.05875918
v 0.45572770 -0.35804614 -0.14096303
v 0.46442541 -0.35789809 -0.13438648
v 0.45561501 -0.35813108 -0.12939467
v 0.45147756 -0.35826510 -0.12843360
v 0.45959231 -0.35779175 -0.17528532
v 0.46455508 -0.35787508 -0.16457994
v 0.46036506 -0.35790861 -0.16675264
v 0.46446529 -0.35773274 -0.17648090
v 0.46712783 -0.35797372 -0.16704567
v 0.46706611 -0.35799810 -0.16057223
v 0.44891077 -0.35802138 -0.21278995
v 0.44877484 -0.35808203 -0.20925684
v 0.44455382 -0.35798979 -0.21231541
v 0.44862074 -0.35812598 -0.20593129
v 0.43127900 -0.35852605 -0.18529756
v 0.43530995 -0.35847536 -0.18104823
v 0.43160170 -0.35854435 -0.18092190
v 0.43535176 -0.35851181 -0.18532631
v 0.43955162 -0.35832316 -0.18554534
v 0.43988228 -0.35846564 -0.15523946
v 0.43978152 -0.35842156 -0.15144862
v 0.43547624 -0.35853684 -0.15150020
v 0.43548107 -0.35845897 -0.14780472
v 0.43190429 -0.35845178 -0.14806858
v 0.43210688 -0.35837367 -0.14413863
v 0.42850593 -0.35859534 -0.14814597
v 0.42819250 -0.35895935 -0.15124056
v 0.39359534 -0.35869080 -0.09829836
v 0.39183891 -0.35863787 -0.08740108
v 0.39123872 -0.35864475 -0.09797147
v 0.38871866 -0.35866350 -0.09114505
v 0.38868776 -0.35863781 -0.06231450
v 0.38273263 -0.35874352 -0.05685232
v 0.38044462 -0.35862377 -0.06127901
v 0.37951538 -0.35873932 -0.05600238
v 0.38889459 -0.35856435 -0.06527448
v 0.38868776 -0.35863781 -0.06231450
v 0.38214248 -0.35853526 -0.06411304
v 0.39008552 -0.35856354 -0.06778584
v 0.38848811 -0.35857987 -0.06946315
v 0.38048378 -0.35851145 -0.06995693
v 0.40659729 -0.35882136 -0.05316641
v 0.41389781 -0.35874242 -0.04918997
v 0.40592721 -0.35872573 -0.04549351
v 0.39698485 -0.35881829 -0.05304028
v 0.41503727 -0.35872132 -0.04566185
v 0.42409059 -0.35855734 0.05626584
v 0.42776659 -0.35852158 0.06181556
v 0.42387819 -0.35855851 0.06209629
v 0.42796177 -0.35856611 0.06852053
v 0.43175268 -0.35847858 0.06892771
v 0.41883475 -0.35883668 0.13858570
v 0.41461962 -0.35881108 0.14220542
v 0.41423795 -0.35879830 0.13853092
v 0.41870859 -0.35878325 0.13497026
v 0.37275630 -0.35903531 0.09268310
v 0.37206316 -0.35905474 0.09999008
v 0.36420590 -0.35908395 0.09503822
v 0.36697602 -0.35903755 0.08721296
v 0.34745806 -0.35887128 0.12649706
v 0.33822429 -0.35881919 0.13216515
v 0.33748204 -0.35888126 0.12678035
v 0.33053896 -0.35882664 0.12541476
v 0.35649565 -0.35882923 0.13007692
v 0.35354251 -0.35881186 0.13415602
v 0.36257377 -0.35884655 0.13401437
v 0.33203718 -0.35889828 0.12048337
v 0.33053896 -0.35882664 0.12541476
v 0.32388091 -0.35888630 0.11900979
v 0.32511938 -0.35890397 0.11620582
v 0.32089803 -0.35855922 -0.01835939
v 0.31320941 -0.35854161 -0.01407096
v 0.31064281 -0.35864118 -0.01816358
v 0.30497915 -0.35867143 -0.01798280
v 0.32615459 -0.35855225 -0.01847913
v 0.32232791 -0.35847545 -0.01411239
v 0.32089803 -0.35855922 -0.01835939
v 0.32629526 -0.35847822 -0.01409399
v 0.33039045 -0.35844618 -0.01398305
v 0.27486655 -0.35816443 0.16113868
v 0.27489042 -0.35802203 0.16528580
v 0.27036244 -0.35800985 0.16156235
v 0.27044255 -0.35810524 0.15657552
v 0.27466166 -0.35838938 0.15081134
v 0.27051869 -0.35828096 0.14890105
v 0.28266156 -0.35851932 0.03990034
v 0.28255680 -0.35843685 0.04401839
v 0.27853894 -0.35857454 0.03987378
v 0.28282833 -0.35867894 0.03698830
v 0.37472820 -0.35856071 -0.05173047
v 0.36374080 -0.35856143 -0.05003788
v 0.36322546 -0.35855329 -0.05354741
v 0.37414879 -0.35856599 -0.04970398
v 0.37951538 -0.35873932 -0.05600238
v 0.28901720 -0.35831505 -0.06111203
v 0.28692201 -0.35844952 -0.05388847
v 0.27959117 -0.35812503 -0.06164802
v 0.28993994 -0.35821763 -0.06698395
v 0.27893206 -0.35828054 -0.05469065
v 0.28269053 -0.35847399 -0.05000509
v 0.28921771 -0.35860974 -0.04687366
v 0.29043889 -0.35878587 -0.04153110
v 0.27878171 -0.35784501 -0.09013909
v 0.28500813 -0.35802388 -0.07861871
v 0.27908158 -0.35795081 -0.07582806
v 0.28805092 -0.35810018 -0.07220935
v 0.28505120 -0.35809726 -0.06881627
v 0.28993994 -0.35821763 -0.06698395
v 0.27833951 -0.35772055 -0.10663146
v 0.28820327 -0.35796461 -0.09415212
v 0.27771547 -0.35775054 -0.10184973
v 0.28964388 -0.35787058 -0.10245521
v 0.28426281 -0.35790884 -0.09406263
v 0.27878171 -0.35784501 -0.09013909
v 0.27558601 -0.35810459 -0.06159055
v 0.27548549 -0.35820484 -0.05683082
v 0.27115223 -0.35818112 -0.06129279
v 0.27893206 -0.35828054 -0.05469065
v 0.26685113 -0.35824984 -0.06479791
v 0.27115223 -0.35818112 -0.06129279
v 0.26626149 -0.35837579 -0.05718914
v 0.26224741 -0.35819635 -0.06105901
v 0.26206207 -0.35823014 -0.05699376
v 0.26024279 -0.35796082 -0.06097524
v 0.26037928 -0.35800052 -0.06710492
v 0.26222283 -0.35812673 -0.07244340
v 0.25992954 -0.35797730 -0.07494698
v 0.31522354 -0.35833022 -0.14321066
v 0.31514901 -0.35835534 -0.13931802
v 0.30956018 -0.35827655 -0.14350639
v 0.31118548 -0.35828993 -0.13904555
v 0.32216546 -0.35854241 -0.13379563
v 0.32643583 -0.35858247 -0.12510626
v 0.32282782 -0.35849002 -0.12336544
v 0.32585835 -0.35859355 -0.13485417
v 0.32989743 -0.35862163 -0.12672000
v 0.32981122 -0.35866001 -0.12330899
v 0.37043524 -0.35866094 -0.12329688
v 0.35625026 -0.35884538 -0.11914518
v 0.35995391 -0.35873353 -0.12309306
v 0.37142801 -0.35873657 -0.11966693
v 0.36432943 -0.35883659 -0.11589906
v 0.34851637 -0.35890871 -0.10834971
v 0.34858498 -0.35891509 -0.10231377
v 0.34256524 -0.35886812 -0.10230546
v 0.35541961 -0.35895324 -0.10229598
v 0.35848945 -0.35896334 -0.10858000
v 0.36264420 -0.35896358 -0.10243797
v 0.35541961 -0.35895324 -0.10229598
v 0.36689132 -0.35892203 -0.10870282
v 0.36712247 -0.35887766 -0.11249533
v 0.37600434 -0.35884547 -0.10934194
v 0.36689132 -0.35892203 -0.10870282
v 0.37662953 -0.35881260 -0.11297418
v 0.37816837 -0.35875243 -0.11619094
v 0.36432943 -0.35883659 -0.11589906
v 0.36573404 -0.35893664 -0.08802570
v 0.37258413 -0.35888457 -0.08500502
v 0.35406959 -0.35885632 -0.07986480
v 0.36143431 -0.35883942 -0.07970075
v 0.36887783 -0.35879892 -0.07958742
v 0.36900958 -0.35894507 -0.07476826
v 0.36346647 -0.35897118 -0.07484763
v 0.37657037 -0.35890490 -0.08801286
v 0.38502926 -0.35870755 -0.08792602
v 0.37688977 -0.35885492 -0.08403338
v 0.37657037 -0.35890490 -0.08801286
v 0.38467988 -0.35869351 -0.08433744
v 0.38847199 -0.35866544 -0.08214474
v 0.38871866 -0.35866350 -0.09114505
v 0.35151720 -0.35886705 -0.07569338
v 0.35703996 -0.35883513 -0.07242250
v 0.35216868 -0.35880727 -0.07251892
v 0.35689166 -0.35891378 -0.07519739
v 0.36346647 -0.35897118 -0.07484763
v 0.36116391 -0.35885420 -0.07239377
v 0.36110023 -0.35855481 -0.06998299
v 0.36524320 -0.35849917 -0.07003534
v 0.37252146 -0.35862583 -0.13509764
v 0.37246168 -0.35867098 -0.12885039
v 0.36679164 -0.35867721 -0.13087963
v 0.36583182 -0.35865137 -0.13505532
v 0.36723700 -0.35870215 -0.12907465
v 0.36548418 -0.35857886 -0.13917397
v 0.35632390 -0.35871342 -0.13681448
v 0.35900047 -0.35860157 -0.13956863
v 0.36653835 -0.35849199 -0.14170220
v 0.36970577 -0.35848674 -0.14225394
v 0.32677102 -0.35868192 -0.21689405
v 0.33119848 -0.35868940 -0.20952263
v 0.32369351 -0.35866213 -0.21632925
v 0.33342046 -0.35871002 -0.21566941
v 0.32447225 -0.35864028 -0.21318835
v 0.33095327 -0.35859883 -0.19927998
v 0.32447225 -0.35864028 -0.21318835
v 0.32128209 -0.35851973 -0.20764434
v 0.31954518 -0.35855573 -0.21267799
v 0.31430519 -0.35846618 -0.21261667
v 0.32274178 -0.35862383 -0.18761277
v 0.31945807 -0.35869893 -0.18195501
v 0.31863517 -0.35859680 -0.18808910
v 0.32706684 -0.35862535 -0.18789861
v 0.33398318 -0.35871196 -0.18170364
v 0.31430018 -0.35869241 -0.18189031
v 0.30962747 -0.35874414 -0.17533427
v 0.30350536 -0.35861471 -0.18206666
v 0.30140680 -0.35880196 -0.16887519
v 0.30956173 -0.35856107 -0.18591574
v 0.30306542 -0.35851231 -0.18617585
v 0.31863517 -0.35859680 -0.18808910
v 0.30140680 -0.35880196 -0.16887519
v 0.29704657 -0.35882664 -0.16547757
v 0.29189470 -0.35877880 -0.16870137
v 0.29097497 -0.35879853 -0.16550751
v 0.29092008 -0.35877430 -0.16214430
v 0.29189470 -0.35877880 -0.16870137
v 0.28271252 -0.35864654 -0.16921499
v 0.28865135 -0.35862437 -0.17639065
v 0.28195637 -0.35856134 -0.17535162
v 0.27664456 -0.35853130 -0.17585234
v 0.27060929 -0.35796037 -0.22444123
v 0.27461660 -0.35793489 -0.21691892
v 0.27034217 -0.35793194 -0.21667336
v 0.27863812 -0.35788944 -0.21309860
v 0.27025315 -0.35793042 -0.22915697
v 0.27464443 -0.35800514 -0.22470874
v 0.27060929 -0.35796037 -0.22444123
v 0.27463561 -0.35799250 -0.22886924
v 0.27162600 -0.35794964 -0.23124714
v 0.27046207 -0.35811272 -0.23243137
v 0.28253368 -0.35820237 -0.18988334
v 0.28059939 -0.35837874 -0.18595226
v 0.27820000 -0.35818878 -0.18990354
v 0.29356167 -0.35850123 -0.18591876
v 0.27428520 -0.35848165 -0.15779904
v 0.27429760 -0.35845071 -0.15390882
v 0.27061784 -0.35842589 -0.15438709
v 0.27803412 -0.35859647 -0.15372716
v 0.27797309 -0.35858613 -0.15758914
v 0.28205106 -0.35875145 -0.15370627
v 0.27803412 -0.35859647 -0.15372716
v 0.28200790 -0.35866430 -0.15747158
v 0.28261498 -0.35791728 -0.21295260
v 0.28561968 -0.35789728 -0.20935488
v 0.27863812 -0.35788944 -0.21309860
v 0.28666660 -0.35795772 -0.21282509
v 0.37905848 -0.35866329 -0.17843784
v 0.38800988 -0.35870224 -0.17439967
v 0.38122162 -0.35866663 -0.17380205
v 0.38876650 -0.35871407 -0.17046107
v 0.37698784 -0.35857633 -0.17474507
v 0.37524697 -0.35849464 -0.17606674
v 0.37554362 -0.35854524 -0.17764978
v 0.37738380 -0.35865614 -0.18167262
v 0.36070314 -0.35874522 -0.16698304
v 0.36311784 -0.35876539 -0.16295506
v 0.35389590 -0.35878888 -0.16287191
v 0.35132551 -0.35873675 -0.16681935
v 0.35218135 -0.35879564 -0.16204073
v 0.35572416 -0.35862398 -0.17054889
v 0.33398318 -0.35871196 -0.18170364
v 0.34072202 -0.35869208 -0.17774494
v 0.33159599 -0.35870224 -0.17778075
v 0.33362404 -0.35864425 -0.17147240
v 0.33746374 -0.35866183 -0.17465982
v 0.34326938 -0.35859478 -0.17480427
v 0.39241624 -0.35878551 -0.16237421
v 0.38892835 -0.35876065 -0.15863632
v 0.38137797 -0.35869503 -0.15577430
v 0.39270428 -0.35874331 -0.15856193
v 0.39683279 -0.35871395 -0.15861355
v 0.39772734 -0.35880888 -0.16204208
v 0.39944434 -0.35871011 -0.15878406
v 0.38164923 -0.35867575 -0.14972205
v 0.37706798 -0.35855764 -0.14705974
v 0.37711766 -0.35856503 -0.15095837
v 0.37460056 -0.35852680 -0.15491919
v 0.38137797 -0.35869503 -0.15577430
v 0.27756521 -0.35803762 -0.14355807
v 0.27461743 -0.35797623 -0.13761723
v 0.27063218 -0.35815871 -0.14336430
v 0.27130821 -0.35791963 -0.13078748
v 0.26638758 -0.35818860 -0.13694303
v 0.26622903 -0.35828692 -0.14348812
v 0.27130821 -0.35791963 -0.13078748
v 0.27146176 -0.35782132 -0.12109248
v 0.26648989 -0.35807079 -0.12946078
v 0.26651809 -0.35801423 -0.12345840
v 0.26715735 -0.35793811 -0.11564704
v 0.26175296 -0.35838920 -0.14871439
v 0.26622903 -0.35828692 -0.14348812
v 0.26175478 -0.35828364 -0.14230163
v 0.26623118 -0.35840136 -0.14844903
v 0.26174843 -0.35845184 -0.15455778
v 0.26623103 -0.35853016 -0.15766743
v 0.25782713 -0.35960171 -0.14346263
v 0.29645297 -0.35782313 -0.11428003
v 0.30313709 -0.35791096 -0.11328786
v 0.29886401 -0.35787386 -0.10842331
v 0.29496875 -0.35785156 -0.10632051
v 0.28466317 -0.35884538 -0.03293570
v 0.28771153 -0.35879380 -0.02924769
v 0.28362131 -0.35881692 -0.02949218
v 0.29110095 -0.35890034 -0.03231128
v 0.29123661 -0.35880569 -0.02914281
v 0.29421002 -0.35890108 -0.02920716
v 0.29416668 -0.35898927 -0.03221378
v 0.29094431 -0.35883123 -0.03720839
v 0.34085563 -0.35882813 -0.07273000
v 0.34759706 -0.35871240 -0.06977589
v 0.33953187 -0.35874137 -0.06967149
v 0.33339822 -0.35872424 -0.06944805
v 0.35216868 -0.35880727 -0.07251892
v 0.41980302 -0.35881728 -0.03433427
v 0.41973510 -0.35898307 -0.02908392
v 0.41521958 -0.35893062 -0.02894841
v 0.42409733 -0.35876557 -0.03436567
v 0.38100126 -0.35878280 -0.05321024
v 0.37728330 -0.35866442 -0.04960718
v 0.37951538 -0.35873932 -0.05600238
v 0.38022551 -0.35881406 -0.05092268
v 0.38137490 -0.35877037 -0.04926457
v 0.37698412 -0.35864925 -0.04571408
v 0.42409733 -0.35876557 -0.03436567
v 0.42787522 -0.35879719 -0.02939094
v 0.42410016 -0.35895455 -0.02926019
v 0.42395124 -0.35904351 -0.02410845
v 0.42772010 -0.35880688 -0.02447126
v 0.32548076 -0.35876140 -0.08915686
v 0.32893541 -0.35888970 -0.08167304
v 0.32531324 -0.35875577 -0.07703266
v 0.32902372 -0.35888854 -0.08886548
v 0.32259762 -0.35846141 -0.08257566
v 0.32561958 -0.35874143 -0.10628417
v 0.32910943 -0.35885569 -0.10802601
v 0.32960299 -0.35875186 -0.11864614
v 0.43586460 -0.35883099 0.11118979
v 0.43587232 -0.35884655 0.11515481
v 0.43131554 -0.35880429 0.11090743
v 0.44055155 -0.35860083 0.11128794
v 0.44048023 -0.35861546 0.11512160
v 0.32730219 -0.35868427 -0.15413423
v 0.32575530 -0.35869434 -0.15082866
v 0.32253665 -0.35868600 -0.15398663
v 0.32570660 -0.35857552 -0.15808810
v 0.32233313 -0.35858461 -0.15777373
v 0.31756794 -0.35877490 -0.15398164
v 0.31756794 -0.35877490 -0.15398164
v 0.31485993 -0.35871381 -0.15160419
v 0.31058890 -0.35886768 -0.15430491
v 0.30707172 -0.35870299 -0.15201348
v 0.40276387 -0.35845023 -0.14448771
v 0.40564907 -0.35836184 -0.14226227
v 0.39909074 -0.35848799 -0.14491102
v 0.40722695 -0.35840222 -0.14379457
v 0.39898434 -0.35880318 -0.14663048
v 0.39579126 -0.35865083 -0.14653146
v 0.40684384 -0.35880756 -0.14708543
v 0.26628226 -0.35841799 -0.18989308
v 0.26177156 -0.35847178 -0.18561009
v 0.26181683 -0.35846239 -0.18946286
v 0.26187134 -0.35843089 -0.19363476
v 0.26630339 -0.35834312 -0.19385830
v 0.26836368 -0.35839444 -0.19207580
v 0.32944527 -0.35851249 0.17285268
v 0.33374745 -0.35870722 0.17643695
v 0.32998601 -0.35862663 0.17713676
v 0.32403627 -0.35835096 0.17365324
v 0.32403627 -0.35835096 0.17365324
v 0.32401252 -0.35838681 0.17715691
v 0.32018518 -0.35823530 0.17376950
v 0.32019401 -0.35821241 0.17725296
v 0.32247096 -0.35847610 -0.14750671
v 0.32238588 -0.35838404 -0.14417389
v 0.31525388 -0.35844505 -0.14778286
v 0.32589057 -0.35855642 -0.14727825
v 0.31522354 -0.35833022 -0.14321066
v 0.33339822 -0.35872424 -0.06944805
v 0.32935393 -0.35865408 -0.06573480
v 0.32903701 -0.35877931 -0.06927127
v 0.32251152 -0.35844183 -0.06535267
v 0.43545681 -0.35822532 -0.19452515
v 0.43959069 -0.35826278 -0.19013934
v 0.43549863 -0.35839197 -0.18989509
v 0.43955162 -0.35832316 -0.18554534
v 0.33386537 -0.35890430 -0.23280415
v 0.33374774 -0.35883895 -0.22904646
v 0.33043584 -0.35889402 -0.22910389
v 0.33042127 -0.35898918 -0.23284987
v 0.33720186 -0.35866392 -0.22885172
v 0.33034679 -0.35884625 -0.23416713
v 0.33366439 -0.35878614 -0.23418902
v 0.33704767 -0.35869718 -0.22473732
v 0.33740845 -0.35868382 -0.23267204
v 0.45223033 -0.35849446 0.00898612
v 0.45443061 -0.35864270 0.01292865
v 0.45223421 -0.35855466 0.01300763
v 0.45343834 -0.35883522 0.01704448
v 0.34973726 -0.35873735 0.19892167
v 0.35447317 -0.35887071 0.20245333
v 0.34985119 -0.35884225 0.20215680
v 0.35305122 -0.35878885 0.20332833
v 0.34983882 -0.35860607 0.20327224
v 0.40835547 -0.35869613 0.19839378
v 0.40968254 -0.35888690 0.20196185
v 0.40446332 -0.35888681 0.20197247
v 0.40938783 -0.35906196 0.20315000
v 0.32019401 -0.35821241 0.17725296
v 0.32398084 -0.35843113 0.18049835
v 0.32020116 -0.35822126 0.18050902
v 0.32395321 -0.35867947 0.18448547
v 0.32020187 -0.35847571 0.18463129
v 0.43208975 -0.35812980 -0.23278940
v 0.43040407 -0.35792303 -0.22880282
v 0.42541683 -0.35816753 -0.23287000
v 0.42305011 -0.35843369 -0.23440889
v 0.43186763 -0.35841593 -0.23446381
v 0.45130706 -0.35790145 0.16674732
v 0.45129675 -0.35805142 0.17613170
v 0.44914705 -0.35780180 0.16755894
v 0.45157880 -0.35772601 0.17386124
v 0.38459399 -0.35871077 -0.07966875
v 0.38447320 -0.35876778 -0.07555841
v 0.38038310 -0.35899875 -0.07518768
v 0.38034779 -0.35882360 -0.07283425
v 0.45133328 -0.35816392 0.12739940
v 0.45141622 -0.35810179 0.13847961
v 0.44908422 -0.35801381 0.12690035
v 0.45166790 -0.35781187 0.13176641
v 0.45173141 -0.35780430 0.13912797
v 0.29446867 -0.35879445 0.02997920
v 0.29432848 -0.35915172 0.03494208
v 0.29081658 -0.35875151 0.02997252
v 0.28726378 -0.35889062 0.03471568
v 0.40692654 -0.35868645 -0.15442187
v 0.41146898 -0.35901824 -0.15019383
v 0.40683818 -0.35895678 -0.15006313
v 0.40684384 -0.35880756 -0.14708543
v 0.26614487 -0.35885271 -0.03012591
v 0.26174116 -0.35849357 -0.02618472
v 0.26173341 -0.35853025 -0.03046789
v 0.26612338 -0.35879970 -0.02619534
v 0.26611865 -0.35871413 -0.02228133
v 0.25806770 -0.35810041 -0.20558648
v 0.25802237 -0.35833374 -0.20143369
v 0.25397265 -0.35828069 -0.20548919
v 0.25394726 -0.35881734 -0.20118408
v 0.42430219 -0.35896125 -0.15421942
v 0.42453733 -0.35921729 -0.15099572
v 0.42026818 -0.35878995 -0.15420581
v 0.42801309 -0.35885462 -0.15432385
v 0.42819250 -0.35895935 -0.15124056
v 0.46435130 -0.35791382 -0.20024009
v 0.46452653 -0.35777503 -0.19776191
v 0.45964140 -0.35818362 -0.20151952
v 0.45969948 -0.35797799 -0.20226194
v 0.45765138 -0.35853693 -0.20292188
v 0.45196581 -0.35819453 -0.21930434
v 0.45185167 -0.35834214 -0.20908198
v 0.44907290 -0.35796466 -0.21892858
v 0.44891077 -0.35802138 -0.21278995
v 0.33275694 -0.35913152 0.19314995
v 0.33633909 -0.35909602 0.19878013
v 0.33263770 -0.35934243 0.19876802
v 0.33263829 -0.35928658 0.20198916
v 0.45209473 -0.35836238 0.06147533
v 0.45181987 -0.35817134 0.06690613
v 0.44916776 -0.35808587 0.06123645
v 0.45272541 -0.35852998 0.06292153
v 0.45244819 -0.35837942 0.06950027
v 0.26587522 -0.35832894 0.13359484
v 0.26149711 -0.35773009 0.13759041
v 0.26175690 -0.35786358 0.13357611
v 0.26228136 -0.35769787 0.14173603
v 0.26626006 -0.35810599 0.14229524
v 0.26175436 -0.35790402 0.12956060
v 0.26626006 -0.35810599 0.14229524
v 0.26609448 -0.35787159 0.15161109
v 0.26260445 -0.35763696 0.14730653
v 0.26389515 -0.35758451 0.15606824
v 0.25960892 -0.35725990 0.16590193
v 0.26186505 -0.35698411 0.17018266
v 0.25956297 -0.35707906 0.17028663
v 0.32397258 -0.35921225 0.18898164
v 0.32398629 -0.35984349 0.19411431
v 0.32022497 -0.35911179 0.18959485
v 0.32024086 -0.36002192 0.19461611
v 0.32020187 -0.35847571 0.18463129
v 0.32055843 -0.36103803 0.19904518
v 0.43685344 -0.35881886 0.20223789
v 0.44260240 -0.35887945 0.20352158
v 0.43545565 -0.35896587 0.20345245
v 0.44083220 -0.35873091 0.20227370
v 0.26140741 -0.35786021 0.12564075
v 0.26581222 -0.35839698 0.12956217
v 0.26175436 -0.35790402 0.12956060
v 0.25870135 -0.35957286 0.12979841
v 0.25894624 -0.35916269 0.12585995
v 0.25980318 -0.35761616 0.12437284
v 0.26579285 -0.35852703 0.11906488
v 0.26191056 -0.35798270 0.11816176
v 0.26575148 -0.35853341 0.11447155
v 0.25116375 -0.35921535 -0.19725952
v 0.25392655 -0.35957170 -0.19322978
v 0.25117868 -0.35949785 -0.19331175
v 0.25392005 -0.35992154 -0.18925232
v 0.25796747 -0.35872847 -0.19346929
v 0.25790972 -0.35884631 -0.18941508
v 0.45309606 -0.35886803 0.03004119
v 0.45306483 -0.35873669 0.03357903
v 0.45208311 -0.35861894 0.03285052
v 0.32055843 -0.36103803 0.19904518
v 0.32363471 -0.36057803 0.20192510
v 0.32049108 -0.36111039 0.20145682
v 0.28717589 -0.35724187 0.18061079
v 0.28684270 -0.35549149 0.18614982
v 0.28268215 -0.35673124 0.18115139
v 0.28259024 -0.35498464 0.18632308
v 0.28255376 -0.35578775 0.19073617
v 0.46671441 -0.35810047 -0.07874069
v 0.46750817 -0.35790011 -0.07097905
v 0.46680817 -0.35811412 -0.07148594
v 0.46746081 -0.35780883 -0.07858569
v 0.33263829 -0.35928658 0.20198916
v 0.33270296 -0.35896510 0.20285861
v 0.32927686 -0.35997263 0.20198306
v 0.32648629 -0.36001667 0.20278019
v 0.26991934 -0.35518417 0.18266217
v 0.26998878 -0.35434601 0.18722367
v 0.26603183 -0.35463160 0.18293589
v 0.26602048 -0.35431841 0.18726946
v 0.26488504 -0.35339883 0.18591358
v 0.26488537 -0.35353473 0.18442713
v 0.26174626 -0.35367924 0.18396847
v 0.25811571 -0.35976467 -0.01416865
v 0.26174924 -0.35817423 -0.01019395
v 0.25813815 -0.35977754 -0.00896593
v 0.25301397 -0.36179695 -0.17457496
v 0.25334269 -0.36194462 -0.16986188
v 0.25148520 -0.36212200 -0.16816024
v 0.25529876 -0.36102766 -0.16983469
v 0.26174626 -0.35367924 0.18396847
v 0.25974914 -0.35399956 0.18558952
v 0.25975081 -0.35403746 0.18443976
v 0.25875413 -0.36009780 0.06408760
v 0.26178500 -0.35837498 0.06813388
v 0.25884256 -0.36012793 0.07095347
v 0.25113502 -0.35750091 -0.22393484
v 0.25148171 -0.35786623 -0.21758351
v 0.25091049 -0.35759929 -0.21539265
v 0.30316639 -0.36320525 0.19826049
v 0.30332825 -0.36411402 0.19996253
v 0.29895946 -0.36367086 0.19817252
v 0.30312783 -0.36193204 0.19657849
v 0.29909217 -0.36458987 0.19966882
v 0.30647957 -0.36170176 0.19681118
v 0.30340284 -0.36036238 0.19469702
v 0.29919821 -0.36038586 0.19455747
v 0.29947147 -0.35826153 0.19220406
v 0.29970196 -0.35696948 0.19017152
v 0.30378893 -0.35831371 0.19154243
v 0.29919821 -0.36038586 0.19455747
v 0.26731142 -0.36379343 0.19574328
v 0.26768419 -0.36425480 0.19659846
v 0.26597086 -0.36363375 0.19588500
v 0.25498083 -0.36715919 0.14613397
v 0.25506276 -0.36740440 0.15102687
v 0.25406069 -0.36688587 0.14808069
v 0.25428364 -0.36720452 0.15497506
v 0.25518116 -0.36782628 0.15921740
v 0.25446516 -0.36748087 0.16203988
v 0.25525963 -0.36822566 0.16859798
v 0.25456119 -0.36780080 0.17036298
v 0.25530225 -0.36830983 0.17442155
v 0.25465116 -0.36786512 0.17393447
v 0.25475442 -0.36783463 0.17708540
v 0.25527948 -0.36811167 0.17873651
v 0.25673786 -0.36768827 0.17882861
v 0.25690669 -0.36785018 0.18324935
v 0.25555447 -0.36816064 0.18318681
v 0.25600240 -0.36785164 0.18632241
v 0.25695413 -0.36771804 0.18638091
v 0.25642076 -0.36736560 0.18746255
v 0.25673586 -0.36735347 0.18749996
v 0.26731142 -0.36379343 0.19574328
v 0.26669002 -0.36167154 0.19412358
v 0.27045000 -0.36160856 0.19392876
v 0.26605603 -0.35885677 0.19231306
v 0.27026647 -0.35887134 0.19243896
v 0.27470919 -0.35874966 0.19253734
v 0.27899033 -0.36375299 0.19574930
v 0.28271458 -0.36111510 0.19410498
v 0.28286326 -0.36359987 0.19588096
v 0.27882072 -0.36128578 0.19398613
v 0.28263408 -0.35854265 0.19268106
v 0.27470919 -0.35874966 0.19253734
v 0.27857190 -0.35579753 0.19069749
v 0.28255376 -0.35578775 0.19073617
vt 0.00000000 0.00000000
vt 0.00000000 0.00000000
vt 0.00000000 0.00000000
vt 0.00000000 0.00000000
vt 0.00000000 0.00000000
vt 0.00000000 0.00000000
vt 0.49153513 0.91834807
vt 0.46889254 0.91819739
vt 0.48213476 0.90914410
vt 0.45639232 0.90932471
vt 0.45782939 0.92600399
vt 0.48391777 0.92666590
vt 0.50921148 0.92617083
vt 0.50764585 0.91852236
vt 0.52575749 0.91879648
vt 0.52406394 0.92616856
vt 0.54880750 0.92638820
vt 0.57378334 0.92689991
vt 0.56339186 0.92678058
vt 0.58201164 0.91228133
vt 0.58318824 0.92716038
vt 0.59691715 0.91100365
vt 0.58920515 0.90542823
vt 0.60045564 0.90574807
vt 0.59098524 0.92732376
vt 0.60026383 0.92065841
vt 0.60876733 0.91187185
vt 0.60990483 0.92103225
vt 0.61707366 0.91146350
vt 0.60870147 0.90592510
vt 0.62983692 0.92041153
vt 0.63311100 0.91152149
vt 0.64330697 0.91180831
vt 0.64409995 0.92056197
vt 0.60631716 0.92775136
vt 0.56726170 0.90437168
vt 0.54798776 0.90247625
vt 0.56439537 0.90289134
vt 0.44267508 0.90878659
vt 0.44340363 0.92554921
vt 0.42752460 0.91669631
vt 0.42849112 0.92507941
vt 0.41528219 0.92484480
vt 0.41475883 0.91446185
vt 0.40260074 0.92481250
vt 0.42803687 0.90889829
vt 0.40273225 0.91710025
vt 0.40779775 0.90846866
vt 0.38863492 0.91647035
vt 0.38652739 0.92468733
vt 0.37538511 0.92486745
vt 0.37578902 0.91661876
vt 0.36578113 0.91620046
vt 0.37753657 0.91035944
vt 0.36543974 0.92443150
vt 0.33445200 0.93002713
vt 0.35053590 0.93040079
vt 0.35905093 0.93091601
vt 0.36194980 0.93225616
vt 0.56027973 0.93306375
vt 0.54707700 0.93290508
vt 0.57447547 0.93322712
vt 0.52956760 0.93289268
vt 0.51680005 0.93284237
vt 0.49041364 0.93277109
vt 0.46231422 0.93232542
vt 0.44235027 0.93158293
vt 0.42771429 0.93113345
vt 0.40780774 0.93075657
vt 0.37648025 0.93078405
vt 0.39105582 0.90245908
vt 0.38331246 0.90258324
vt 0.37417611 0.90262073
vt 0.36702919 0.90838546
vt 0.35782933 0.90266258
vt 0.33425179 0.90884489
vt 0.34254658 0.90305007
vt 0.33019423 0.90339434
vt 0.31421268 0.90350735
vt 0.31462851 0.90849102
vt 0.29698104 0.91585171
vt 0.30295885 0.90343702
vt 0.29311818 0.90323013
vt 0.28611016 0.91676831
vt 0.26614380 0.90217566
vt 0.26070443 0.91713977
vt 0.25536689 0.90205997
vt 0.24754629 0.90220696
vt 0.23978548 0.90239739
vt 0.23957317 0.91938078
vt 0.23201390 0.90243208
vt 0.22583236 0.92182529
vt 0.22086214 0.90240449
vt 0.21640858 0.90341377
vt 0.21679251 0.92090136
vt 0.20866327 0.91602820
vt 0.20855880 0.90488619
vt 0.20076527 0.90621954
vt 0.19275521 0.90664268
vt 0.20835304 0.92223144
vt 0.19279949 0.92210919
vt 0.17266679 0.92202067
vt 0.18459362 0.90566152
vt 0.16390975 0.91368979
vt 0.17607205 0.90470511
vt 0.15944991 0.90356332
vt 0.16775922 0.90379459
vt 0.14760174 0.91179287
vt 0.15127210 0.90445644
vt 0.14357756 0.90601546
vt 0.13450091 0.90981418
vt 0.13443856 0.90486896
vt 0.11625972 0.90428191
vt 0.11905161 0.91411746
vt 0.13869877 0.92269337
vt 0.12045922 0.92305195
vt 0.10748778 0.91273981
vt 0.11365993 0.93265027
vt 0.12054748 0.93650120
vt 0.12693012 0.93654627
vt 0.13416429 0.93639088
vt 0.10786176 0.92269886
vt 0.10820395 0.93253356
vt 0.10365041 0.92627650
vt 0.10378735 0.92979378
vt 0.10751137 0.90419102
vt 0.15026657 0.93052733
vt 0.15182482 0.92231351
vt 0.16751948 0.93053204
vt 0.18029864 0.93007302
vt 0.19233039 0.92995882
vt 0.20952325 0.92965460
vt 0.22609964 0.92903841
vt 0.21955323 0.93259114
vt 0.23095380 0.93198645
vt 0.23832995 0.93170696
vt 0.24998975 0.92261130
vt 0.24782626 0.93157643
vt 0.26251200 0.93164492
vt 0.27292687 0.93169665
vt 0.29101348 0.93178463
vt 0.30542266 0.93173695
vt 0.31307954 0.91711056
vt 0.32129765 0.93173617
vt 0.32456085 0.93032467
vt 0.32778984 0.91695786
vt 0.34691224 0.91686511
vt 0.39945322 0.90239334
vt 0.41244870 0.90241748
vt 0.42743501 0.90262812
vt 0.44394207 0.90276700
vt 0.45797995 0.90285307
vt 0.47646603 0.90315753
vt 0.48764971 0.90309471
vt 0.49550703 0.90271652
vt 0.50507933 0.90972483
vt 0.50474256 0.90145689
vt 0.52980250 0.90199333
vt 0.54767454 0.91079885
vt 0.56343651 0.91160774
vt 0.57557786 0.90496415
vt 0.64310181 0.92815495
vt 0.63217044 0.92824870
vt 0.62411165 0.92811316
vt 0.20660825 0.93326807
vt 0.19193141 0.93386519
vt 0.17931095 0.93441761
vt 0.16533056 0.93508583
vt 0.15101522 0.93568027
vt 0.10761084 0.89674628
vt 0.11630467 0.89701492
vt 0.12620404 0.89754373
vt 0.49785250 0.90138382
vt 0.14244123 0.89841503
vt 0.65964478 0.92789865
vt 0.67571628 0.92798889
vt 0.68129027 0.92141116
vt 0.69430637 0.92819381
vt 0.73045093 0.92168486
vt 0.72489786 0.92861885
vt 0.74726927 0.92858618
vt 0.75175565 0.92140287
vt 0.76549065 0.92147005
vt 0.76458907 0.92841202
vt 0.78302652 0.92183781
vt 0.78654134 0.92878747
vt 0.81455076 0.92211360
vt 0.81495309 0.92875308
vt 0.82456529 0.92196435
vt 0.66251957 0.92104518
vt 0.82423067 0.92863011
vt 0.83364588 0.92158103
vt 0.82793421 0.91344863
vt 0.84159625 0.91358322
vt 0.84830219 0.92170149
vt 0.85653043 0.92212445
vt 0.85971242 0.91445494
vt 0.86465430 0.92258978
vt 0.87950814 0.92317343
vt 0.87922335 0.91509217
vt 0.88849312 0.92318326
vt 0.88884199 0.91552711
vt 0.89642566 0.92312390
vt 0.89705116 0.91595358
vt 0.90469837 0.92296648
vt 0.90775889 0.91634381
vt 0.66536772 0.91318518
vt 0.70556384 0.91295767
vt 0.73591727 0.91326129
vt 0.75659633 0.91321355
vt 0.77082551 0.91329855
vt 0.78678989 0.91341394
vt 0.81312650 0.91346782
vt 0.91304314 0.92269868
vt 0.92146349 0.91654128
vt 0.92474455 0.92227137
vt 0.95239937 0.92129332
vt 0.94213539 0.92180169
vt 0.95278412 0.91545916
vt 0.94464266 0.91579497
vt 0.93711245 0.91604251
vt 0.92924529 0.91633904
vt 0.96000582 0.91493022
vt 0.83983421 0.92809927
vt 0.38366079 0.93264383
vt 0.95318002 0.90904850
vt 0.61690819 0.90605491
vt 0.62505955 0.90622640
vt 0.15069155 0.89869159
vt 0.94493300 0.90914559
vt 0.93744659 0.90916121
vt 0.96020168 0.90886366
vt 0.10156867 0.92226571
vt 0.92955577 0.90926003
vt 0.92171210 0.90942007
vt 0.95982373 0.92104828
vt 0.58340704 0.93390936
vt 0.59086049 0.93330210
vt 0.59901929 0.93311131
vt 0.84765846 0.92791611
vt 0.42489538 0.93367809
vt 0.44196859 0.93414176
vt 0.63912320 0.90673828
vt 0.91369504 0.90938836
vt 0.88897449 0.90842974
vt 0.88067669 0.90812987
vt 0.87247860 0.90808845
vt 0.85805655 0.90826017
vt 0.84519893 0.90808749
vt 0.89731139 0.90884870
vt 0.90561157 0.90918350
vt 0.65591371 0.90765953
vt 0.66876578 0.90792418
vt 0.68554288 0.90775806
vt 0.70195836 0.90752578
vt 0.71458983 0.90751427
vt 0.73887628 0.90784675
vt 0.75902909 0.90781999
vt 0.78074294 0.90767765
vt 0.80092508 0.90754187
vt 0.81671715 0.90762669
vt 0.82833594 0.90778345
vt 0.19200876 0.89946145
vt 0.85577935 0.92792797
vt 0.10053764 0.91313785
vt 0.15899403 0.89891791
vt 0.16724554 0.89911902
vt 0.20003901 0.89958447
vt 0.17691404 0.89924592
vt 0.61424446 0.93273175
vt 0.10083709 0.90465385
vt 0.10095239 0.89680666
vt 0.20787135 0.89971113
vt 0.47037289 0.93482369
vt 0.56170118 0.93660629
vt 0.54039848 0.93647766
vt 0.51982385 0.93612665
vt 0.49023029 0.93535429
vt 0.58085686 0.93637335
vt 0.86336058 0.92844868
vt 0.62375760 0.93266147
vt 0.11707518 0.93722743
vt 0.10215621 0.93188399
vt 0.63420558 0.93262434
vt 0.64787608 0.93239856
vt 0.96252036 0.91456515
vt 0.96247882 0.90932220
vt 0.10804155 0.93725097
vt 0.10766505 0.89347839
vt 0.11923445 0.89405966
vt 0.10160332 0.93660635
vt 0.87164688 0.92741889
vt 0.13928007 0.89544737
vt 0.96278971 0.92118937
vt 0.21580125 0.89976770
vt 0.65812719 0.93228781
vt 0.71370798 0.93293488
vt 0.69053406 0.93258202
vt 0.67377919 0.93239367
vt 0.78828514 0.93297398
vt 0.73598325 0.93299353
vt 0.74510503 0.93300802
vt 0.76536947 0.93292922
vt 0.10052330 0.89342630
vt 0.81515902 0.93271267
vt 0.82806373 0.93245316
vt 0.15718487 0.89607573
vt 0.84549886 0.93178290
vt 0.87964654 0.92694473
vt 0.16680302 0.89628166
vt 0.96307385 0.92332840
vt 0.09907874 0.93567854
vt 0.88774079 0.92635608
vt 0.18001410 0.89644897
vt 0.89567316 0.92569715
vt 0.09713302 0.92199486
vt 0.86000186 0.93113685
vt 0.09905371 0.93114805
vt 0.22314921 0.90024310
vt 0.19704570 0.89641243
vt 0.23149915 0.89969850
vt 0.09481038 0.91405022
vt 0.09697560 0.89361930
vt 0.20837599 0.89657950
vt 0.95992398 0.92290872
vt 0.95236397 0.92254299
vt 0.90433377 0.92481464
vt 0.22311389 0.89674062
vt 0.24006999 0.89903021
vt 0.09659437 0.89702058
vt 0.09531239 0.90570170
vt 0.23754603 0.89670515
vt 0.24730884 0.89937848
vt 0.25516000 0.89927143
vt 0.26575735 0.89936936
vt 0.27920705 0.89976251
vt 0.07495023 0.85886282
vt 0.07194562 0.85893571
vt 0.07541744 0.86701453
vt 0.06998320 0.85046917
vt 0.07429002 0.85054231
vt 0.07305409 0.86706203
vt 0.07387197 0.87486041
vt 0.07580364 0.87481213
vt 0.07007121 0.84180343
vt 0.07333127 0.84183955
vt 0.06967627 0.83239776
vt 0.07618147 0.88254309
vt 0.06856129 0.86756551
vt 0.06923407 0.87543201
vt 0.06149469 0.87544119
vt 0.06152470 0.88417768
vt 0.06971435 0.88333607
vt 0.06163133 0.89201862
vt 0.05131249 0.89077801
vt 0.03834297 0.88409001
vt 0.04315409 0.89926493
vt 0.05773867 0.91061378
vt 0.05608702 0.90188462
vt 0.05266123 0.90830022
vt 0.05123281 0.91809601
vt 0.04414636 0.91771489
vt 0.05480794 0.88751662
vt 0.04895657 0.86972803
vt 0.03735499 0.87067020
vt 0.04487115 0.86181742
vt 0.03683786 0.86217070
vt 0.05315317 0.87060058
vt 0.06125091 0.86004829
vt 0.04404585 0.92615718
vt 0.03929619 0.89981115
vt 0.05275856 0.86088359
vt 0.06135278 0.90767610
vt 0.06177669 0.89975017
vt 0.07015460 0.89119726
vt 0.06218615 0.85127908
vt 0.06731097 0.85612142
vt 0.06637722 0.84776872
vt 0.03935171 0.92779988
vt 0.04427883 0.92925298
vt 0.04616313 0.85265434
vt 0.03656680 0.85421175
vt 0.05226167 0.85260314
vt 0.07067993 0.89881819
vt 0.07526139 0.89703995
vt 0.07221687 0.90705472
vt 0.03961835 0.91015285
vt 0.03935783 0.92001331
vt 0.06057344 0.84283793
vt 0.06379835 0.91655213
vt 0.05926825 0.91717952
vt 0.04719999 0.84471512
vt 0.04063061 0.84450847
vt 0.03672193 0.84765786
vt 0.05211071 0.84404498
vt 0.05238373 0.83413404
vt 0.07675914 0.90367442
vt 0.06462169 0.92060798
vt 0.07002427 0.91537100
vt 0.05983322 0.83316845
vt 0.06585443 0.84213597
vt 0.04237761 0.83509260
vt 0.04717395 0.83473587
vt 0.07684631 0.89633906
vt 0.04077141 0.93256432
vt 0.05089548 0.92544383
vt 0.06504521 0.83265519
vt 0.05929598 0.82359225
vt 0.06046681 0.92407477
vt 0.03646694 0.93471026
vt 0.06926244 0.82320303
vt 0.06441976 0.82331425
vt 0.05318911 0.82413471
vt 0.04354675 0.82786369
vt 0.04701004 0.82462186
vt 0.06879434 0.81471419
vt 0.06415384 0.81473374
vt 0.06867254 0.91956794
vt 0.07397963 0.91502959
vt 0.05926050 0.81504565
vt 0.03770040 0.91776949
vt 0.03702196 0.93163377
vt 0.07255460 0.91852325
vt 0.07229155 0.83244503
vt 0.07581048 0.90728718
vt 0.06311470 0.80557585
vt 0.05955767 0.80809247
vt 0.06832948 0.80584693
vt 0.03756923 0.91098213
vt 0.05037379 0.92979765
vt 0.03706395 0.89401972
vt 0.03718060 0.90174198
vt 0.03573988 0.88618594
vt 0.03419838 0.87266767
vt 0.03590607 0.93728083
vt 0.03325037 0.86227077
vt 0.03293413 0.85421968
vt 0.06396890 0.79852295
vt 0.05989318 0.80225652
vt 0.05966762 0.79820812
vt 0.06179030 0.79164219
vt 0.06633660 0.79609406
vt 0.06101245 0.78566229
vt 0.06299733 0.78368831
vt 0.06024093 0.77020800
vt 0.06024112 0.76193589
vt 0.05904288 0.79128402
vt 0.06180820 0.76586175
vt 0.07131071 0.82329577
vt 0.06668083 0.79213911
vt 0.05449150 0.81549358
vt 0.06361777 0.77862310
vt 0.05790141 0.93019587
vt 0.04935047 0.93310589
vt 0.03911560 0.93740159
vt 0.06712961 0.79634625
vt 0.05766608 0.77033478
vt 0.05714420 0.76144880
vt 0.05974033 0.75034225
vt 0.05685374 0.75043553
vt 0.05825254 0.74601597
vt 0.05814747 0.77818274
vt 0.06772824 0.79900026
vt 0.05855934 0.78520167
vt 0.05967887 0.93010885
vt 0.06527325 0.92354858
vt 0.04761915 0.93763572
vt 0.05569351 0.93873709
vt 0.05720201 0.93402523
vt 0.03364284 0.84655243
vt 0.06317524 0.94175947
vt 0.07047104 0.81483424
vt 0.03608743 0.84317529
vt 0.03396514 0.92111927
vt 0.03476102 0.92867911
vt 0.06332678 0.93897301
vt 0.07183313 0.94460511
vt 0.07202048 0.94291049
vt 0.07618147 0.94521910
vt 0.07630125 0.94460064
vt 0.03317577 0.93927139
vt 0.03391306 0.93578851
vt 0.92465532 0.13921411
vt 0.92290074 0.14691521
vt 0.92762160 0.13869792
vt 0.92749137 0.14643312
vt 0.92100817 0.15397450
vt 0.92747682 0.15410848
vt 0.92183101 0.16218217
vt 0.92765069 0.16146129
vt 0.92093408 0.17061207
vt 0.92423266 0.18353084
vt 0.92680305 0.18354172
vt 0.91847748 0.14706527
vt 0.91726011 0.17372492
vt 0.91807234 0.17791148
vt 0.92165041 0.18584600
vt 0.91251236 0.17072313
vt 0.90518963 0.16847907
vt 0.90522665 0.17877188
vt 0.91077787 0.17801303
vt 0.90819985 0.18676467
vt 0.90613949 0.15007192
vt 0.91254097 0.15418904
vt 0.90939987 0.15000673
vt 0.91746908 0.15107450
vt 0.90619963 0.19053829
vt 0.92762363 0.18576542
vt 0.92771292 0.19465418
vt 0.92225409 0.19523065
vt 0.91626203 0.19714564
vt 0.91666335 0.20763999
vt 0.92778426 0.20920897
vt 0.92161983 0.23244625
vt 0.92795414 0.22807591
vt 0.92216003 0.24174294
vt 0.91559869 0.23397553
vt 0.91643828 0.22074299
vt 0.91528600 0.24195237
vt 0.91516113 0.17834572
vt 0.92811579 0.24405971
vt 0.92487246 0.25339305
vt 0.92810673 0.25861433
vt 0.92290336 0.26785928
vt 0.91714686 0.26337606
vt 0.91773325 0.27394965
vt 0.91796964 0.28189057
vt 0.92265838 0.28656003
vt 0.92811579 0.27482563
vt 0.91830206 0.29060772
vt 0.92211151 0.29761893
vt 0.91570210 0.25004956
vt 0.92027074 0.13948478
vt 0.92582220 0.13273852
vt 0.91855937 0.29478770
vt 0.92782426 0.12878606
vt 0.92817825 0.28988829
vt 0.92825639 0.30562189
vt 0.91286325 0.17206857
vt 0.91317385 0.15332606
vt 0.92328924 0.30553824
vt 0.92389899 0.31981993
vt 0.92429262 0.33328450
vt 0.92809105 0.32729301
vt 0.92802620 0.33982950
vt 0.92358994 0.31259146
vt 0.92428267 0.34891012
vt 0.92832661 0.36086690
vt 0.92438513 0.36805451
vt 0.92844903 0.37448585
vt 0.92461580 0.37844911
vt 0.92480588 0.38711566
vt 0.92844701 0.39176664
vt 0.92492896 0.39575353
vt 0.92498016 0.40410292
vt 0.92835891 0.40346548
vt 0.92253655 0.13067225
vt 0.92433625 0.41245931
vt 0.92821634 0.41203657
vt 0.92445588 0.41884640
vt 0.92765588 0.41880852
vt 0.92789763 0.12248210
vt 0.92200476 0.12324189
vt 0.92794150 0.11433689
vt 0.92199141 0.11508635
vt 0.92770714 0.10578329
vt 0.92283452 0.10625050
vt 0.92907470 0.13411574
vt 0.92646223 0.10290997
vt 0.92817885 0.09727304
vt 0.92851549 0.08900689
vt 0.92617738 0.08831198
vt 0.92948180 0.07429267
vt 0.92831337 0.06690666
vt 0.92586839 0.08010199
vt 0.92490149 0.06199467
vt 0.92974126 0.06709814
vt 0.92799324 0.04903395
vt 0.92974007 0.04930721
vt 0.92432541 0.04879012
vt 0.93001169 0.04088213
vt 0.92814738 0.04016025
vt 0.92417258 0.04002986
vt 0.91692954 0.13187361
vt 0.91704768 0.12370834
vt 0.92848164 0.17324440
vt 0.91712618 0.11557277
vt 0.91674960 0.13990134
vt 0.91705912 0.10680291
vt 0.92554134 0.42131230
vt 0.92869800 0.14754471
vt 0.92876428 0.16112396
vt 0.92174649 0.09757192
vt 0.91712469 0.09780829
vt 0.91715372 0.09318765
vt 0.92070717 0.08986259
vt 0.92139441 0.08092043
vt 0.92035526 0.05711308
vt 0.92073697 0.06503699
vt 0.91998446 0.04893165
vt 0.92109084 0.07278714
vt 0.92621148 0.42131475
vt 0.91628075 0.14738506
vt 0.92832625 0.03087649
vt 0.92368782 0.03118620
vt 0.93113774 0.03251050
vt 0.92926317 0.36550301
vt 0.92926478 0.23943761
vt 0.92926317 0.25207275
vt 0.91094762 0.17811030
vt 0.27753094 0.95865530
vt 0.26962590 0.95010489
vt 0.27729082 0.95026225
vt 0.26998982 0.95853060
vt 0.26228580 0.95832348
vt 0.28523612 0.95874536
vt 0.28501251 0.95038205
vt 0.29313833 0.95883060
vt 0.25431165 0.94960183
vt 0.25432351 0.95808494
vt 0.24597499 0.94918460
vt 0.25416848 0.94317585
vt 0.29287624 0.95045203
vt 0.32388160 0.94543082
vt 0.31648111 0.95059407
vt 0.31614673 0.94518048
vt 0.30892006 0.95054346
vt 0.30859590 0.94502407
vt 0.30080548 0.94488859
vt 0.30108696 0.95047903
vt 0.29268754 0.94471943
vt 0.28488243 0.94449103
vt 0.27055758 0.94388127
vt 0.24602629 0.94278079
vt 0.23806912 0.94878197
vt 0.30141088 0.95890671
vt 0.23822133 0.94237125
vt 0.22982177 0.94843328
vt 0.23005852 0.94206977
vt 0.33156562 0.95061702
vt 0.22150134 0.94817197
vt 0.33150095 0.94569665
vt 0.33905259 0.94590557
vt 0.22171545 0.94183797
vt 0.21581636 0.94212174
vt 0.21563764 0.94768894
vt 0.30924398 0.95984858
vt 0.31700379 0.95899081
vt 0.32488903 0.95906991
vt 0.33932415 0.95077962
vt 0.34716091 0.94606811
vt 0.33272550 0.96010458
vt 0.34001034 0.95934302
vt 0.26247999 0.96306765
vt 0.27272815 0.96311814
vt 0.28610215 0.96324652
vt 0.25446019 0.96312100
vt 0.24601151 0.95785332
vt 0.23783883 0.95765489
vt 0.22951166 0.95746458
vt 0.23765340 0.96365827
vt 0.24607900 0.96330076
vt 0.22929376 0.96439499
vt 0.22124408 0.95727676
vt 0.21475804 0.95680797
vt 0.22153595 0.96560699
vt 0.21441773 0.96483481
vt 0.21942593 0.96856815
vt 0.21744733 0.96857029
vt 0.34760317 0.95943171
vt 0.35452771 0.95080632
vt 0.35512489 0.96038103
vt 0.36217922 0.95082337
vt 0.35435939 0.94614267
vt 0.35296002 0.96385294
vt 0.36260337 0.95949072
vt 0.37046969 0.95936382
vt 0.30679333 0.96339762
vt 0.33566609 0.96371645
vt 0.37444940 0.95066893
vt 0.38806844 0.95921254
vt 0.37862465 0.95924115
vt 0.39086425 0.95092052
vt 0.40280822 0.95922101
vt 0.40224183 0.95081449
vt 0.36940479 0.94620526
vt 0.37820733 0.94622046
vt 0.41061267 0.94990683
vt 0.41819370 0.95912123
vt 0.41806883 0.95087284
vt 0.48487681 0.95124745
vt 0.47620156 0.95942968
vt 0.47675374 0.95102710
vt 0.46655479 0.95095468
vt 0.45969748 0.95924199
vt 0.44696131 0.95110971
vt 0.44529727 0.95914149
vt 0.43416530 0.95103937
vt 0.42831793 0.95909715
vt 0.42602527 0.95098484
vt 0.48481038 0.95950401
vt 0.49306610 0.95152164
vt 0.49314174 0.95951873
vt 0.50138772 0.95181918
vt 0.39298740 0.94626206
vt 0.40788177 0.94631684
vt 0.50172174 0.95950651
vt 0.50976783 0.95212036
vt 0.51015598 0.95949453
vt 0.51822644 0.95238119
vt 0.41349804 0.94601429
vt 0.41809621 0.94550437
vt 0.51857758 0.95946515
vt 0.52684122 0.95944166
vt 0.52643394 0.95260292
vt 0.53492224 0.95942467
vt 0.53446561 0.95278680
vt 0.54301393 0.95939398
vt 0.54255867 0.95292032
vt 0.55073655 0.95297498
vt 0.56018627 0.95290941
vt 0.55112213 0.95940065
vt 0.56722993 0.95959282
vt 0.57544404 0.95278561
vt 0.57556897 0.95966709
vt 0.58627814 0.95300812
vt 0.58791804 0.95980060
vt 0.62625128 0.96055835
vt 0.61513680 0.96047992
vt 0.61418629 0.95279026
vt 0.60080767 0.95308596
vt 0.62536001 0.94852853
vt 0.61758196 0.94838876
vt 0.60924882 0.94823724
vt 0.63453937 0.95388442
vt 0.63823289 0.94878119
vt 0.66752541 0.95460123
vt 0.65303010 0.95418054
vt 0.65576255 0.94901973
vt 0.64288014 0.95404410
vt 0.66731149 0.94934160
vt 0.67544329 0.95474786
vt 0.67527282 0.94947696
vt 0.68363041 0.95481437
vt 0.63476038 0.96055186
vt 0.68346679 0.94945985
vt 0.69224745 0.95486015
vt 0.60072446 0.94807583
vt 0.64313585 0.96053135
vt 0.65162265 0.96053177
vt 0.68226045 0.94375545
vt 0.58408612 0.94772971
vt 0.57174444 0.94758642
vt 0.55298865 0.94749564
vt 0.65989298 0.96055049
vt 0.69206882 0.94934058
vt 0.70080841 0.95491868
vt 0.66382223 0.94365120
vt 0.65086561 0.94362622
vt 0.69186372 0.94385850
vt 0.54240483 0.94727355
vt 0.53429270 0.94707960
vt 0.52629220 0.94688177
vt 0.51811874 0.94666809
vt 0.50966686 0.94641763
vt 0.50134319 0.94611895
vt 0.66939461 0.96050316
vt 0.68480921 0.96060634
vt 0.70098108 0.96083498
vt 0.70900804 0.95497048
vt 0.70913470 0.96200645
vt 0.71721321 0.95500863
vt 0.71730560 0.96096605
vt 0.72558761 0.95504028
vt 0.75051868 0.96133900
vt 0.74212354 0.95514530
vt 0.75030702 0.95524949
vt 0.73855579 0.96102440
vt 0.73384112 0.95508152
vt 0.72560656 0.96100438
vt 0.75844228 0.95541173
vt 0.75481665 0.96680331
vt 0.74124569 0.96647733
vt 0.72561818 0.96636266
vt 0.75796932 0.96254629
vt 0.71628058 0.96638668
vt 0.71192920 0.96634412
vt 0.76685327 0.95557612
vt 0.69879472 0.94387889
vt 0.70126772 0.94813216
vt 0.63815606 0.94359183
vt 0.42604512 0.94496155
vt 0.76704985 0.96146041
vt 0.49320740 0.94577205
vt 0.48516005 0.94554317
vt 0.47702992 0.94536561
vt 0.77508944 0.95568025
vt 0.70884830 0.94921601
vt 0.62583065 0.94350153
vt 0.77803248 0.96136695
vt 0.78786451 0.95577782
vt 0.79115021 0.96138364
vt 0.79876298 0.95577788
vt 0.79890251 0.96145165
vt 0.80646598 0.95579183
vt 0.81125855 0.96161711
vt 0.81558442 0.95579517
vt 0.82538515 0.96161014
vt 0.83262765 0.95586187
vt 0.83759743 0.96142095
vt 0.84593230 0.95584548
vt 0.84603083 0.96126866
vt 0.61509132 0.94341570
vt 0.86288893 0.95581484
vt 0.87083578 0.96120238
vt 0.86213332 0.96008551
vt 0.85453284 0.96116710
vt 0.46873567 0.94454885
vt 0.45997289 0.94499016
vt 0.45124072 0.94500667
vt 0.44254488 0.94495755
vt 0.87065196 0.95583332
vt 0.87857062 0.96128035
vt 0.43338853 0.94439334
vt 0.71710289 0.94943416
vt 0.59397453 0.94308686
vt 0.55289447 0.94257247
vt 0.87840867 0.95578873
vt 0.88633615 0.96131420
vt 0.54232222 0.94254988
vt 0.56798035 0.94273299
vt 0.88617128 0.95574331
vt 0.89423037 0.96127057
vt 0.89476532 0.95562375
vt 0.53423780 0.94258702
vt 0.91064328 0.95577979
vt 0.91317368 0.96117407
vt 0.26755059 0.94035172
vt 0.28337353 0.94106841
vt 0.24956000 0.93953454
vt 0.72556925 0.94965357
vt 0.52629161 0.94265568
vt 0.21139154 0.95579743
vt 0.20818283 0.96240687
vt 0.23846853 0.93924302
vt 0.29288635 0.94139916
vt 0.51814765 0.94268996
vt 0.30094385 0.94163460
vt 0.50972116 0.94267601
vt 0.21313618 0.94696450
vt 0.21359195 0.94259393
vt 0.30872387 0.94175023
vt 0.50143456 0.94260627
vt 0.31633207 0.94191641
vt 0.32409015 0.94227701
vt 0.21172962 0.96912348
vt 0.20658682 0.96680331
vt 0.01805575 0.68901676
vt 0.01555936 0.67940760
vt 0.01489165 0.69220847
vt 0.01938605 0.69856352
vt 0.01467387 0.69975156
vt 0.01742852 0.71461862
vt 0.01470868 0.70737129
vt 0.01486824 0.71526057
vt 0.01772496 0.72289485
vt 0.01963365 0.69177318
vt 0.01993880 0.67873853
vt 0.02043718 0.66293627
vt 0.01703755 0.65250415
vt 0.01619132 0.66813850
vt 0.01760777 0.63888925
vt 0.02083860 0.64944047
vt 0.02154949 0.62955040
vt 0.01792372 0.62770426
vt 0.01813253 0.61899024
vt 0.02194188 0.61605245
vt 0.01829343 0.60953170
vt 0.02060065 0.59577644
vt 0.01829532 0.60120922
vt 0.01824432 0.59380871
vt 0.01834815 0.58646929
vt 0.02231220 0.58631086
vt 0.01849806 0.57811713
vt 0.02254901 0.57844740
vt 0.01837804 0.56952733
vt 0.02301223 0.56997794
vt 0.01831860 0.56068200
vt 0.02402240 0.56011784
vt 0.01761324 0.55273396
vt 0.01937984 0.54385120
vt 0.01333412 0.54318470
vt 0.02569092 0.54482263
vt 0.01341150 0.55547577
vt 0.01325377 0.55009979
vt 0.01983295 0.53113627
vt 0.01354792 0.53509557
vt 0.01415883 0.53087652
vt 0.02689289 0.53686440
vt 0.02687778 0.53237331
vt 0.02869850 0.53475893
vt 0.02894212 0.53332466
vt 0.02395959 0.58341014
vt 0.01511833 0.72356796
vt 0.01822307 0.73550862
vt 0.02345488 0.58898979
vt 0.02280018 0.59440517
vt 0.02231578 0.60132706
vt 0.01886285 0.70930898
vt 0.01880463 0.71959412
vt 0.01355622 0.56015140
vt 0.01543037 0.73209834
vt 0.01562710 0.74040824
vt 0.01808118 0.74999326
vt 0.01585979 0.74974662
vt 0.02036991 0.77880746
vt 0.02140201 0.77526253
vt 0.02262417 0.79640728
vt 0.01675082 0.76795834
vt 0.01750644 0.78000963
vt 0.01873561 0.79774177
vt 0.02381117 0.82237566
vt 0.02073079 0.82741070
vt 0.02436129 0.83580554
vt 0.02238351 0.85292852
vt 0.02537591 0.85671133
vt 0.02326712 0.80826974
vt 0.02489670 0.87335056
vt 0.02667903 0.88163543
vt 0.02564227 0.88395298
vt 0.02608532 0.89166683
vt 0.02767355 0.89963609
vt 0.02663220 0.89987111
vt 0.02801634 0.91703266
vt 0.02696987 0.90870708
vt 0.02720229 0.91738880
vt 0.02812584 0.92392761
vt 0.02757950 0.92413962
vt 0.02317604 0.86545408
vt 0.01976575 0.73242927
vt 0.02011637 0.75030130
vt 0.01951464 0.72538328
vt 0.02375402 0.87630266
vt 0.02717295 0.92729086
vt 0.02410276 0.88434488
vt 0.01297405 0.56855780
vt 0.02812584 0.53961438
vt 0.94466555 0.30371001
vt 0.93868858 0.29450253
vt 0.93875378 0.30813774
vt 0.94201809 0.31613550
vt 0.93937445 0.32181704
vt 0.94480336 0.32786998
vt 0.94467431 0.29536346
vt 0.93894255 0.28044501
vt 0.94021940 0.33569470
vt 0.94040030 0.34548238
vt 0.94510978 0.34632939
vt 0.94503236 0.36340532
vt 0.94019914 0.36443436
vt 0.94058019 0.38170269
vt 0.94466448 0.28043282
vt 0.94469893 0.25396606
vt 0.94412655 0.23496179
vt 0.93920666 0.25190598
vt 0.94475251 0.26525638
vt 0.93899626 0.26793239
vt 0.93950355 0.23770416
vt 0.93897015 0.21869454
vt 0.94413519 0.20038867
vt 0.93851191 0.19704622
vt 0.93855828 0.20621811
vt 0.93857682 0.18922456
vt 0.94381773 0.18570049
vt 0.94138879 0.18199712
vt 0.94382709 0.22144864
vt 0.93823290 0.18083219
vt 0.93746108 0.17367595
vt 0.93909991 0.17384918
vt 0.93712574 0.17031872
vt 0.93794751 0.17036651
vt 0.94459355 0.36975855
vt 0.94413519 0.37636271
vt 0.94271147 0.38545817
vt 0.94123793 0.17417210
vt 0.94260883 0.18007228
vt 0.95735151 0.17736712
vt 0.95852679 0.15598360
vt 0.95702970 0.15782672
vt 0.95835251 0.17655119
vt 0.95715564 0.21034740
vt 0.95673496 0.14377879
vt 0.95841837 0.13954850
vt 0.95550340 0.14635967
vt 0.95774627 0.11674559
vt 0.95579380 0.12989685
vt 0.95826691 0.19943170
vt 0.95879632 0.22602476
vt 0.95677453 0.24202165
vt 0.95899105 0.24769524
vt 0.95679003 0.27769184
vt 0.95654112 0.30214092
vt 0.95861387 0.27940002
vt 0.95858437 0.31422013
vt 0.95621157 0.11306226
vt 0.95658064 0.32191077
vt 0.95857358 0.33278954
vt 0.95542979 0.31440517
vt 0.95769662 0.10359116
vt 0.95532024 0.33885986
vt 0.95666778 0.10130867
vt 0.95627344 0.33650973
vt 0.95550388 0.29109406
vt 0.95590186 0.17100027
vt 0.95644963 0.34985062
vt 0.95822120 0.34977320
vt 0.95641327 0.35789618
vt 0.95806283 0.35782942
vt 0.95641631 0.36706665
vt 0.95807004 0.36738938
vt 0.95664799 0.38569117
vt 0.95824480 0.38469526
vt 0.95842141 0.39765441
vt 0.95688117 0.40607998
vt 0.95827240 0.40832549
vt 0.95753562 0.41862661
vt 0.95600092 0.41455227
vt 0.95652080 0.42184332
vt 0.95572335 0.40623593
vt 0.95552415 0.38814813
vt 0.95559484 0.22795215
vt 0.95565325 0.26668423
vt 0.95516402 0.36857641
vt 0.95599508 0.18660398
vt 0.95516193 0.35668606
vt 0.95930022 0.10128414
vt 0.95657378 0.09140982
vt 0.95961428 0.09364041
vt 0.95976627 0.06740499
vt 0.95688146 0.06757961
vt 0.95706850 0.04954081
vt 0.95968246 0.05101340
vt 0.95976186 0.03866204
vt 0.95734066 0.03825990
vt 0.95967442 0.03176696
vt 0.95748878 0.03117237
vt 0.95927310 0.02469535
vt 0.95753968 0.02409784
vt 0.95874965 0.01875168
vt 0.95749760 0.01743686
vt 0.95988959 0.10966583
vt 0.96021670 0.12277325
vt 0.96047026 0.13189651
vt 0.96056420 0.14019425
vt 0.96056283 0.14879288
vt 0.95796710 0.42199662
vt 0.95737338 0.42969945
vt 0.95613050 0.42989063
vt 0.95604300 0.43525895
vt 0.96042371 0.16270888
vt 0.96107137 0.24052808
vt 0.95703959 0.43465325
vt 0.96107787 0.25557005
vt 0.96047276 0.32011136
vt 0.96044195 0.30407012
vt 0.95574701 0.21412076
vt 0.95587671 0.20353864
vt 0.96044356 0.33555639
vt 0.96042371 0.34206733
vt 0.96089327 0.22933628
vt 0.96070087 0.22150984
vt 0.96050972 0.21393254
vt 0.96051973 0.29012865
vt 0.96077609 0.27075851
vt 0.95720321 0.01294821
vt 0.96007514 0.17941840
vt 0.96004421 0.19045369
vt 0.96009457 0.19912982
vt 0.95656323 0.01824602
vt 0.95638132 0.03427356
vt 0.95593750 0.04934823
vt 0.95566112 0.06861845
vt 0.95508981 0.09943372
vt 0.71246564 0.44368020
vt 0.71553612 0.44483125
vt 0.70249003 0.44464135
vt 0.69088584 0.44559687
vt 0.69334888 0.44929305
vt 0.70719200 0.44923115
vt 0.71560746 0.44882673
vt 0.72376132 0.44572559
vt 0.72401083 0.44836962
vt 0.72747087 0.44667801
vt 0.72754490 0.44793558
vt 0.68249172 0.44971231
vt 0.67454195 0.44676763
vt 0.67459738 0.44841847
vt 0.67474264 0.45033476
vt 0.71847504 0.44322708
vt 0.66637355 0.45119521
vt 0.72360271 0.44338673
vt 0.66367263 0.44793558
vt 0.96897227 0.78946477
vt 0.97334760 0.79105866
vt 0.97454411 0.78685164
vt 0.96683580 0.79536110
vt 0.97059262 0.80043542
vt 0.97211701 0.78185928
vt 0.96556985 0.78859365
vt 0.96506989 0.79503524
vt 0.97523665 0.78701824
vt 0.97652566 0.79210955
vt 0.97836161 0.80164552
vt 0.97904193 0.81175297
vt 0.97183532 0.81059253
vt 0.97904193 0.77988046
vt 0.69546533 0.96469986
vt 0.69340348 0.96315199
vt 0.69090486 0.96563625
vt 0.68963838 0.96314740
vt 0.68793237 0.96450019
vt 0.68762475 0.96321863
vt 0.69558620 0.96633017
vt 0.69338530 0.96713150
vt 0.69960082 0.96321863
vt 0.77614653 0.98304969
vt 0.78457195 0.98824292
vt 0.77945530 0.98762083
vt 0.77351582 0.98796183
vt 0.76629680 0.98848581
vt 0.76648611 0.98203802
vt 0.76652139 0.97594440
vt 0.77508551 0.97573471
vt 0.78452790 0.98077506
vt 0.75832409 0.97605181
vt 0.75806010 0.98197079
vt 0.75769901 0.98869461
vt 0.74976087 0.98205459
vt 0.74519879 0.97616643
vt 0.74139190 0.98221046
vt 0.74876982 0.98891068
vt 0.72868097 0.97640723
vt 0.73267698 0.98904383
vt 0.71702927 0.98899257
vt 0.71693021 0.97649264
vt 0.70871401 0.98252678
vt 0.70873237 0.98889548
vt 0.70867753 0.97650015
vt 0.70059383 0.98261458
vt 0.70053619 0.98873615
vt 0.70063567 0.97654057
vt 0.69259024 0.98266596
vt 0.69256479 0.97661966
vt 0.69243729 0.98854625
vt 0.68442637 0.98266828
vt 0.67669439 0.97673273
vt 0.68417865 0.98837763
vt 0.67419052 0.98825294
vt 0.67641830 0.98263359
vt 0.66905707 0.98369801
vt 0.78409499 0.97517544
vt 0.66864544 0.97674251
vt 0.65968066 0.98128730
vt 0.66013843 0.98824292
vt 0.66214305 0.97651422
vt 0.79341316 0.97929043
vt 0.76111442 0.97509962
vt 0.74308616 0.97579020
vt 0.67667717 0.97604150
vt 0.73338681 0.97589231
vt 0.72006816 0.97581226
vt 0.70290941 0.97539240
vt 0.69149131 0.97551763
vt 0.47302917 0.45968327
vt 0.46639055 0.46115524
vt 0.46968496 0.45805028
vt 0.47543836 0.45638901
vt 0.46742192 0.46180469
vt 0.46468565 0.46900085
vt 0.46142942 0.46798122
vt 0.45936382 0.47253871
vt 0.45836899 0.47158447
vt 0.45421574 0.47505108
vt 0.45637771 0.47874206
vt 0.89369380 0.45891652
vt 0.89033550 0.45437121
vt 0.89143503 0.45448160
vt 0.89177901 0.45851591
vt 0.89363557 0.46717578
vt 0.89664245 0.46854264
vt 0.89579344 0.47567195
vt 0.89747089 0.47286105
vt 0.46247506 0.69715154
vt 0.45162523 0.71014708
vt 0.45165431 0.70202440
vt 0.43333474 0.69823462
vt 0.44381732 0.69389731
vt 0.43377528 0.71074641
vt 0.41963774 0.70205545
vt 0.40778783 0.69815999
vt 0.43793067 0.71763980
vt 0.41375867 0.72037607
vt 0.39984158 0.71429056
vt 0.39926985 0.73234433
vt 0.39101011 0.73128849
vt 0.39163774 0.70848882
vt 0.37685111 0.71816283
vt 0.37879667 0.73739856
vt 0.39104405 0.74299532
vt 0.38251197 0.75887620
vt 0.37468830 0.74642748
vt 0.36695087 0.74837506
vt 0.36643767 0.72859597
vt 0.36749047 0.75957727
vt 0.37382755 0.76136971
vt 0.36743477 0.77718776
vt 0.35991406 0.76831269
vt 0.35257915 0.75723433
vt 0.35155943 0.74224126
vt 0.35894322 0.73877835
vt 0.35083622 0.72688025
vt 0.36624503 0.71312869
vt 0.35096800 0.70841563
vt 0.34287012 0.72601157
vt 0.34313661 0.71128350
vt 0.33532479 0.71564209
vt 0.33518395 0.69900912
vt 0.32695311 0.70922160
vt 0.32284591 0.72740692
vt 0.31852913 0.70924604
vt 0.30992067 0.71695948
vt 0.30907524 0.72807515
vt 0.29754114 0.71686852
vt 0.32352075 0.73539674
vt 0.33579683 0.74011123
vt 0.33514804 0.72813046
vt 0.34330016 0.73935592
vt 0.34039384 0.74835289
vt 0.34072685 0.75557566
vt 0.32773143 0.74828029
vt 0.33625782 0.76765949
vt 0.34440121 0.76780844
vt 0.35228795 0.77221674
vt 0.35221061 0.79889840
vt 0.36725685 0.79830176
vt 0.36637965 0.80714279
vt 0.38202268 0.79846221
vt 0.37466797 0.77963823
vt 0.38201076 0.77779764
vt 0.38995916 0.79845876
vt 0.38996395 0.77037930
vt 0.39833614 0.77808809
vt 0.39793649 0.76209325
vt 0.40672052 0.77215445
vt 0.40732270 0.75439459
vt 0.41956517 0.75449169
vt 0.40766475 0.73890597
vt 0.42570433 0.74280900
vt 0.43563235 0.75056320
vt 0.44372794 0.74263787
vt 0.44773394 0.75443184
vt 0.46550772 0.74229896
vt 0.46561062 0.73430449
vt 0.47931951 0.74211460
vt 0.48355532 0.73401850
vt 0.49121556 0.74201304
vt 0.49538770 0.72974741
vt 0.48378798 0.72193789
vt 0.49171457 0.71368605
vt 0.50158268 0.72849143
vt 0.51493019 0.71663320
vt 0.51693171 0.72488713
vt 0.53899026 0.72664112
vt 0.54060555 0.71445513
vt 0.55139506 0.73168248
vt 0.55140418 0.71345252
vt 0.55894321 0.73117638
vt 0.55925602 0.71377939
vt 0.56675947 0.71660954
vt 0.56721979 0.70232731
vt 0.57456940 0.71286535
vt 0.58228266 0.69425350
vt 0.56953073 0.69273365
vt 0.55003238 0.69555485
vt 0.58217824 0.71323663
vt 0.59001601 0.71357232
vt 0.58848238 0.69421035
vt 0.59810370 0.69726652
vt 0.59804273 0.68640184
vt 0.59073102 0.68005967
vt 0.59808117 0.67665702
vt 0.59715229 0.67058551
vt 0.58972055 0.66247112
vt 0.59883237 0.64808053
vt 0.60635489 0.64254344
vt 0.59716117 0.63282174
vt 0.60671121 0.62885737
vt 0.61928785 0.63421386
vt 0.62196940 0.63055897
vt 0.62097692 0.62149167
vt 0.63382822 0.61352766
vt 0.63741386 0.62592161
vt 0.64983535 0.61143547
vt 0.64558113 0.62593693
vt 0.65593475 0.62245965
vt 0.66132420 0.60940546
vt 0.65301466 0.59591746
vt 0.66241187 0.59366828
vt 0.66066778 0.58290094
vt 0.67248702 0.59075928
vt 0.67094278 0.57807815
vt 0.67212045 0.59630877
vt 0.68507642 0.60567045
vt 0.69506788 0.59092242
vt 0.69085044 0.61151820
vt 0.71224511 0.59812534
vt 0.70637029 0.58992183
vt 0.72606128 0.58986843
vt 0.72257102 0.58138549
vt 0.72619778 0.60222262
vt 0.73408395 0.59177721
vt 0.73391873 0.57850152
vt 0.73286670 0.61585182
vt 0.74968708 0.60706884
vt 0.74943250 0.61437565
vt 0.75071406 0.62850827
vt 0.75839376 0.62851250
vt 0.75797957 0.60722601
vt 0.76787364 0.62065089
vt 0.77034748 0.60641313
vt 0.77813894 0.61425710
vt 0.78967321 0.60656083
vt 0.79030341 0.61503261
vt 0.79011571 0.62913883
vt 0.79876858 0.62587219
vt 0.79706115 0.63750941
vt 0.80639237 0.63397777
vt 0.80257732 0.64492667
vt 0.81504756 0.64302176
vt 0.81454498 0.62935108
vt 0.81440479 0.62180418
vt 0.78384751 0.65524894
vt 0.78213930 0.64483714
vt 0.78540969 0.63676560
vt 0.76670122 0.63810921
vt 0.76678300 0.62915331
vt 0.75808358 0.64214993
vt 0.77013934 0.64497346
vt 0.75829911 0.65584707
vt 0.77206826 0.65705818
vt 0.78162646 0.66851497
vt 0.79473668 0.66933101
vt 0.80286044 0.66123801
vt 0.81381637 0.65348363
vt 0.81498969 0.67049420
vt 0.79072255 0.68170416
vt 0.80327851 0.68573368
vt 0.79080480 0.69392848
vt 0.78244090 0.68985897
vt 0.76993710 0.67344147
vt 0.77005428 0.68786418
vt 0.75797021 0.67962086
vt 0.75854474 0.70056874
vt 0.76625991 0.70623279
vt 0.77431065 0.69801068
vt 0.77176100 0.71546870
vt 0.78252971 0.70620996
vt 0.79071802 0.70629841
vt 0.78646624 0.71812922
vt 0.80266935 0.72221953
vt 0.80307323 0.70648366
vt 0.81525785 0.70581114
vt 0.81528223 0.69214886
vt 0.79031044 0.73001963
vt 0.78233790 0.73006731
vt 0.77441210 0.73013949
vt 0.76635730 0.73014194
vt 0.75826234 0.71748751
vt 0.75885075 0.74768472
vt 0.76684117 0.74720979
vt 0.76725698 0.76028490
vt 0.77947903 0.74790853
vt 0.78522301 0.75257576
vt 0.79427886 0.73781329
vt 0.80065244 0.74670678
vt 0.76777250 0.76570803
vt 0.75886106 0.76528007
vt 0.78374672 0.76570427
vt 0.79644668 0.75598079
vt 0.77449787 0.77324384
vt 0.76757973 0.78100574
vt 0.75896239 0.77321309
vt 0.75058210 0.76499826
vt 0.75069588 0.74701804
vt 0.75021619 0.71655613
vt 0.75063020 0.70028901
vt 0.74975801 0.68443292
vt 0.75035518 0.65683049
vt 0.74953145 0.64404047
vt 0.73790056 0.65343165
vt 0.72803372 0.64599770
vt 0.74229628 0.63401777
vt 0.73218709 0.63435882
vt 0.72232544 0.63062751
vt 0.72536480 0.61863941
vt 0.71441978 0.62239057
vt 0.71232712 0.61410946
vt 0.71226484 0.60600710
vt 0.69826424 0.62212050
vt 0.68189341 0.62085158
vt 0.67332697 0.61355847
vt 0.67022133 0.62154621
vt 0.66263455 0.63507837
vt 0.65592557 0.63382435
vt 0.64552635 0.64678687
vt 0.64548129 0.63836426
vt 0.63784724 0.64645070
vt 0.63484466 0.63301408
vt 0.63008374 0.64078951
vt 0.64097905 0.64956212
vt 0.66820228 0.64632392
vt 0.68638527 0.63557649
vt 0.68266141 0.64620018
vt 0.69761580 0.64651841
vt 0.70551503 0.63268727
vt 0.71254981 0.64253789
vt 0.69752192 0.65595287
vt 0.72014540 0.65398747
vt 0.70869070 0.66230851
vt 0.72394717 0.66797161
vt 0.73378861 0.66564769
vt 0.73793423 0.67458153
vt 0.72209030 0.67794186
vt 0.70267469 0.67822033
vt 0.71439123 0.68597919
vt 0.73139417 0.68837821
vt 0.72223651 0.69396323
vt 0.70475942 0.69378436
vt 0.70000231 0.68586278
vt 0.71446663 0.70395577
vt 0.70262408 0.70593446
vt 0.69457167 0.70592248
vt 0.69049108 0.69376606
vt 0.68286830 0.68616164
vt 0.69276822 0.67824531
vt 0.69447798 0.66701174
vt 0.68266529 0.67084181
vt 0.68679136 0.65843534
vt 0.67858213 0.65851384
vt 0.67020667 0.65433431
vt 0.66256213 0.66066527
vt 0.64572817 0.65381128
vt 0.66151762 0.67089862
vt 0.64567202 0.66268778
vt 0.63435578 0.66308612
vt 0.63010883 0.65348530
vt 0.62172395 0.66277105
vt 0.62054044 0.65315127
vt 0.61445892 0.64566392
vt 0.61194015 0.65896827
vt 0.60295469 0.66944128
vt 0.61478418 0.67036563
vt 0.60525143 0.68232799
vt 0.60661745 0.69456923
vt 0.60681671 0.71414256
vt 0.62220597 0.70016396
vt 0.62116039 0.69421935
vt 0.63012958 0.69625223
vt 0.62325209 0.68641365
vt 0.63351250 0.68641645
vt 0.63751167 0.69517583
vt 0.65172863 0.68630034
vt 0.64539629 0.69449538
vt 0.65776300 0.69414687
vt 0.66277218 0.68652004
vt 0.67432165 0.69378895
vt 0.66627055 0.70194340
vt 0.68249160 0.70179915
vt 0.66632795 0.71004272
vt 0.65427500 0.70627487
vt 0.65329188 0.71758777
vt 0.66234142 0.71833616
vt 0.68065226 0.71830970
vt 0.68258238 0.70998681
vt 0.70192206 0.71821457
vt 0.69480854 0.72670949
vt 0.71063673 0.73130023
vt 0.71199656 0.71617872
vt 0.72196430 0.71810442
vt 0.72623014 0.70621300
vt 0.73599255 0.70761353
vt 0.74223781 0.69811428
vt 0.73842710 0.71847969
vt 0.73848099 0.72827613
vt 0.74270052 0.74911219
vt 0.72976846 0.74893850
vt 0.72580087 0.73221689
vt 0.71859688 0.73179859
vt 0.71806884 0.74939245
vt 0.71062315 0.74964571
vt 0.70185167 0.74190634
vt 0.70028913 0.74979270
vt 0.68559271 0.74990737
vt 0.68409574 0.74209547
vt 0.67096788 0.74981934
vt 0.67069197 0.74264961
vt 0.68509394 0.73445952
vt 0.68280321 0.72673297
vt 0.66536570 0.72657454
vt 0.66299909 0.74263078
vt 0.65426791 0.72688222
vt 0.65410572 0.74245280
vt 0.64511371 0.72812557
vt 0.64227855 0.71674615
vt 0.62701428 0.72673929
vt 0.62322050 0.71460956
vt 0.61530691 0.71437889
vt 0.60405403 0.73025900
vt 0.59556669 0.72726250
vt 0.59795129 0.74228841
vt 0.58649093 0.73108459
vt 0.58687139 0.74130368
vt 0.57468969 0.74175614
vt 0.57392204 0.73018461
vt 0.56671262 0.73171389
vt 0.56674653 0.74179637
vt 0.55558646 0.74200863
vt 0.56732702 0.75120455
vt 0.57583559 0.75298887
vt 0.56688070 0.76712984
vt 0.54707164 0.75873369
vt 0.55358487 0.75049019
vt 0.53918171 0.75011063
vt 0.54176623 0.73674482
vt 0.53517634 0.74159890
vt 0.52502501 0.73744208
vt 0.52535200 0.75025266
vt 0.51490259 0.73757988
vt 0.51186574 0.74957323
vt 0.50287551 0.74964499
vt 0.49019438 0.74986100
vt 0.47747418 0.74943888
vt 0.48692420 0.75833529
vt 0.50399685 0.76089966
vt 0.49476689 0.77071071
vt 0.50258654 0.77086282
vt 0.51461601 0.77520752
vt 0.52510881 0.76798677
vt 0.51465136 0.75868732
vt 0.52765071 0.75903368
vt 0.53922892 0.76720148
vt 0.55144012 0.77555645
vt 0.54349440 0.78108341
vt 0.53621823 0.78185946
vt 0.54973584 0.79969436
vt 0.53231627 0.79931432
vt 0.52298295 0.79089326
vt 0.52450871 0.78266627
vt 0.51079082 0.78515697
vt 0.51469183 0.79875576
vt 0.50075334 0.78566128
vt 0.49864969 0.79831409
vt 0.49076396 0.79046804
vt 0.48283681 0.78245610
vt 0.48281693 0.77055424
vt 0.47044370 0.78184479
vt 0.47503865 0.75829804
vt 0.45952767 0.75434619
vt 0.45949218 0.76854956
vt 0.44767612 0.77060425
vt 0.43555632 0.75839025
vt 0.43550253 0.77264547
vt 0.41931888 0.76632482
vt 0.42306775 0.78438598
vt 0.41442457 0.78427309
vt 0.40615737 0.79816586
vt 0.39859945 0.79853863
vt 0.39764032 0.80663443
vt 0.38749459 0.80627960
vt 0.40575022 0.80651295
vt 0.42278093 0.79869366
vt 0.42279673 0.80702716
vt 0.43553722 0.79885745
vt 0.44389224 0.80671746
vt 0.44982845 0.79902750
vt 0.44985360 0.78654695
vt 0.45967612 0.79061288
vt 0.47511584 0.79055727
vt 0.46753329 0.79875720
vt 0.48299423 0.79845226
vt 0.45986265 0.80723000
vt 0.49285015 0.80607355
vt 0.52722716 0.81189066
vt 0.50072622 0.81369591
vt 0.48115164 0.81459016
vt 0.48601913 0.82206076
vt 0.47171479 0.82238561
vt 0.45505929 0.82275534
vt 0.45267001 0.81501412
vt 0.43581462 0.82299101
vt 0.42324191 0.81436813
vt 0.42277083 0.82270402
vt 0.41321364 0.82511991
vt 0.41359264 0.81453472
vt 0.40533060 0.81825602
vt 0.40674517 0.83342159
vt 0.41465163 0.83335483
vt 0.40762192 0.84597170
vt 0.41545537 0.83994275
vt 0.41603169 0.85677189
vt 0.42377353 0.84857702
vt 0.42179513 0.86627036
vt 0.43096450 0.84988463
vt 0.43216977 0.86619204
vt 0.44022876 0.86620510
vt 0.44188696 0.84771723
vt 0.44827601 0.84769565
vt 0.45827666 0.83516520
vt 0.44672525 0.82934994
vt 0.45838112 0.82907295
vt 0.47176397 0.83119011
vt 0.47901359 0.83071947
vt 0.48738000 0.83014303
vt 0.50216317 0.82124054
vt 0.50006354 0.83000344
vt 0.51349974 0.82989269
vt 0.52630758 0.82098049
vt 0.52672362 0.82971364
vt 0.53484458 0.82971919
vt 0.53491771 0.82125747
vt 0.54202616 0.82561553
vt 0.53836226 0.81297058
vt 0.55036837 0.81615734
vt 0.54923999 0.80667257
vt 0.55969387 0.80752796
vt 0.55959463 0.79931217
vt 0.56011814 0.77600229
vt 0.56796992 0.77630776
vt 0.56734574 0.79885083
vt 0.53033996 0.80705673
vt 0.55105561 0.82998109
vt 0.55949891 0.82169580
vt 0.56771094 0.81959981
vt 0.56796879 0.80721575
vt 0.58321267 0.80699736
vt 0.57368958 0.81964439
vt 0.57448417 0.82789135
vt 0.59149963 0.81429702
vt 0.58779240 0.82215989
vt 0.60353726 0.82233316
vt 0.60168529 0.80897582
vt 0.61533260 0.82520443
vt 0.62113482 0.81522900
vt 0.62349355 0.82566267
vt 0.63136441 0.81468439
vt 0.63180906 0.80419046
vt 0.64505213 0.80636537
vt 0.63938737 0.79824585
vt 0.64798689 0.79534477
vt 0.65619361 0.79564273
vt 0.64748102 0.78148943
vt 0.66042095 0.78081620
vt 0.66375446 0.79373437
vt 0.67925972 0.78905559
vt 0.67939818 0.78109962
vt 0.67931807 0.79731512
vt 0.66573787 0.80645061
vt 0.67930287 0.80591589
vt 0.66594195 0.81520271
vt 0.65592366 0.80600029
vt 0.65151489 0.81416231
vt 0.66561449 0.82351720
vt 0.67896885 0.82028294
vt 0.66463244 0.83247149
vt 0.67885023 0.83202457
vt 0.68717700 0.82048768
vt 0.68769664 0.80708414
vt 0.69928652 0.81284112
vt 0.69887704 0.79754728
vt 0.71398264 0.79771310
vt 0.70805442 0.78985637
vt 0.72697651 0.79821432
vt 0.72627842 0.78941375
vt 0.74161440 0.78790212
vt 0.72573423 0.78042531
vt 0.73905492 0.78128183
vt 0.75518525 0.78107440
vt 0.74474776 0.76554841
vt 0.72828263 0.77393132
vt 0.72941858 0.76544797
vt 0.72922730 0.75758165
vt 0.71219003 0.75757551
vt 0.69985467 0.75763804
vt 0.68486923 0.75839239
vt 0.67117423 0.75765407
vt 0.66285491 0.74965918
vt 0.66313720 0.75749332
vt 0.65283579 0.75810206
vt 0.65293944 0.74956167
vt 0.63556767 0.75713092
vt 0.63211882 0.74913800
vt 0.62313610 0.74968755
vt 0.62354356 0.75753045
vt 0.61183828 0.74927998
vt 0.61135805 0.75722402
vt 0.59611005 0.75634485
vt 0.59674686 0.74906176
vt 0.61523396 0.73833549
vt 0.62810135 0.73446667
vt 0.63069654 0.74239665
vt 0.58302808 0.74986494
vt 0.59711206 0.76539296
vt 0.62104183 0.76601225
vt 0.61614239 0.77405661
vt 0.62404114 0.77383369
vt 0.59728497 0.77442586
vt 0.58884102 0.77660382
vt 0.59666294 0.78451091
vt 0.59127659 0.79748070
vt 0.58325064 0.79824686
vt 0.57622117 0.77635998
vt 0.58317113 0.75809330
vt 0.58995473 0.80577600
vt 0.59955841 0.79596192
vt 0.61167943 0.80715811
vt 0.61324030 0.79857326
vt 0.62377828 0.80319166
vt 0.62428725 0.78474629
vt 0.63154310 0.78550851
vt 0.63158965 0.77359360
vt 0.63921577 0.77335554
vt 0.63944364 0.78693235
vt 0.64725572 0.77321690
vt 0.65554339 0.77317482
vt 0.61522275 0.78133911
vt 0.65523374 0.76525992
vt 0.64694118 0.76519227
vt 0.63553679 0.76533002
vt 0.66672492 0.76555049
vt 0.68436199 0.76520610
vt 0.70005417 0.76570135
vt 0.71341908 0.76591390
vt 0.75816673 0.78863668
vt 0.77436864 0.80391121
vt 0.79058266 0.80500937
vt 0.78266764 0.78512001
vt 0.79083031 0.78705794
vt 0.79063672 0.76880944
vt 0.78976035 0.82218683
vt 0.77825963 0.82298076
vt 0.76274860 0.82309395
vt 0.76660842 0.80815238
vt 0.75912291 0.80392992
vt 0.74311805 0.79764450
vt 0.74740618 0.81270474
vt 0.73489207 0.81067622
vt 0.72731268 0.82312334
vt 0.71405703 0.81060416
vt 0.71349043 0.82596242
vt 0.69823128 0.82358819
vt 0.69719613 0.83163267
vt 0.68711823 0.83213371
vt 0.68887109 0.83967459
vt 0.67836297 0.83994234
vt 0.68699676 0.86483985
vt 0.67840356 0.85287499
vt 0.67072123 0.84924340
vt 0.66430479 0.85254139
vt 0.67609036 0.86496621
vt 0.65340877 0.86541009
vt 0.70624530 0.83973032
vt 0.69476980 0.85151458
vt 0.70624870 0.84714437
vt 0.72218031 0.83571911
vt 0.72052920 0.85105401
vt 0.73496187 0.84351760
vt 0.74105656 0.83185387
vt 0.74912024 0.83975810
vt 0.76461405 0.83147478
vt 0.74732560 0.82340074
vt 0.77017003 0.83939356
vt 0.78208280 0.84008205
vt 0.78889763 0.83140492
vt 0.78901798 0.84043127
vt 0.78571492 0.85534865
vt 0.76651597 0.85166609
vt 0.75039697 0.85169566
vt 0.70448768 0.78154850
vt 0.70367450 0.77366507
vt 0.68931955 0.77253920
vt 0.67933929 0.77307385
vt 0.66681272 0.77250159
vt 0.68796366 0.78297925
vt 0.69536364 0.78206480
vt 0.68747926 0.79744434
vt 0.65344757 0.84122193
vt 0.65472144 0.82471788
vt 0.64338380 0.83099782
vt 0.63182646 0.82265031
vt 0.63137436 0.83461785
vt 0.62318128 0.85076845
vt 0.63149881 0.85094136
vt 0.64148802 0.84289914
vt 0.64571190 0.85551316
vt 0.63420755 0.86458910
vt 0.62132478 0.86467689
vt 0.61127561 0.85283852
vt 0.61519802 0.84225821
vt 0.60338992 0.83034444
vt 0.60013342 0.83855683
vt 0.58775616 0.83021587
vt 0.58626997 0.83761352
vt 0.57163948 0.83792406
vt 0.56315094 0.83203381
vt 0.57161242 0.84594595
vt 0.55935782 0.84614831
vt 0.55054563 0.84601337
vt 0.54253489 0.83929485
vt 0.54197961 0.84961903
vt 0.53325915 0.85038316
vt 0.53476018 0.83799702
vt 0.52481246 0.83838242
vt 0.52708232 0.85097975
vt 0.51521540 0.84507686
vt 0.50848007 0.83813876
vt 0.50584680 0.84832847
vt 0.49093068 0.83992839
vt 0.49309716 0.84641773
vt 0.47482377 0.84650946
vt 0.49352288 0.85577470
vt 0.50744772 0.85531569
vt 0.50849074 0.86562186
vt 0.49186558 0.86565942
vt 0.52582800 0.86535990
vt 0.47981420 0.85577500
vt 0.47196504 0.86585665
vt 0.46798894 0.85613018
vt 0.45719028 0.84787691
vt 0.45822138 0.86585057
vt 0.44798458 0.86616802
vt 0.53831679 0.86544824
vt 0.55514276 0.86560327
vt 0.56836885 0.86524910
vt 0.57589561 0.86517888
vt 0.59163719 0.85047543
vt 0.58812547 0.86514515
vt 0.60006487 0.86503363
vt 0.43830922 0.82939702
vt 0.42661127 0.83457494
vt 0.43237865 0.84053922
vt 0.40397099 0.85673201
vt 0.40166065 0.86621189
vt 0.39183649 0.86599392
vt 0.39244825 0.84499311
vt 0.39841703 0.83456951
vt 0.39794347 0.81854153
vt 0.38882390 0.84349096
vt 0.39094961 0.83327055
vt 0.38956448 0.82293248
vt 0.38733947 0.81271797
vt 0.36709383 0.82344842
vt 0.37476340 0.82348740
vt 0.37765533 0.83155501
vt 0.38315848 0.84026355
vt 0.36975184 0.83988619
vt 0.36736077 0.83206677
vt 0.36007845 0.83988601
vt 0.35199672 0.83199137
vt 0.34820634 0.83998501
vt 0.34404790 0.83189982
vt 0.33563212 0.83180076
vt 0.33029321 0.83944303
vt 0.35213590 0.82376283
vt 0.36898193 0.84788555
vt 0.38151628 0.86620921
vt 0.37127131 0.85176134
vt 0.37217811 0.86608154
vt 0.36797556 0.85692775
vt 0.35945144 0.86594671
vt 0.36471015 0.85555470
vt 0.35922274 0.85770363
vt 0.35430542 0.86903876
vt 0.35158560 0.86585820
vt 0.34598199 0.85646248
vt 0.34334904 0.86584616
vt 0.33303547 0.85600942
vt 0.33071771 0.86596560
vt 0.34884191 0.87122059
vt 0.43552241 0.78652698
vt 0.61525673 0.68573445
vt 0.62315583 0.67859411
vt 0.63091755 0.67344868
vt 0.64695674 0.67027670
vt 0.64291370 0.68010426
vt 0.63059843 0.67878318
vt 0.65926087 0.67835605
vt 0.67377198 0.67759335
vt 0.66991198 0.67049491
vt 0.81450516 0.73394531
vt 0.76626360 0.59911972
vt 0.75811219 0.59900391
vt 0.75013781 0.59169191
vt 0.74206829 0.59870958
vt 0.74307770 0.58846039
vt 0.70655364 0.58299553
vt 0.68171322 0.58251512
vt 0.64175379 0.60559052
vt 0.64572406 0.59432191
vt 0.60144281 0.62104535
vt 0.61800086 0.61365181
vt 0.59013587 0.63005090
vt 0.58731174 0.64072651
vt 0.58605802 0.65989429
vt 0.58286017 0.67814279
vt 0.53079355 0.70798105
vt 0.53468734 0.69696116
vt 0.51076782 0.70479870
vt 0.52637112 0.69712490
vt 0.49555492 0.70552623
vt 0.47978887 0.70444441
vt 0.47169855 0.72216749
vt 0.44373062 0.73053288
vt 0.46164173 0.72026330
vt 0.42875180 0.72855502
vt 0.41972333 0.73479009
vt 0.39927325 0.74671406
vt 0.39039338 0.75769490
vt 0.35195208 0.81067377
vt 0.34448725 0.80471116
vt 0.34436750 0.81547076
vt 0.33596006 0.81551784
vt 0.33663252 0.80433768
vt 0.32440379 0.80840456
vt 0.32267749 0.79677933
vt 0.32779911 0.78533739
vt 0.32789063 0.77178031
vt 0.31928423 0.77626216
vt 0.32026121 0.74912316
vt 0.32157794 0.74201035
vt 0.31150523 0.74915129
vt 0.30951238 0.74166280
vt 0.29078805 0.74797964
vt 0.28665191 0.74171913
vt 0.27399743 0.74111575
vt 0.27471429 0.75664431
vt 0.26263154 0.75168586
vt 0.25159529 0.74125421
vt 0.25808102 0.76024127
vt 0.24219520 0.74769080
vt 0.23708853 0.74022949
vt 0.22630186 0.74055463
vt 0.22655532 0.74747384
vt 0.21441221 0.74758172
vt 0.20757805 0.74006820
vt 0.20387132 0.74719495
vt 0.18334243 0.74756515
vt 0.18915293 0.73992109
vt 0.17213699 0.74006248
vt 0.15794162 0.74789178
vt 0.15394175 0.73948616
vt 0.17000698 0.75544804
vt 0.15550564 0.75528431
vt 0.14138123 0.74727499
vt 0.13537586 0.75592721
vt 0.13363098 0.74750972
vt 0.12252852 0.74799591
vt 0.11937252 0.75569057
vt 0.11283331 0.74770522
vt 0.14630567 0.76350218
vt 0.16276215 0.76349616
vt 0.14063862 0.77172607
vt 0.16857259 0.77168244
vt 0.18198374 0.76976264
vt 0.17744586 0.78003538
vt 0.20502742 0.78042096
vt 0.20489022 0.77181208
vt 0.21516328 0.77984422
vt 0.21509121 0.77140749
vt 0.22622178 0.77140975
vt 0.22709005 0.78009313
vt 0.24347858 0.78019339
vt 0.24713041 0.77171248
vt 0.26046920 0.78072047
vt 0.26543447 0.77160549
vt 0.26756504 0.76346451
vt 0.28355289 0.77182078
vt 0.28366432 0.76098061
vt 0.29862857 0.76759249
vt 0.29818648 0.75554907
vt 0.31069988 0.77722633
vt 0.29898912 0.78077310
vt 0.28767854 0.78072059
vt 0.29633200 0.78919643
vt 0.31081152 0.79507750
vt 0.29730117 0.79857224
vt 0.27656484 0.79915231
vt 0.27645156 0.79006559
vt 0.26472989 0.79432309
vt 0.27625036 0.78077418
vt 0.25244942 0.79427660
vt 0.24372096 0.78924185
vt 0.23562260 0.79826623
vt 0.22762825 0.78872478
vt 0.21567833 0.80632740
vt 0.21528247 0.78959066
vt 0.20672773 0.80506140
vt 0.20511651 0.78909957
vt 0.18276018 0.78879428
vt 0.19097795 0.79771119
vt 0.16754074 0.79358566
vt 0.15581849 0.78028834
vt 0.15201955 0.78927785
vt 0.13779898 0.78090096
vt 0.12629980 0.77991372
vt 0.12572420 0.76761782
vt 0.11923447 0.76345086
vt 0.11932378 0.77152461
vt 0.11937957 0.77978051
vt 0.12656552 0.78913695
vt 0.11936770 0.78899378
vt 0.11941020 0.79833764
vt 0.12750800 0.80289501
vt 0.13642725 0.80735588
vt 0.14419079 0.79844731
vt 0.13561095 0.78892982
vt 0.15328017 0.80614418
vt 0.14456397 0.80721015
vt 0.15268892 0.81554496
vt 0.16510034 0.80655384
vt 0.16556600 0.81534868
vt 0.17972529 0.81620055
vt 0.17781831 0.80671197
vt 0.19322635 0.80670190
vt 0.20556854 0.81547344
vt 0.20486444 0.82408172
vt 0.21538825 0.81600100
vt 0.23949656 0.81648117
vt 0.24490809 0.80762804
vt 0.25116524 0.81633121
vt 0.25607100 0.80664068
vt 0.26514682 0.80787492
vt 0.26518294 0.81633466
vt 0.27339408 0.80913538
vt 0.27552873 0.81679910
vt 0.29520413 0.80744463
vt 0.30440491 0.80705881
vt 0.29522696 0.81543750
vt 0.30297717 0.81537521
vt 0.32514966 0.81661850
vt 0.32417512 0.82363945
vt 0.30308858 0.83746678
vt 0.29447046 0.82968563
vt 0.29390770 0.83906037
vt 0.27720854 0.83942771
vt 0.26723674 0.83227366
vt 0.26933956 0.82444173
vt 0.25092223 0.82513022
vt 0.24942648 0.83334875
vt 0.23799077 0.82557976
vt 0.24034719 0.83354568
vt 0.23167600 0.83388209
vt 0.21514055 0.83331043
vt 0.21584159 0.82479799
vt 0.19173083 0.83292294
vt 0.18052840 0.82411867
vt 0.17861460 0.83245134
vt 0.16503704 0.82403618
vt 0.16444628 0.83213294
vt 0.15270956 0.82790613
vt 0.14482620 0.81562603
vt 0.14493313 0.82378447
vt 0.14492948 0.83225596
vt 0.14479007 0.84110665
vt 0.15267965 0.84093273
vt 0.16381665 0.84109157
vt 0.15244426 0.84947091
vt 0.16389307 0.84907395
vt 0.17471634 0.84881109
vt 0.17475456 0.84080082
vt 0.18207623 0.84874612
vt 0.18486781 0.84072912
vt 0.19013977 0.84879458
vt 0.20213477 0.84104025
vt 0.20317085 0.84897703
vt 0.22108722 0.84965956
vt 0.21902594 0.84129101
vt 0.23233032 0.84176916
vt 0.23237757 0.84952575
vt 0.22114150 0.85787916
vt 0.23385370 0.85780913
vt 0.24049057 0.84941125
vt 0.25377914 0.85745287
vt 0.25456607 0.85102850
vt 0.26463515 0.85703003
vt 0.26477650 0.84812897
vt 0.27621999 0.84766114
vt 0.26390487 0.84065694
vt 0.29300371 0.84607190
vt 0.27854052 0.85599715
vt 0.29224890 0.85625041
vt 0.30317765 0.84683049
vt 0.30327433 0.85596251
vt 0.31111643 0.84694153
vt 0.31603238 0.85598814
vt 0.32365584 0.84725028
vt 0.33523834 0.84730279
vt 0.34990096 0.84759182
vt 0.24119161 0.84186459
vt 0.20301199 0.85756171
vt 0.19040340 0.85729909
vt 0.18228444 0.85730720
vt 0.17465952 0.85749400
vt 0.15213138 0.85787278
vt 0.31766245 0.83909261
vt 0.32385585 0.83095604
vt 0.33581471 0.82362968
vt 0.34424806 0.82369000
vt 0.12779099 0.81603068
vt 0.11952592 0.80743480
vt 0.13678451 0.81581300
vt 0.24314836 0.76280886
vt 0.24250239 0.75532025
vt 0.22823125 0.75534219
vt 0.22914021 0.76350588
vt 0.21471144 0.75530058
vt 0.21493910 0.76322460
vt 0.20385280 0.75530982
vt 0.20477514 0.76376832
vt 0.18613417 0.75590599
vt 0.36003271 0.81552148
vt 0.30954692 0.73580116
vt 0.28956127 0.73548585
vt 0.26765659 0.73529249
vt 0.28562632 0.72454321
vt 0.25271469 0.72855282
vt 0.22479504 0.73396379
vt 0.22201681 0.72606814
vt 0.20855625 0.73327798
vt 0.20851523 0.72579926
vt 0.18930133 0.73286682
vt 0.18788454 0.72729599
vt 0.15734863 0.73453271
vt 0.15725696 0.72771084
vt 0.14118600 0.73279023
vt 0.13972747 0.72766602
vt 0.14055400 0.73999411
vt 0.13147600 0.74038804
vt 0.12726441 0.73313552
vt 0.12808397 0.72760141
vt 0.11935265 0.74093801
vt 0.11347865 0.73389703
vt 0.09992355 0.73393011
vt 0.10561130 0.74026954
vt 0.09748375 0.74044985
vt 0.37465659 0.69331789
vt 0.51821464 0.69725591
vt 0.53856486 0.68669951
vt 0.52099049 0.68653429
vt 0.52162153 0.67882299
vt 0.50657719 0.68995321
vt 0.51003343 0.67835265
vt 0.50929976 0.66963178
vt 0.49710739 0.66985434
vt 0.50271320 0.65261513
vt 0.49343190 0.67790049
vt 0.47940570 0.66573155
vt 0.48720473 0.65800291
vt 0.49172741 0.68991661
vt 0.47977385 0.68386495
vt 0.47144106 0.67375785
vt 0.47125942 0.65605593
vt 0.47132024 0.70453191
vt 0.47184631 0.69277859
vt 0.46148229 0.68189448
vt 0.43981257 0.68192577
vt 0.43178183 0.68189311
vt 0.42359081 0.67597920
vt 0.43566415 0.66604787
vt 0.41760650 0.68799400
vt 0.39983365 0.69628984
vt 0.40476122 0.67422718
vt 0.39154944 0.68252087
vt 0.39957047 0.65660095
vt 0.38328516 0.69690150
vt 0.36680982 0.67541808
vt 0.35889658 0.69399297
vt 0.35913059 0.67560303
vt 0.35121220 0.68406582
vt 0.35513192 0.65935135
vt 0.34328619 0.68422890
vt 0.33523190 0.66941911
vt 0.32703951 0.67549640
vt 0.32270980 0.65664983
vt 0.33511186 0.64917499
vt 0.31435269 0.67306042
vt 0.30013812 0.65052658
vt 0.32255840 0.64642799
vt 0.30201906 0.67282307
vt 0.29059795 0.66547662
vt 0.29056388 0.67930555
vt 0.30179960 0.69229680
vt 0.28950942 0.69233102
vt 0.27551234 0.67963570
vt 0.27357069 0.69249523
vt 0.28823248 0.70492953
vt 0.26706609 0.70504689
vt 0.26324546 0.69064111
vt 0.25420675 0.70115829
vt 0.26656300 0.71311581
vt 0.25398314 0.71682066
vt 0.32703927 0.69279248
vt 0.31426197 0.69253981
vt 0.30576304 0.70507026
vt 0.28212592 0.71303385
vt 0.26774928 0.72823536
vt 0.26607400 0.72079730
vt 0.24367286 0.71664017
vt 0.21478768 0.70818615
vt 0.20563160 0.71621120
vt 0.20714335 0.70503283
vt 0.20781878 0.67681128
vt 0.19086300 0.71957690
vt 0.19059138 0.70163906
vt 0.19916922 0.69129020
vt 0.19065760 0.68490887
vt 0.17782065 0.68886358
vt 0.18424159 0.67649662
vt 0.17791885 0.70161986
vt 0.16043155 0.69450176
vt 0.16930003 0.71397489
vt 0.18332072 0.72003639
vt 0.13921492 0.72120637
vt 0.13941553 0.71436477
vt 0.23138143 0.71310920
vt 0.22556117 0.70580655
vt 0.24125686 0.70541388
vt 0.23753992 0.69718891
vt 0.22930104 0.67580897
vt 0.24111170 0.68932855
vt 0.25435767 0.68469155
vt 0.24148634 0.67445892
vt 0.25434232 0.66534287
vt 0.27225769 0.66689169
vt 0.26294547 0.65663439
vt 0.27335191 0.64405394
vt 0.28307986 0.64632642
vt 0.30548531 0.63367987
vt 0.31803781 0.62737834
vt 0.34320793 0.66333449
vt 0.36764142 0.64796174
vt 0.35504442 0.64729095
vt 0.39119694 0.65878916
vt 0.37889180 0.66706121
vt 0.41767082 0.66218668
vt 0.44959146 0.67993993
vt 0.45537856 0.66492999
vt 0.47910690 0.65032768
vt 0.49489829 0.65248019
vt 0.51549733 0.65080422
vt 0.52203315 0.66036510
vt 0.53400499 0.66643572
vt 0.53830463 0.67903990
vt 0.54960340 0.67559594
vt 0.55944836 0.67468357
vt 0.56772745 0.67468393
vt 0.57557446 0.68264216
vt 0.56717956 0.65681660
vt 0.55893409 0.65748638
vt 0.55891377 0.63897091
vt 0.55046338 0.65831047
vt 0.55006796 0.63963181
vt 0.54246545 0.65033734
vt 0.53450787 0.64480603
vt 0.51667565 0.63724166
vt 0.51568490 0.62482178
vt 0.55126941 0.63050276
vt 0.53083551 0.62680286
vt 0.55043381 0.62155432
vt 0.55888933 0.62244308
vt 0.56741983 0.63077581
vt 0.56798595 0.62401021
vt 0.58508486 0.61395258
vt 0.57464427 0.61394691
vt 0.60257852 0.61378855
vt 0.60218829 0.60646206
vt 0.61479199 0.60417604
vt 0.62135339 0.60183984
vt 0.62221354 0.58567429
vt 0.58325440 0.62896502
vt 0.63791990 0.59237456
vt 0.63963294 0.58264649
vt 0.62948978 0.58584470
vt 0.63152122 0.57486653
vt 0.62316984 0.56973070
vt 0.61399591 0.57788402
vt 0.61150670 0.56429917
vt 0.61254668 0.55685741
vt 0.60622424 0.56158870
vt 0.60653788 0.54691637
vt 0.60724509 0.57580149
vt 0.59903562 0.56094193
vt 0.59578198 0.54983628
vt 0.59052217 0.55871308
vt 0.57579714 0.55166060
vt 0.59387285 0.54233515
vt 0.57110351 0.56813329
vt 0.58937657 0.57423800
vt 0.56125599 0.57538503
vt 0.55954754 0.56739330
vt 0.55962461 0.55534136
vt 0.56768036 0.54394507
vt 0.55052066 0.55581707
vt 0.55934930 0.54321420
vt 0.54927403 0.56942111
vt 0.53629082 0.55988288
vt 0.53618371 0.55174482
vt 0.55214810 0.57886887
vt 0.56489986 0.58242118
vt 0.55024606 0.59019107
vt 0.53711224 0.58280230
vt 0.60876727 0.59436679
vt 0.59803975 0.58633447
vt 0.59841484 0.57436699
vt 0.59371275 0.59569591
vt 0.59027123 0.58625227
vt 0.58190256 0.59388143
vt 0.57790375 0.60545266
vt 0.57434374 0.59475023
vt 0.56669712 0.60598099
vt 0.55863905 0.60190678
vt 0.56272101 0.58991623
vt 0.56541461 0.61430621
vt 0.55032575 0.61353308
vt 0.53474814 0.59008545
vt 0.51816082 0.59003937
vt 0.52112120 0.58161408
vt 0.50929677 0.59108335
vt 0.50527734 0.58153421
vt 0.50768572 0.57470322
vt 0.49728572 0.58571553
vt 0.49838701 0.60423917
vt 0.48664844 0.59406400
vt 0.53460705 0.61642116
vt 0.53830159 0.60616243
vt 0.51842850 0.61188275
vt 0.51431000 0.60629040
vt 0.50101006 0.61717081
vt 0.48290643 0.60609126
vt 0.47517100 0.59401244
vt 0.47700593 0.58218771
vt 0.45747346 0.58282387
vt 0.46370658 0.59408909
vt 0.45204875 0.60237676
vt 0.44387501 0.59468323
vt 0.44759214 0.57101905
vt 0.43961358 0.58683074
vt 0.43520731 0.57299572
vt 0.43106008 0.58678091
vt 0.42259234 0.57063186
vt 0.43117192 0.55494618
vt 0.41488424 0.58122796
vt 0.41456485 0.55426157
vt 0.42261702 0.59469312
vt 0.41402319 0.59456217
vt 0.40618160 0.58151233
vt 0.40623072 0.55680162
vt 0.40584028 0.59447306
vt 0.39825359 0.59034908
vt 0.39841291 0.57222551
vt 0.39830250 0.55764335
vt 0.39825907 0.60248274
vt 0.40729049 0.61430562
vt 0.39917314 0.61932302
vt 0.43295389 0.60560465
vt 0.41892788 0.61501473
vt 0.43581921 0.61487603
vt 0.45210791 0.61447096
vt 0.46770987 0.60606706
vt 0.47531676 0.61421794
vt 0.45000446 0.62268120
vt 0.42757291 0.62307239
vt 0.40947345 0.62280262
vt 0.49462378 0.63505268
vt 0.49066556 0.62465030
vt 0.48683944 0.64280808
vt 0.47521132 0.62653887
vt 0.47510731 0.63877231
vt 0.46351758 0.63261867
vt 0.45932335 0.65031630
vt 0.45173869 0.63575786
vt 0.43769178 0.65137267
vt 0.42979428 0.63296545
vt 0.41975731 0.64268768
vt 0.40853450 0.63531387
vt 0.40969962 0.65060437
vt 0.39522791 0.64316344
vt 0.37864390 0.63516885
vt 0.38867408 0.62906539
vt 0.38960469 0.60759157
vt 0.38230249 0.61467594
vt 0.38319746 0.60132271
vt 0.37062320 0.61447191
vt 0.37445238 0.60095757
vt 0.37068146 0.62250459
vt 0.36695457 0.63488996
vt 0.35881972 0.62632495
vt 0.35070473 0.61805111
vt 0.35872787 0.61003941
vt 0.35072178 0.60179502
vt 0.33911800 0.60181540
vt 0.35667151 0.59382904
vt 0.33906311 0.58623391
vt 0.34362698 0.64828295
vt 0.33901817 0.61580372
vt 0.32679668 0.60175914
vt 0.32675409 0.63163406
vt 0.32155776 0.61429298
vt 0.30890509 0.60181969
vt 0.31775442 0.60176820
vt 0.30916947 0.61737168
vt 0.30136424 0.60887033
vt 0.30492866 0.58608460
vt 0.29458606 0.58622658
vt 0.30535561 0.57078594
vt 0.28910545 0.60797751
vt 0.28265563 0.59455693
vt 0.29214531 0.62957823
vt 0.28893268 0.61750412
vt 0.27572498 0.62529224
vt 0.26753771 0.61770821
vt 0.25827074 0.63547570
vt 0.24958535 0.64386034
vt 0.24510090 0.62338769
vt 0.25428268 0.61006749
vt 0.23736277 0.61739117
vt 0.23379622 0.60395598
vt 0.23745055 0.63577241
vt 0.23019423 0.61738700
vt 0.22324534 0.61950576
vt 0.22375017 0.64264208
vt 0.21616279 0.63435334
vt 0.21538615 0.60929745
vt 0.23447654 0.65521586
vt 0.23068686 0.64026994
vt 0.21205547 0.64706373
vt 0.20807433 0.62791300
vt 0.19539353 0.64305365
vt 0.21596445 0.66217881
vt 0.20379910 0.65591490
vt 0.17764676 0.65571618
vt 0.18227611 0.64311880
vt 0.16894001 0.64321059
vt 0.19287448 0.66627687
vt 0.16871707 0.66767573
vt 0.16863246 0.68009466
vt 0.15502049 0.65911609
vt 0.14657103 0.69935870
vt 0.13748634 0.69371319
vt 0.12802206 0.71440172
vt 0.12849620 0.69964015
vt 0.13395834 0.68018687
vt 0.13886009 0.66543669
vt 0.13369766 0.65630549
vt 0.13354930 0.63501501
vt 0.13918933 0.63497633
vt 0.12898809 0.65975666
vt 0.12854411 0.68408865
vt 0.12835146 0.72161466
vt 0.15064582 0.67917854
vt 0.14681974 0.65874720
vt 0.15113387 0.63915360
vt 0.16003381 0.63032454
vt 0.19078754 0.62554973
vt 0.19970609 0.62566257
vt 0.22206888 0.58976203
vt 0.20106252 0.56455046
vt 0.19330327 0.55474520
vt 0.21270935 0.55324686
vt 0.21393818 0.58119977
vt 0.20705968 0.60313761
vt 0.20568457 0.58112299
vt 0.19874929 0.60120720
vt 0.19750960 0.57925999
vt 0.18872738 0.57129037
vt 0.18349925 0.53455591
vt 0.19332238 0.53446466
vt 0.18672022 0.52614397
vt 0.17561255 0.53414136
vt 0.17389806 0.56381696
vt 0.16876242 0.54754347
vt 0.16224444 0.53554237
vt 0.17520772 0.52613884
vt 0.15238176 0.56513524
vt 0.15141597 0.53748065
vt 0.14833872 0.52632862
vt 0.14827909 0.51708597
vt 0.16133362 0.51677203
vt 0.13368204 0.51854861
vt 0.13865621 0.53654808
vt 0.11594889 0.53589976
vt 0.12880743 0.54345900
vt 0.13376546 0.55535102
vt 0.11665966 0.55600685
vt 0.11125459 0.54515076
vt 0.10047020 0.55358446
vt 0.09895955 0.53715301
vt 0.09489039 0.55126005
vt 0.09271587 0.52675098
vt 0.09545431 0.56163162
vt 0.10121509 0.56164151
vt 0.10287442 0.57888520
vt 0.09481874 0.57844144
vt 0.10417584 0.58880931
vt 0.11373851 0.58851409
vt 0.11564295 0.58116299
vt 0.13112590 0.58306885
vt 0.12499566 0.60138994
vt 0.11324169 0.61228108
vt 0.10446730 0.60138184
vt 0.10432818 0.61857271
vt 0.09504933 0.60482824
vt 0.09487358 0.58867073
vt 0.09410937 0.63809651
vt 0.10384745 0.64361036
vt 0.11313128 0.64326978
vt 0.10405123 0.66618216
vt 0.09508894 0.66738999
vt 0.11335168 0.67454302
vt 0.11330926 0.66234797
vt 0.12146805 0.62686676
vt 0.13093938 0.61491776
vt 0.13929731 0.59262317
vt 0.14638609 0.58049101
vt 0.14713344 0.59874541
vt 0.16278507 0.58191818
vt 0.16843924 0.59311336
vt 0.16970775 0.57528913
vt 0.18096536 0.58601326
vt 0.16743761 0.56559515
vt 0.14203320 0.57059658
vt 0.14325719 0.55934834
vt 0.13352032 0.57037139
vt 0.11679371 0.57222116
vt 0.18938044 0.58620256
vt 0.19025329 0.60677069
vt 0.18161137 0.60672206
vt 0.18209521 0.62555420
vt 0.15984507 0.61290640
vt 0.16629963 0.60462469
vt 0.15995155 0.62154227
vt 0.13907701 0.61767799
vt 0.12865821 0.63502479
vt 0.12112905 0.69165075
vt 0.12170383 0.67461997
vt 0.10874939 0.68714672
vt 0.09553878 0.67741448
vt 0.11339153 0.70086789
vt 0.11388247 0.72059065
vt 0.10531013 0.70904422
vt 0.10215953 0.72119004
vt 0.09831534 0.70738912
vt 0.08636789 0.72022945
vt 0.11338211 0.72822469
vt 0.08742238 0.72880113
vt 0.10458190 0.69591933
vt 0.09612504 0.69072509
vt 0.08597596 0.70428067
vt 0.10676051 0.53538454
vt 0.12376265 0.51706380
vt 0.15181448 0.50694543
vt 0.19811018 0.52690160
vt 0.20192695 0.51787984
vt 0.22083721 0.53678691
vt 0.21169084 0.53556377
vt 0.21786553 0.52542973
vt 0.22129621 0.57177860
vt 0.22051693 0.55183244
vt 0.23420575 0.57577568
vt 0.24793236 0.56788808
vt 0.23193027 0.58732498
vt 0.25097650 0.58473831
vt 0.26800573 0.59502572
vt 0.25031358 0.59717906
vt 0.28461906 0.57850164
vt 0.28458276 0.56679958
vt 0.26826242 0.57918495
vt 0.26642516 0.56760079
vt 0.26477885 0.55587965
vt 0.24889575 0.55386889
vt 0.26095960 0.54387021
vt 0.23662539 0.56378031
vt 0.23423623 0.55174226
vt 0.22992049 0.53680432
vt 0.23883179 0.53517693
vt 0.24787477 0.53764796
vt 0.23202056 0.52646261
vt 0.24756937 0.52667886
vt 0.25940403 0.53467226
vt 0.27711684 0.54319566
vt 0.26644033 0.53560513
vt 0.28126821 0.53397799
vt 0.29197964 0.55835414
vt 0.27478686 0.55535960
vt 0.32210085 0.57085979
vt 0.32203868 0.58613473
vt 0.36653182 0.58224469
vt 0.36670086 0.59589970
vt 0.39071354 0.59567612
vt 0.39054343 0.57147878
vt 0.38216388 0.58650678
vt 0.38172907 0.57084692
vt 0.37393710 0.57303137
vt 0.37214354 0.54540008
vt 0.38794336 0.54936820
vt 0.39700100 0.54250956
vt 0.43940753 0.56314206
vt 0.45934585 0.57467598
vt 0.48871264 0.57399482
vt 0.46721271 0.56704187
vt 0.48280445 0.56672710
vt 0.49832088 0.56665903
vt 0.51137698 0.55938435
vt 0.51736337 0.56741840
vt 0.52305841 0.56956702
vt 0.52440006 0.55986387
vt 0.53283823 0.56746900
vt 0.49446112 0.54933280
vt 0.48669139 0.55309671
vt 0.49303433 0.52998918
vt 0.47496873 0.53955472
vt 0.47506955 0.52761531
vt 0.47503057 0.55893606
vt 0.46907428 0.55122930
vt 0.45238626 0.55421931
vt 0.45139483 0.53949857
vt 0.46315128 0.53953761
vt 0.44357979 0.52718735
vt 0.45936868 0.52738935
vt 0.45166320 0.51843798
vt 0.43362466 0.50897127
vt 0.44452992 0.50957906
vt 0.45695677 0.51012337
vt 0.43538326 0.53625387
vt 0.41911507 0.51995808
vt 0.42052409 0.50887293
vt 0.42302510 0.54680973
vt 0.41889912 0.53092414
vt 0.40982533 0.54228085
vt 0.40903911 0.53303498
vt 0.39937508 0.53400892
vt 0.39892155 0.51760125
vt 0.38852203 0.52071470
vt 0.39437199 0.50879991
vt 0.38826960 0.54118770
vt 0.38740325 0.53363222
vt 0.38000533 0.52442092
vt 0.36251599 0.53493571
vt 0.37314153 0.51748031
vt 0.38166848 0.50827104
vt 0.36502334 0.52167541
vt 0.35116184 0.52593923
vt 0.35014001 0.53446490
vt 0.34130123 0.52001959
vt 0.34249121 0.53674400
vt 0.36404213 0.54435146
vt 0.36739063 0.57169706
vt 0.35037765 0.54648125
vt 0.35449970 0.56488419
vt 0.35843575 0.55464011
vt 0.35454175 0.57468849
vt 0.34294000 0.56281352
vt 0.33503604 0.57087725
vt 0.33518112 0.55452824
vt 0.32235125 0.55880034
vt 0.32546473 0.53993428
vt 0.30570468 0.55490959
vt 0.30914155 0.53515655
vt 0.30023852 0.53738219
vt 0.30153799 0.52627277
vt 0.32163405 0.52594203
vt 0.30818868 0.51803386
vt 0.31741986 0.51683837
vt 0.33395147 0.51667589
vt 0.33491066 0.53513426
vt 0.35001785 0.51798332
vt 0.37312359 0.50823617
vt 0.40967083 0.50906092
vt 0.47622773 0.51876825
vt 0.50559175 0.54762626
vt 0.50848687 0.53094894
vt 0.52064097 0.53551233
vt 0.52071798 0.52676332
vt 0.52398562 0.54860336
vt 0.51607090 0.54784340
vt 0.54660213 0.54291916
vt 0.57490462 0.54309046
vt 0.61762321 0.54800463
vt 0.63106698 0.54967612
vt 0.62626100 0.55788475
vt 0.65252501 0.55786556
vt 0.66017187 0.56598860
vt 0.63260484 0.56694114
vt 0.66221958 0.57482010
vt 0.65239072 0.57446754
vt 0.75036943 0.58229649
vt 0.71838188 0.56582719
vt 0.70648271 0.57436150
vt 0.69971901 0.56610584
vt 0.68289119 0.57451391
vt 0.68100911 0.56619132
vt 0.67048931 0.56641316
vt 0.67032981 0.55793852
vt 0.71011877 0.53384387
vt 0.68083012 0.54110229
vt 0.68934697 0.53322530
vt 0.66966414 0.53320336
vt 0.66999799 0.54115999
vt 0.70380676 0.52845180
vt 0.68935800 0.52773947
vt 0.69836599 0.51971567
vt 0.73480189 0.54106319
vt 0.72448981 0.53104657
vt 0.73486817 0.53143477
vt 0.74420041 0.52917480
vt 0.75044912 0.52989304
vt 0.75009197 0.52400768
vt 0.74828154 0.48607287
vt 0.73063284 0.48580053
vt 0.73850417 0.47750241
vt 0.73039180 0.49408537
vt 0.71766776 0.49194375
vt 0.72090530 0.47655979
vt 0.70636529 0.48588398
vt 0.69605917 0.49029264
vt 0.68888831 0.47747326
vt 0.70263100 0.47753489
vt 0.68425316 0.49311215
vt 0.69197148 0.50288153
vt 0.67058963 0.50325698
vt 0.66666472 0.49076891
vt 0.67825079 0.47721678
vt 0.71825993 0.50239223
vt 0.74332821 0.52425545
vt 0.73028815 0.51165861
vt 0.73913521 0.49866036
vt 0.73318124 0.52487403
vt 0.71693766 0.51101744
vt 0.71033078 0.52155560
vt 0.68966085 0.51017106
vt 0.66909003 0.52736282
vt 0.67149878 0.51106083
vt 0.66145760 0.52656060
vt 0.65956563 0.51164222
vt 0.65296751 0.51834679
vt 0.65350968 0.52753305
vt 0.64293975 0.51489592
vt 0.64391005 0.52732921
vt 0.64683819 0.52990127
vt 0.65270627 0.53336811
vt 0.66117513 0.53331804
vt 0.64992619 0.50334531
vt 0.65059239 0.49312985
vt 0.65475029 0.47787076
vt 0.63790739 0.49383745
vt 0.63344240 0.50396901
vt 0.63657618 0.51779151
vt 0.62052768 0.50706148
vt 0.62709981 0.49530023
vt 0.61995679 0.51814198
vt 0.61343873 0.50884974
vt 0.61159682 0.49629992
vt 0.60371089 0.51940370
vt 0.65281510 0.54176307
vt 0.63205087 0.53727901
vt 0.63732982 0.53390092
vt 0.66142052 0.54128313
vt 0.63255972 0.52727222
vt 0.61729187 0.52581805
vt 0.62530249 0.54137963
vt 0.61610949 0.53379601
vt 0.60419863 0.52764750
vt 0.61388952 0.54191869
vt 0.60511720 0.53494662
vt 0.58640409 0.53491086
vt 0.58622479 0.52707809
vt 0.58605403 0.51895285
vt 0.57247359 0.50296146
vt 0.58141452 0.50384790
vt 0.58167243 0.49447620
vt 0.57163441 0.49436811
vt 0.57381368 0.53497791
vt 0.56380552 0.53494704
vt 0.56430227 0.51467228
vt 0.54535753 0.50259620
vt 0.54433662 0.49467003
vt 0.55237633 0.51456469
vt 0.53517854 0.52658838
vt 0.54261011 0.51597661
vt 0.53387731 0.51324248
vt 0.52593631 0.51156646
vt 0.51460123 0.51163238
vt 0.51499587 0.51938415
vt 0.49481115 0.51187325
vt 0.47846940 0.51157320
vt 0.48755217 0.50340378
vt 0.53138697 0.50312948
vt 0.57304353 0.48559225
vt 0.59065199 0.50120986
vt 0.60484743 0.50237191
vt 0.59040177 0.48592216
vt 0.75497067 0.47768843
vt 0.76905721 0.47679681
vt 0.76012671 0.48565465
vt 0.78777099 0.47695270
vt 0.77717859 0.48595923
vt 0.80206591 0.49219975
vt 0.80414385 0.47629264
vt 0.81173873 0.48416746
vt 0.81977004 0.49223047
vt 0.82196236 0.48058254
vt 0.81169778 0.50042671
vt 0.81029487 0.50903362
vt 0.79936761 0.50971270
vt 0.80901599 0.51901680
vt 0.81466770 0.56470388
vt 0.80625618 0.56778163
vt 0.80789536 0.55743676
vt 0.81549823 0.57749611
vt 0.82250935 0.56707084
vt 0.82250506 0.57445061
vt 0.82208544 0.58346510
vt 0.80738181 0.57675260
vt 0.81459755 0.58446109
vt 0.79911339 0.58443832
vt 0.79779357 0.57504809
vt 0.79615211 0.56219113
vt 0.78619921 0.56551576
vt 0.79297066 0.55779243
vt 0.78220916 0.55754983
vt 0.76782137 0.56519264
vt 0.77383429 0.55751854
vt 0.76543748 0.55752313
vt 0.76825303 0.57708061
vt 0.75735897 0.56713349
vt 0.75770199 0.55743730
vt 0.75039476 0.56585985
vt 0.74829531 0.55718023
vt 0.74919665 0.54895365
vt 0.76398128 0.54937142
vt 0.76150328 0.54046005
vt 0.75026202 0.54077613
vt 0.75379819 0.52912921
vt 0.76918250 0.53537893
vt 0.77079642 0.53637409
vt 0.77469248 0.54784608
vt 0.78426796 0.55208385
vt 0.75807589 0.58468205
vt 0.76605833 0.59148949
vt 0.78214788 0.57601821
vt 0.78217214 0.58444190
vt 0.77009100 0.58583462
vt 0.77431524 0.59176499
vt 0.78223550 0.59187186
vt 0.79028350 0.58618850
vt 0.77734619 0.59891284
vt 0.79025543 0.59917247
vt 0.79870135 0.59905511
vt 0.81402230 0.59184152
vt 0.81429189 0.59901762
vt 0.81991905 0.58804351
vt 0.82253444 0.55855036
vt 0.83027893 0.56722695
vt 0.82992429 0.55699897
vt 0.83769947 0.55210477
vt 0.83805782 0.57507372
vt 0.83785194 0.58400494
vt 0.83024144 0.58373272
vt 0.83015966 0.59150517
vt 0.83792782 0.59166133
vt 0.82328439 0.59929496
vt 0.83061135 0.59897631
vt 0.83801657 0.59932452
vt 0.83868730 0.60764384
vt 0.83111602 0.61161184
vt 0.85129589 0.61825699
vt 0.82544589 0.62382150
vt 0.82225412 0.61427671
vt 0.82210869 0.60663962
vt 0.81420177 0.60767961
vt 0.79858893 0.60640168
vt 0.81428182 0.61416882
vt 0.80637503 0.62170714
vt 0.79829836 0.61402470
vt 0.82203329 0.63404787
vt 0.83510196 0.63010859
vt 0.86133373 0.60990703
vt 0.85388011 0.60697770
vt 0.86397213 0.59969264
vt 0.87913936 0.60670823
vt 0.87977588 0.59871173
vt 0.87111723 0.58676893
vt 0.88022894 0.57854736
vt 0.87106681 0.57359916
vt 0.87983233 0.55478561
vt 0.89210033 0.56993002
vt 0.88897401 0.54540873
vt 0.89621991 0.55429900
vt 0.89644182 0.53795785
vt 0.90336990 0.55459553
vt 0.90432364 0.52691716
vt 0.89666784 0.52185804
vt 0.90377992 0.57019520
vt 0.88852304 0.53387368
vt 0.89208889 0.58696026
vt 0.90328854 0.58656681
vt 0.89199179 0.59489614
vt 0.88766479 0.60697228
vt 0.87991506 0.54189670
vt 0.87075841 0.55448109
vt 0.87856251 0.62018323
vt 0.88862944 0.51815540
vt 0.88036203 0.52603114
vt 0.87975836 0.51537907
vt 0.89664644 0.50820684
vt 0.88873190 0.50817549
vt 0.88991082 0.49039701
vt 0.90409976 0.50976413
vt 0.91103679 0.54293734
vt 0.91081744 0.55808371
vt 0.91018015 0.57443178
vt 0.91672671 0.59596735
vt 0.90989983 0.59946799
vt 0.91648388 0.58478707
vt 0.91602832 0.61457831
vt 0.90940338 0.61799026
vt 0.90315777 0.60246634
vt 0.89555347 0.61073977
vt 0.90606201 0.63565302
vt 0.89533573 0.62621129
vt 0.89737171 0.64563775
vt 0.88767499 0.62620705
vt 0.88739848 0.64612466
vt 0.87957352 0.63363677
vt 0.86210746 0.63800544
vt 0.85757631 0.62527448
vt 0.85226876 0.62968266
vt 0.86606562 0.64554805
vt 0.85315335 0.63727492
vt 0.83404756 0.64517349
vt 0.82309723 0.64698017
vt 0.83405626 0.63762116
vt 0.81474298 0.72239792
vt 0.82214552 0.74211496
vt 0.81357163 0.74499607
vt 0.82358849 0.73268402
vt 0.82158661 0.75052488
vt 0.81249833 0.75660729
vt 0.82157701 0.76452440
vt 0.81212157 0.76455462
vt 0.79818463 0.76500648
vt 0.80602163 0.77320725
vt 0.79830778 0.77961028
vt 0.82196265 0.85571116
vt 0.81475341 0.85304826
vt 0.82042331 0.84073579
vt 0.81460470 0.86492807
vt 0.80658704 0.86495596
vt 0.80594927 0.85563254
vt 0.79753804 0.85484207
vt 0.80250013 0.84138483
vt 0.79306161 0.86546123
vt 0.77949423 0.87417275
vt 0.77941483 0.86608934
vt 0.76331925 0.86520749
vt 0.75810874 0.87414724
vt 0.73700058 0.86492348
vt 0.73689133 0.87410021
vt 0.70195425 0.87393957
vt 0.71360272 0.86453998
vt 0.73125565 0.85530132
vt 0.70654064 0.85523570
vt 0.70298970 0.86485261
vt 0.69043273 0.88214076
vt 0.68171066 0.87400752
vt 0.70779884 0.88209635
vt 0.72550088 0.88211012
vt 0.74889398 0.88220131
vt 0.77242327 0.88225019
vt 0.78994328 0.88216639
vt 0.79285032 0.87413251
vt 0.80568594 0.88213772
vt 0.80704415 0.87410140
vt 0.81783372 0.88218474
vt 0.81706625 0.87419063
vt 0.66139716 0.87543464
vt 0.64817023 0.87402970
vt 0.64025533 0.87404746
vt 0.63222253 0.87407947
vt 0.62401354 0.87412268
vt 0.61567694 0.87416363
vt 0.60747308 0.87419808
vt 0.59949303 0.87422132
vt 0.67554498 0.88214439
vt 0.65628755 0.88218051
vt 0.66420823 0.88216299
vt 0.81360984 0.83943433
vt 0.81368983 0.83131486
vt 0.82216692 0.82886016
vt 0.82944113 0.83158433
vt 0.82912946 0.82046789
vt 0.83779466 0.83171779
vt 0.83781904 0.82314008
vt 0.84657508 0.83175933
vt 0.84665042 0.82316279
vt 0.83845305 0.81515735
vt 0.85784358 0.81214780
vt 0.85505539 0.80615413
vt 0.86430222 0.81612736
vt 0.84668642 0.80600858
vt 0.84792280 0.79707187
vt 0.83029079 0.79840976
vt 0.83070821 0.80696696
vt 0.82155496 0.79320765
vt 0.83028287 0.78878313
vt 0.85021877 0.78831744
vt 0.85440439 0.77973408
vt 0.86394620 0.77997917
vt 0.87179923 0.78837556
vt 0.87217271 0.77993703
vt 0.83025318 0.78003198
vt 0.85355127 0.79808998
vt 0.87196714 0.79683429
vt 0.82175183 0.78102785
vt 0.82170534 0.77280796
vt 0.82941860 0.77249873
vt 0.83768111 0.76415741
vt 0.84905100 0.77289778
vt 0.86381346 0.77195549
vt 0.82931989 0.76431131
vt 0.82925045 0.75643921
vt 0.83750480 0.75644279
vt 0.84646147 0.76408732
vt 0.82939821 0.74848360
vt 0.82182628 0.80708146
vt 0.82940263 0.83978540
vt 0.83769852 0.83996755
vt 0.84772295 0.84049958
vt 0.85522097 0.83164483
vt 0.85531259 0.82302713
vt 0.86562157 0.83450621
vt 0.85555816 0.85860020
vt 0.84662318 0.85576981
vt 0.83175695 0.85032171
vt 0.83777642 0.85701227
vt 0.82988697 0.85597038
vt 0.82844359 0.86345023
vt 0.83238643 0.87414128
vt 0.84678423 0.86545765
vt 0.84700972 0.87411743
vt 0.85522544 0.87411219
vt 0.86325961 0.86556166
vt 0.86908728 0.85686725
vt 0.84719443 0.88213408
vt 0.85533547 0.88212860
vt 0.87203950 0.84332532
vt 0.87185735 0.83125615
vt 0.86379069 0.82285023
vt 0.87173438 0.82306981
vt 0.80480391 0.83128828
vt 0.81227398 0.82384974
vt 0.79725140 0.82113779
vt 0.80496532 0.81035346
vt 0.81376517 0.80936044
vt 0.81409442 0.79154724
vt 0.81253499 0.78097445
vt 0.81414843 0.77306253
vt 0.79766023 0.79269993
vt 0.79648697 0.83651054
vt 0.82280165 0.72041374
vt 0.82333755 0.70561826
vt 0.82395232 0.69282287
vt 0.82385719 0.67004842
vt 0.91645765 0.56902361
vt 0.91704595 0.55795020
vt 0.91741800 0.54505575
vt 0.91095120 0.52880985
vt 0.91773456 0.52849495
vt 0.90884781 0.51015007
vt 0.91829020 0.51717085
vt 0.93314642 0.51759988
vt 0.91788268 0.50871271
vt 0.93364596 0.50782716
vt 0.92539960 0.49934846
vt 0.93409491 0.49909425
vt 0.92588240 0.49055520
vt 0.91772407 0.49071342
vt 0.91754043 0.49968514
vt 0.91063243 0.49099416
vt 0.91776502 0.48482731
vt 0.90724236 0.49867457
vt 0.93307704 0.53919834
vt 0.92411119 0.55368048
vt 0.92340523 0.56724524
vt 0.93194169 0.56644857
vt 0.93288612 0.54892915
vt 0.92243195 0.58538157
vt 0.93096066 0.59321189
vt 0.93090934 0.60621494
vt 0.94160473 0.59633553
vt 0.94461364 0.57830727
vt 0.95740771 0.60175598
vt 0.95835763 0.57666868
vt 0.94954926 0.56624210
vt 0.95876426 0.56078929
vt 0.94952375 0.55337977
vt 0.95718998 0.53631872
vt 0.94948530 0.54078311
vt 0.94874138 0.52614552
vt 0.95605934 0.52083606
vt 0.94886631 0.51594150
vt 0.95659143 0.50699037
vt 0.94942254 0.49875730
vt 0.95664489 0.49872872
vt 0.94127065 0.52522284
vt 0.94061798 0.51612931
vt 0.94779873 0.61189884
vt 0.93822217 0.61274022
vt 0.94728118 0.62232578
vt 0.95635527 0.62424034
vt 0.94682008 0.63780916
vt 0.93876910 0.62626326
vt 0.93101305 0.63939977
vt 0.93076080 0.62611133
vt 0.92980504 0.61654127
vt 0.92339098 0.63447225
vt 0.91641450 0.63570756
vt 0.92244601 0.64593732
vt 0.92241567 0.65178913
vt 0.93040395 0.66425830
vt 0.94628990 0.64558011
vt 0.92451507 0.67093754
vt 0.90591455 0.67233527
vt 0.90390646 0.65330583
vt 0.89543653 0.65379786
vt 0.88766146 0.65729702
vt 0.87253028 0.64636791
vt 0.88018417 0.66737872
vt 0.87229466 0.65589368
vt 0.86805880 0.66922706
vt 0.86287791 0.65596884
vt 0.84934551 0.64498043
vt 0.84642875 0.65301198
vt 0.83939976 0.65549982
vt 0.83161837 0.65784854
vt 0.83160466 0.67203301
vt 0.83246839 0.69188607
vt 0.83614218 0.70464164
vt 0.84618300 0.69542539
vt 0.84651470 0.70299512
vt 0.85410857 0.68965948
vt 0.84633064 0.67742741
vt 0.85398543 0.67750263
vt 0.84549236 0.71727300
vt 0.83530426 0.71802449
vt 0.83809084 0.73015165
vt 0.83986580 0.74076742
vt 0.84841120 0.73390847
vt 0.84950042 0.72626829
vt 0.86305988 0.73413074
vt 0.86291438 0.72632349
vt 0.87152004 0.73418260
vt 0.87135231 0.72636163
vt 0.87965816 0.72640115
vt 0.87982249 0.73418933
vt 0.85355467 0.71776068
vt 0.86392760 0.71816748
vt 0.85425913 0.70288497
vt 0.86233717 0.70269060
vt 0.86951482 0.70491123
vt 0.86940938 0.68853277
vt 0.87868631 0.69890010
vt 0.88037449 0.68819106
vt 0.88658530 0.70767599
vt 0.87956077 0.71803254
vt 0.88756287 0.71857101
vt 0.87237769 0.67849696
vt 0.87888521 0.67750716
vt 0.86471963 0.67742831
vt 0.86227787 0.66924685
vt 0.87109268 0.71848458
vt 0.86176425 0.68837583
vt 0.85320944 0.66836673
vt 0.84649122 0.66826725
vt 0.85458630 0.74165523
vt 0.83925742 0.68590033
vt 0.83898890 0.67308831
vt 0.88728559 0.67583275
vt 0.89562255 0.67601228
vt 0.90088946 0.70081431
vt 0.91034460 0.67278266
vt 0.91039664 0.68961114
vt 0.91413355 0.69583702
vt 0.93063933 0.69373643
vt 0.93207008 0.68480611
vt 0.93927008 0.68477589
vt 0.93909997 0.67662764
vt 0.94719309 0.68039471
vt 0.94703662 0.66874588
vt 0.93634081 0.66324908
vt 0.94744730 0.65758687
vt 0.95636857 0.65055287
vt 0.95633435 0.63775516
vt 0.95612097 0.66209733
vt 0.95596099 0.67669040
vt 0.95601439 0.68462670
vt 0.95630038 0.69294482
vt 0.94695544 0.69253939
vt 0.93248105 0.70208704
vt 0.93989742 0.70197457
vt 0.94776613 0.70169371
vt 0.93248278 0.71210486
vt 0.92423183 0.70263916
vt 0.92441666 0.71478236
vt 0.91701257 0.72438383
vt 0.90800500 0.71682471
vt 0.89470619 0.71060580
vt 0.89331263 0.69990152
vt 0.88894194 0.70265538
vt 0.88649470 0.69391477
vt 0.89273250 0.71697283
vt 0.90695757 0.72646171
vt 0.89413059 0.72627443
vt 0.90721256 0.73353934
vt 0.89464712 0.73333985
vt 0.92181975 0.73347068
vt 0.92485160 0.72623789
vt 0.93270534 0.72626650
vt 0.93335265 0.73355532
vt 0.94438022 0.72601086
vt 0.94960529 0.73290431
vt 0.95808238 0.72537524
vt 0.94558245 0.71692854
vt 0.95780742 0.71785086
vt 0.94849187 0.71027058
vt 0.95730817 0.70995814
vt 0.95676464 0.70156044
vt 0.94029337 0.71059400
vt 0.89752507 0.49187106
vt 0.89643115 0.48375583
vt 0.88891405 0.47579229
vt 0.88150424 0.47786126
vt 0.88803869 0.46708357
vt 0.88053733 0.46701971
vt 0.88141155 0.49424237
vt 0.87105829 0.53480482
vt 0.86157900 0.54613858
vt 0.86181456 0.53373188
vt 0.86180675 0.52586335
vt 0.87114733 0.52591360
vt 0.87127542 0.51373893
vt 0.87172419 0.50118482
vt 0.86262816 0.49171907
vt 0.87213987 0.48167905
vt 0.87222522 0.46685022
vt 0.86208099 0.48343387
vt 0.85248125 0.49203864
vt 0.85251772 0.48332810
vt 0.85283595 0.47497171
vt 0.86243999 0.47506285
vt 0.86268628 0.46675071
vt 0.84782386 0.46680436
vt 0.84511238 0.47500572
vt 0.83865559 0.46694329
vt 0.84496808 0.48330197
vt 0.84505570 0.49746227
vt 0.85273564 0.50130332
vt 0.84509861 0.51794010
vt 0.85260665 0.51929718
vt 0.84469408 0.53575575
vt 0.85267234 0.53366464
vt 0.85267621 0.54186487
vt 0.85256356 0.55440992
vt 0.84455955 0.55289537
vt 0.86162484 0.56125206
vt 0.84507412 0.56964409
vt 0.86220175 0.57600731
vt 0.84498674 0.57655865
vt 0.84494811 0.58427536
vt 0.86240214 0.58406109
vt 0.86193842 0.50097162
vt 0.86201805 0.51449865
vt 0.86237180 0.59143883
vt 0.84604722 0.60851014
vt 0.84565616 0.59943652
vt 0.85371023 0.59183496
vt 0.84543717 0.59179080
vt 0.83074719 0.54119390
vt 0.83800131 0.53354985
vt 0.83019233 0.53306478
vt 0.83096999 0.51801097
vt 0.83827806 0.51759821
vt 0.83869755 0.50201243
vt 0.83860362 0.48762974
vt 0.83861542 0.47513756
vt 0.83153397 0.47531888
vt 0.83135146 0.46709079
vt 0.83139402 0.48557350
vt 0.83142269 0.49971405
vt 0.83146906 0.50970685
vt 0.82233924 0.55050194
vt 0.80756521 0.54154599
vt 0.82284623 0.53558820
vt 0.80769020 0.53330183
vt 0.80778104 0.52546799
vt 0.82222033 0.46715748
vt 0.80137885 0.46768129
vt 0.77817303 0.46791455
vt 0.76582903 0.46824294
vt 0.75772464 0.46835408
vt 0.74250203 0.46819574
vt 0.73235476 0.46801788
vt 0.71205282 0.46810079
vt 0.69613302 0.46820122
vt 0.68267149 0.46833444
vt 0.65665388 0.46835572
vt 0.64487344 0.46843678
vt 0.64425856 0.47795457
vt 0.62557960 0.47814578
vt 0.63064510 0.46851572
vt 0.62130207 0.46864316
vt 0.61733210 0.47785640
vt 0.59957248 0.47745126
vt 0.60394669 0.46827492
vt 0.58837122 0.46800789
vt 0.58897465 0.47697583
vt 0.58110154 0.47678363
vt 0.58147138 0.48566872
vt 0.57312745 0.47660828
vt 0.54601866 0.48609859
vt 0.55100882 0.47718391
vt 0.54056692 0.47720933
vt 0.53476381 0.48620811
vt 0.52726918 0.47738546
vt 0.52397913 0.48603985
vt 0.51583177 0.47750685
vt 0.50706804 0.48685697
vt 0.50382936 0.47779685
vt 0.53141338 0.49486274
vt 0.50864911 0.49532884
vt 0.48992410 0.49478689
vt 0.49586126 0.48653382
vt 0.48819149 0.48639122
vt 0.48048812 0.48612684
vt 0.51348156 0.50366640
vt 0.49788833 0.50329769
vt 0.58990705 0.51083946
vt 0.59781766 0.50299931
vt 0.60434884 0.51300585
vt 0.62975526 0.51780075
vt 0.74939543 0.49720782
vt 0.76082242 0.49349335
vt 0.77504379 0.49340373
vt 0.79258668 0.49150878
vt 0.78549904 0.50134331
vt 0.76706308 0.50035691
vt 0.78133452 0.50811487
vt 0.79123718 0.50873584
vt 0.79974586 0.50064188
vt 0.79108429 0.51704550
vt 0.79933500 0.52533174
vt 0.79898822 0.53425521
vt 0.78923076 0.53236681
vt 0.78590703 0.52525109
vt 0.77382773 0.52479148
vt 0.77527654 0.51676452
vt 0.76460767 0.52435380
vt 0.75774181 0.50187790
vt 0.75687343 0.52504915
vt 0.79458743 0.55005479
vt 0.78256828 0.53964651
vt 0.78238297 0.54611212
vt 0.72399795 0.52366990
vt 0.72286063 0.54222155
vt 0.70272994 0.54114783
vt 0.71645415 0.54976904
vt 0.73421085 0.54884952
vt 0.69711536 0.54940611
vt 0.68011755 0.54922724
vt 0.67017907 0.54946071
vt 0.69693524 0.55768228
vt 0.71751606 0.55756789
vt 0.73413998 0.55746824
vt 0.74278075 0.54087955
vt 0.68130928 0.55770421
vt 0.73198628 0.56588441
vt 0.74230736 0.56589329
vt 0.66191787 0.55802339
vt 0.65278375 0.54975557
vt 0.66169041 0.54960126
vt 0.54745746 0.53486651
vt 0.53258467 0.53597987
vt 0.55868125 0.52716321
vt 0.47117043 0.50249910
vt 0.47968698 0.50301737
vt 0.48004532 0.49427018
vt 0.45579776 0.50126773
vt 0.44724128 0.50078666
vt 0.43141267 0.50024694
vt 0.41652715 0.49989650
vt 0.40753978 0.49983698
vt 0.39931753 0.49976555
vt 0.39063081 0.49977604
vt 0.38162616 0.49976319
vt 0.37294105 0.49973124
vt 0.36502612 0.50822246
vt 0.36473560 0.49970025
vt 0.35699412 0.50814170
vt 0.35650283 0.49965823
vt 0.34893781 0.50798750
vt 0.34832993 0.49961352
vt 0.34118137 0.50784719
vt 0.34060648 0.49958602
vt 0.33336258 0.50776207
vt 0.32505706 0.50771248
vt 0.31655201 0.50769252
vt 0.30843309 0.50768882
vt 0.30130163 0.51680684
vt 0.29500741 0.51682919
vt 0.37439090 0.58550483
vt 0.34292474 0.57485265
vt 0.29459038 0.53601402
vt 0.29372555 0.52697253
vt 0.28104454 0.51688242
vt 0.28860444 0.51684099
vt 0.26869398 0.52790040
vt 0.27110493 0.51724368
vt 0.25570279 0.51728660
vt 0.24560584 0.51764315
vt 0.24666834 0.50818652
vt 0.23859718 0.50821799
vt 0.22964267 0.51721168
vt 0.23000422 0.50816381
vt 0.22131561 0.50807178
vt 0.22037670 0.51714438
vt 0.21186070 0.51718080
vt 0.21287152 0.50806254
vt 0.20352867 0.50801456
vt 0.18874069 0.50771302
vt 0.18724968 0.51689190
vt 0.18201219 0.50760120
vt 0.17553669 0.50756776
vt 0.17571336 0.51650363
vt 0.16886272 0.51657921
vt 0.16865093 0.50758129
vt 0.16118161 0.50763202
vt 0.16094279 0.49930987
vt 0.16839285 0.49930856
vt 0.15177366 0.49929872
vt 0.13165693 0.50814492
vt 0.12766775 0.49942768
vt 0.11553345 0.49945530
vt 0.11524464 0.50785971
vt 0.11461557 0.52269870
vt 0.10679850 0.52617013
vt 0.10718808 0.50888526
vt 0.10763618 0.49952915
vt 0.09904646 0.51872498
vt 0.09159676 0.51645124
vt 0.08442362 0.52533019
vt 0.08349258 0.51609695
vt 0.08279384 0.50786847
vt 0.09361591 0.50826114
vt 0.08610376 0.54358751
vt 0.08681631 0.55319095
vt 0.08695845 0.56086594
vt 0.08657730 0.56700879
vt 0.08592971 0.57311881
vt 0.08524740 0.58045417
vt 0.08474479 0.58842492
vt 0.08436460 0.60183436
vt 0.08373245 0.62909663
vt 0.08380453 0.64059013
vt 0.08386724 0.65032542
vt 0.08513125 0.66786665
vt 0.08518323 0.67665040
vt 0.08541732 0.68923938
vt 0.23798124 0.59499198
vt 0.62915450 0.60165077
vt 0.56691974 0.63852650
vt 0.58306628 0.63940978
vt 0.59370089 0.63393378
vt 0.50256020 0.63518071
vt 0.42371246 0.65043271
vt 0.35285094 0.63456064
vt 0.33502862 0.63190573
vt 0.22288081 0.68531305
vt 0.94139504 0.49890333
vt 0.08719628 0.73493177
vt 0.08656433 0.74066234
vt 0.07508608 0.74068993
vt 0.83244711 0.88214695
vt 0.86398637 0.80572897
vt 0.87227285 0.80569339
vt 0.86998010 0.81731570
vt 0.87355667 0.81983477
vt 0.29665163 0.86592108
vt 0.31397226 0.86585081
vt 0.28800634 0.86604905
vt 0.84604788 0.74913216
vt 0.84619623 0.75650007
vt 0.85643864 0.76510632
vt 0.86967885 0.74088961
vt 0.87990898 0.74168521
vt 0.85509932 0.75278753
vt 0.87168753 0.74912161
vt 0.86325264 0.74918765
vt 0.86593318 0.75721908
vt 0.88404864 0.75278318
vt 0.88777941 0.72641248
vt 0.09187517 0.49979597
vt 0.08250418 0.49983504
vt 0.58063185 0.46794030
vt 0.88792354 0.73412687
vt 0.33280146 0.49956644
vt 0.32469657 0.49953771
vt 0.31645483 0.49950796
vt 0.88800693 0.74157149
vt 0.88754839 0.74833637
vt 0.89356679 0.74181044
vt 0.93244606 0.74048793
vt 0.92449284 0.74055278
vt 0.91545278 0.74058056
vt 0.90310311 0.74105215
vt 0.07610852 0.56096327
vt 0.07614899 0.55331153
vt 0.07526702 0.53480029
vt 0.07543190 0.73506153
vt 0.07560649 0.72888583
vt 0.07536238 0.72172964
vt 0.07423155 0.65498394
vt 0.07427231 0.66820669
vt 0.07425547 0.66108489
vt 0.07486792 0.71368474
vt 0.07448631 0.70424926
vt 0.07433949 0.69438225
vt 0.07429707 0.68481314
vt 0.07428206 0.67606980
vt 0.06774224 0.65497833
vt 0.06771783 0.66392982
vt 0.06783623 0.67618287
vt 0.06790688 0.68487424
vt 0.71426439 0.45804051
vt 0.69611275 0.45950976
vt 0.69615287 0.45362231
vt 0.71117669 0.45355296
vt 0.68492848 0.45916834
vt 0.68497354 0.45373386
vt 0.66991526 0.45921597
vt 0.66239280 0.45927978
vt 0.65460259 0.45933288
vt 0.64505541 0.45942664
vt 0.62691838 0.45948014
vt 0.61144799 0.45937234
vt 0.59595805 0.45934090
vt 0.58766502 0.45938200
vt 0.76545471 0.45891920
vt 0.77571034 0.45365927
vt 0.75966281 0.45361340
vt 0.74813116 0.45910791
vt 0.74572295 0.45354280
vt 0.73031312 0.45912978
vt 0.72636050 0.45350584
vt 0.58001870 0.45943445
vt 0.78181410 0.45880362
vt 0.79116631 0.45348614
vt 0.79768270 0.45334932
vt 0.93457240 0.49048230
vt 0.07584541 0.56703275
vt 0.06836890 0.56077796
vt 0.06832258 0.55308712
vt 0.07439533 0.64838654
vt 0.06778710 0.64855111
vt 0.28033173 0.86617047
vt 0.26446557 0.86642736
vt 0.25285593 0.86659902
vt 0.24042946 0.86666709
vt 0.23242672 0.86667067
vt 0.27247605 0.86629122
vt 0.18448585 0.86652970
vt 0.17498557 0.86650646
vt 0.15212505 0.86671859
vt 0.22135617 0.86668986
vt 0.20784895 0.86659318
vt 0.19939339 0.86656547
vt 0.47205988 0.49349836
vt 0.47247073 0.48578697
vt 0.46385980 0.49272022
vt 0.46406263 0.48549721
vt 0.45570883 0.49214825
vt 0.45579544 0.48538959
vt 0.06797002 0.69436276
vt 0.11274591 0.75556207
vt 0.11291602 0.76347089
vt 0.06892858 0.72897506
vt 0.06878946 0.72174877
vt 0.91028589 0.48491302
vt 0.90323186 0.48442626
vt 0.94156933 0.49047285
vt 0.06899048 0.73538524
vt 0.06851957 0.71359074
vt 0.06769781 0.70369464
vt 0.57308692 0.45949057
vt 0.53463739 0.46826264
vt 0.51950711 0.46840730
vt 0.52642262 0.45974374
vt 0.54415536 0.45967805
vt 0.54487073 0.46811229
vt 0.55824482 0.45964023
vt 0.57113898 0.46809569
vt 0.51153803 0.46846005
vt 0.50372463 0.46857342
vt 0.49592379 0.47795391
vt 0.49590635 0.46871909
vt 0.48870352 0.46893239
vt 0.48848277 0.47817150
vt 0.48100913 0.47846878
vt 0.81414491 0.45828173
vt 0.82257342 0.45862332
vt 0.83080316 0.45860073
vt 0.82183856 0.45304877
vt 0.81304848 0.45302701
vt 0.83086175 0.45317942
vt 0.83839637 0.45856911
vt 0.92605776 0.48470736
vt 0.34321484 0.87183505
vt 0.88638967 0.45844245
vt 0.67715734 0.45381433
vt 0.94981480 0.49045718
vt 0.06820326 0.54422992
vt 0.07486807 0.52491415
vt 0.07548683 0.57299852
vt 0.07516100 0.58023876
vt 0.07422453 0.63174605
vt 0.07425437 0.62202895
vt 0.07445719 0.60473317
vt 0.07471393 0.58892787
vt 0.44757658 0.48543921
vt 0.87143350 0.45843992
vt 0.86231577 0.45844373
vt 0.87038463 0.45354480
vt 0.87926853 0.45846286
vt 0.30110225 0.50769854
vt 0.17533500 0.49930173
vt 0.13686642 0.82400018
vt 0.59168810 0.87424242
vt 0.58002305 0.87432152
vt 0.56314915 0.87435985
vt 0.54721612 0.87436575
vt 0.53558409 0.87438226
vt 0.52112168 0.87438530
vt 0.50675958 0.87439430
vt 0.41636157 0.87475574
vt 0.40357459 0.87475097
vt 0.38938487 0.87473381
vt 0.37556744 0.87478334
vt 0.36750454 0.87477094
vt 0.35941112 0.87475377
vt 0.49586955 0.87448466
vt 0.48785320 0.87452757
vt 0.47978050 0.87457478
vt 0.47179040 0.87461948
vt 0.46374285 0.87465996
vt 0.45580536 0.87470126
vt 0.44790679 0.87473553
vt 0.44006750 0.87475574
vt 0.43253011 0.87476075
vt 0.25484529 0.50810903
vt 0.26315424 0.50796503
vt 0.27186447 0.50784951
vt 0.28059056 0.50780427
vt 0.28822926 0.50775820
vt 0.51854688 0.45976537
vt 0.06845701 0.57244277
vt 0.06839890 0.58509463
vt 0.06943429 0.74096328
vt 0.10461550 0.75561041
vt 0.10513828 0.74773520
vt 0.89171916 0.74701762
vt 0.14403808 0.85832775
vt 0.14360876 0.86678082
vt 0.14448665 0.84978127
vt 0.29471228 0.50771958
vt 0.86327350 0.88212943
vt 0.90219784 0.86531901
vt 0.87293088 0.86533844
vt 0.88768601 0.85683513
vt 0.89571154 0.85677791
vt 0.89560783 0.84815580
vt 0.90363818 0.85667461
vt 0.91171968 0.86548370
vt 0.91861397 0.87407500
vt 0.91948271 0.86546052
vt 0.92761147 0.87398720
vt 0.91144681 0.85655791
vt 0.90409565 0.87395948
vt 0.89601368 0.87398046
vt 0.87973839 0.87429446
vt 0.86324233 0.87410355
vt 0.87113857 0.88212115
vt 0.87944281 0.88209331
vt 0.88779056 0.84046972
vt 0.88098365 0.84478790
vt 0.87983173 0.83109576
vt 0.88594025 0.82620132
vt 0.89558876 0.83946592
vt 0.90347165 0.84797299
vt 0.91121733 0.84777892
vt 0.90490180 0.88228351
vt 0.89608043 0.88200885
vt 0.92002207 0.88200969
vt 0.92794335 0.88202906
vt 0.88780016 0.88205141
vt 0.93610072 0.88206977
vt 0.84559697 0.45851153
vt 0.85340774 0.45846257
vt 0.30845311 0.49947086
vt 0.13670726 0.83255327
vt 0.13630195 0.84141219
vt 0.33499053 0.87240928
vt 0.32049510 0.87323409
vt 0.30761793 0.87401187
vt 0.96060932 0.53365034
vt 0.96009421 0.52529085
vt 0.95984435 0.51616198
vt 0.96107340 0.54937315
vt 0.96084958 0.54133856
vt 0.96023589 0.50740796
vt 0.88033926 0.79704982
vt 0.88031268 0.78833055
vt 0.89490610 0.78812158
vt 0.89513546 0.79711741
vt 0.88023978 0.77988607
vt 0.90396422 0.78803706
vt 0.89503598 0.77974015
vt 0.90394676 0.77954239
vt 0.90392989 0.79677701
vt 0.88820451 0.80565506
vt 0.89608681 0.80553067
vt 0.88028228 0.80568194
vt 0.90386117 0.80540520
vt 0.87763166 0.45357922
vt 0.12776224 0.82421762
vt 0.11301215 0.77153617
vt 0.10411670 0.76353085
vt 0.11286503 0.77980983
vt 0.44761473 0.49180958
vt 0.42322227 0.49144334
vt 0.43120492 0.49152982
vt 0.43945706 0.49163157
vt 0.95847929 0.49064180
vt 0.22996934 0.49956977
vt 0.23825648 0.49959376
vt 0.21371152 0.49950618
vt 0.22184439 0.49951318
vt 0.20514128 0.49948597
vt 0.92800397 0.89026731
vt 0.91229463 0.89023972
vt 0.90427208 0.89022642
vt 0.89599109 0.89021707
vt 0.51093066 0.45978153
vt 0.96146029 0.56020045
vt 0.96150714 0.57270694
vt 0.96095002 0.62776768
vt 0.96129453 0.59817427
vt 0.06829185 0.59653616
vt 0.93461448 0.48463264
vt 0.06808568 0.53473079
vt 0.93579745 0.87402427
vt 0.94359171 0.87407303
vt 0.18882209 0.49935338
vt 0.19670466 0.49942082
vt 0.09445818 0.75566453
vt 0.88015139 0.81423390
vt 0.88806552 0.81418777
vt 0.89594376 0.81406420
vt 0.90376729 0.81396681
vt 0.91089988 0.80539364
vt 0.91101480 0.81398177
vt 0.88826501 0.82279646
vt 0.89578980 0.82241261
vt 0.66958886 0.45388958
vt 0.88536531 0.45403412
vt 0.12739816 0.83289355
vt 0.06783712 0.64062965
vt 0.64838111 0.88221604
vt 0.09623560 0.74777210
vt 0.50328368 0.45981893
vt 0.49560788 0.45988795
vt 0.08547008 0.74773186
vt 0.08442860 0.75556266
vt 0.24619243 0.49956253
vt 0.25408691 0.49950954
vt 0.27119491 0.49937353
vt 0.26225713 0.49942896
vt 0.30111685 0.49942663
vt 0.13514791 0.85867256
vt 0.13470544 0.86696839
vt 0.13574471 0.85012788
vt 0.07452603 0.51574558
vt 0.07431031 0.50757873
vt 0.06784139 0.50767136
vt 0.06778096 0.49968806
vt 0.06790880 0.51585829
vt 0.06799571 0.52497441
vt 0.11952272 0.81616324
vt 0.87246382 0.77192563
vt 0.89616603 0.77162850
vt 0.90388829 0.77141988
vt 0.88858867 0.77125472
vt 0.94368613 0.89028347
vt 0.93618667 0.89028192
vt 0.94372040 0.88212520
vt 0.95204157 0.88218236
vt 0.95197976 0.89026099
vt 0.84546179 0.45336822
vt 0.86602324 0.76095814
vt 0.87808621 0.76049912
vt 0.87191790 0.76412231
vt 0.88763541 0.75569570
vt 0.89603788 0.75715685
vt 0.88763034 0.89021522
vt 0.87927425 0.89021653
vt 0.86324579 0.89020246
vt 0.87101948 0.89021200
vt 0.87089849 0.89517909
vt 0.85648173 0.89505988
vt 0.85530972 0.89019483
vt 0.87909430 0.89524716
vt 0.84712201 0.89019728
vt 0.84364027 0.89501017
vt 0.83266389 0.89018899
vt 0.81860924 0.89020032
vt 0.80468357 0.89024013
vt 0.79048967 0.89024681
vt 0.77232355 0.89026427
vt 0.75532800 0.89026684
vt 0.73934013 0.89024621
vt 0.72239047 0.89033282
vt 0.70931023 0.89037633
vt 0.69289708 0.89037365
vt 0.70095670 0.89504302
vt 0.71351719 0.89503986
vt 0.68463743 0.89503288
vt 0.67422438 0.89028275
vt 0.66796249 0.89497650
vt 0.66432232 0.89036840
vt 0.65641427 0.89038438
vt 0.65518981 0.89493823
vt 0.73767006 0.89504266
vt 0.75772744 0.89506751
vt 0.77935743 0.89504045
vt 0.79946554 0.89497125
vt 0.81520587 0.89494294
vt 0.82680243 0.89495713
vt 0.64847583 0.89041454
vt 0.63848454 0.89479166
vt 0.62699234 0.89050794
vt 0.64053017 0.89044636
vt 0.64045984 0.88226461
vt 0.62450701 0.89460903
vt 0.61623609 0.89049196
vt 0.61641103 0.89448929
vt 0.60803121 0.89050740
vt 0.95193142 0.87412584
vt 0.12671924 0.84177142
vt 0.07502215 0.74745536
vt 0.07528703 0.75446087
vt 0.28013560 0.49936017
vt 0.91078895 0.78794676
vt 0.91726232 0.79676288
vt 0.91081464 0.79672348
vt 0.91704947 0.78820074
vt 0.91780359 0.80533785
vt 0.91769606 0.81409788
vt 0.93203658 0.79692048
vt 0.93212014 0.78805965
vt 0.93210852 0.80571681
vt 0.93216890 0.77932000
vt 0.91660017 0.77915919
vt 0.93240172 0.81453556
vt 0.92466152 0.81430018
vt 0.92396230 0.77101678
vt 0.93307292 0.77086198
vt 0.92508507 0.82283497
vt 0.91802716 0.82254040
vt 0.93281412 0.82314503
vt 0.94050288 0.78815466
vt 0.94028485 0.79700303
vt 0.94979787 0.78807282
vt 0.94958544 0.79694712
vt 0.94021070 0.80584002
vt 0.94948179 0.80587596
vt 0.94066703 0.77945507
vt 0.94995958 0.77940702
vt 0.94997042 0.77150273
vt 0.91670895 0.77114844
vt 0.92399037 0.76302177
vt 0.93277854 0.75796485
vt 0.94962257 0.81502181
vt 0.94036597 0.81476367
vt 0.95828158 0.80596304
vt 0.95849460 0.81510592
vt 0.95828468 0.79710710
vt 0.95838392 0.78832120
vt 0.94219446 0.76080370
vt 0.94957656 0.74770731
vt 0.93878084 0.74714160
vt 0.94960731 0.74017155
vt 0.95844978 0.77972281
vt 0.95844889 0.77194273
vt 0.94965708 0.76218873
vt 0.95834559 0.76386034
vt 0.95813423 0.74810630
vt 0.95813155 0.74017078
vt 0.93218493 0.74790400
vt 0.92425454 0.74788678
vt 0.91654462 0.74788702
vt 0.89619982 0.74825662
vt 0.92407238 0.75526386
vt 0.91716403 0.75569367
vt 0.91682822 0.76321775
vt 0.90319175 0.75732803
vt 0.94071341 0.82341909
vt 0.95003080 0.82375371
vt 0.95887452 0.82376051
vt 0.92543608 0.83114135
vt 0.91829646 0.83093262
vt 0.93320131 0.83128595
vt 0.95050526 0.83142489
vt 0.94115633 0.83134073
vt 0.95914024 0.88204306
vt 0.28788918 0.49935490
vt 0.29456389 0.49937901
vt 0.07424955 0.49960351
vt 0.10329430 0.77163905
vt 0.11253089 0.78902727
vt 0.88740063 0.89528275
vt 0.95814204 0.73272449
vt 0.60826147 0.89439642
vt 0.48866993 0.45998707
vt 0.65480137 0.45399833
vt 0.95919061 0.83126748
vt 0.59983689 0.89055192
vt 0.95888335 0.89007068
vt 0.91107273 0.82236421
vt 0.90364438 0.82232189
vt 0.14303519 0.87492329
vt 0.15130597 0.87489676
vt 0.13428685 0.87500131
vt 0.11931371 0.82433230
vt 0.35137928 0.87425780
vt 0.85326767 0.45334116
vt 0.07037485 0.74738222
vt 0.16470940 0.87489831
vt 0.18215416 0.87496597
vt 0.19139068 0.87499881
vt 0.48151568 0.46012840
vt 0.29546490 0.87444937
vt 0.28784367 0.87448007
vt 0.86175549 0.45339319
vt 0.06800917 0.61283273
vt 0.06791997 0.62210304
vt 0.89224875 0.82726604
vt 0.89742690 0.83341473
vt 0.90332180 0.83898014
vt 0.90340924 0.83109307
vt 0.91109616 0.83077991
vt 0.90854591 0.83671153
vt 0.95080882 0.83902448
vt 0.95923656 0.83872640
vt 0.63243890 0.88232625
vt 0.62426573 0.88238865
vt 0.41546753 0.49134913
vt 0.92719835 0.86544985
vt 0.93535954 0.86546177
vt 0.94334197 0.86548889
vt 0.91915309 0.85645771
vt 0.92670012 0.85639924
vt 0.48139983 0.46921337
vt 0.94162887 0.83910960
vt 0.93357325 0.83917683
vt 0.92575854 0.83920103
vt 0.91849715 0.83960593
vt 0.96065003 0.49852455
vt 0.96118128 0.49383360
vt 0.61845285 0.45435447
vt 0.63512594 0.45421818
vt 0.60457850 0.45437011
vt 0.64614058 0.45411015
vt 0.09305711 0.76369399
vt 0.12603150 0.85046798
vt 0.06787197 0.63167697
vt 0.40729529 0.49119943
vt 0.39807230 0.49017414
vt 0.39016330 0.49124980
vt 0.38114631 0.49135706
vt 0.91190040 0.84112209
vt 0.28015330 0.87438393
vt 0.10244138 0.78008860
vt 0.19996588 0.87507772
vt 0.12550166 0.85902482
vt 0.12522478 0.86723846
vt 0.95102614 0.84762561
vt 0.95910239 0.84724677
vt 0.60007244 0.89436328
vt 0.89575237 0.89531922
vt 0.90406430 0.89536995
vt 0.59177715 0.89061075
vt 0.96110934 0.69311816
vt 0.96085006 0.68486542
vt 0.96069568 0.67558825
vt 0.26854178 0.87445736
vt 0.11883548 0.83316475
vt 0.43923068 0.48552459
vt 0.43099925 0.48548448
vt 0.11212224 0.79820919
vt 0.96092153 0.64544374
vt 0.96079195 0.65744990
vt 0.47352117 0.46958753
vt 0.47306809 0.47891259
vt 0.94194788 0.48454377
vt 0.61599207 0.88243073
vt 0.25214824 0.87467986
vt 0.91920972 0.84728605
vt 0.92631602 0.84965515
vt 0.92605942 0.84518909
vt 0.93428123 0.84811974
vt 0.94208157 0.85760617
vt 0.94222951 0.84762990
vt 0.95163625 0.86549491
vt 0.59600985 0.45441991
vt 0.21623123 0.87507600
vt 0.22428922 0.87505811
vt 0.08437511 0.76367712
vt 0.06793492 0.49254245
vt 0.34296331 0.87589741
vt 0.95966142 0.87293380
vt 0.95796263 0.86520475
vt 0.58890140 0.89438778
vt 0.96181017 0.78594434
vt 0.96177179 0.79707980
vt 0.07090367 0.75120401
vt 0.60777467 0.88245797
vt 0.96138483 0.70159477
vt 0.24022344 0.87483931
vt 0.37245533 0.49139646
vt 0.36426157 0.49142358
vt 0.91215670 0.89540815
vt 0.58369517 0.89069068
vt 0.57539326 0.89457399
vt 0.57528204 0.89081115
vt 0.95139259 0.85935032
vt 0.42307022 0.48538160
vt 0.96182704 0.77237266
vt 0.23149431 0.87581593
vt 0.90230471 0.48011255
vt 0.91006362 0.48295614
vt 0.46464306 0.47927591
vt 0.59968728 0.88248873
vt 0.59176958 0.88253766
vt 0.95653963 0.86003178
vt 0.91770089 0.48298559
vt 0.56718886 0.89473999
vt 0.56701159 0.89166903
vt 0.10795525 0.49137557
vt 0.11581885 0.49121964
vt 0.09929209 0.49167028
vt 0.09064563 0.49208397
vt 0.08241925 0.49242035
vt 0.12418314 0.49114448
vt 0.13358220 0.49110618
vt 0.15117763 0.49104807
vt 0.08272347 0.48835656
vt 0.07419208 0.49234125
vt 0.06788976 0.48873663
vt 0.09106658 0.48784578
vt 0.07432248 0.48827770
vt 0.58774173 0.45449287
vt 0.44784942 0.88294750
vt 0.45563248 0.88292813
vt 0.43659377 0.88315690
vt 0.42437905 0.88299131
vt 0.41634199 0.88301057
vt 0.40413517 0.88274997
vt 0.93809009 0.85241055
vt 0.94268042 0.85358578
vt 0.95123190 0.85502481
vt 0.95868140 0.85649669
vt 0.96184540 0.80576605
vt 0.13805281 0.48664597
vt 0.15370916 0.48663232
vt 0.16035447 0.49101695
vt 0.16718273 0.48647419
vt 0.32707411 0.87695944
vt 0.58381325 0.88259900
vt 0.92838752 0.48287970
vt 0.10173547 0.78937483
vt 0.35600600 0.49142712
vt 0.06527131 0.65429449
vt 0.06519569 0.66403842
vt 0.16785769 0.49095598
vt 0.11884576 0.48670959
vt 0.09971491 0.48732790
vt 0.10840913 0.48693457
vt 0.94201446 0.48283428
vt 0.95022541 0.48446229
vt 0.95033258 0.48279080
vt 0.95870101 0.48449108
vt 0.95866191 0.48279691
vt 0.17492530 0.49086863
vt 0.46351010 0.88291311
vt 0.57551116 0.88266766
vt 0.56722111 0.88272083
vt 0.55925977 0.88273633
vt 0.55138028 0.88274235
vt 0.54063624 0.88278651
vt 0.52773154 0.88279688
vt 0.51654214 0.88279754
vt 0.50383300 0.88287181
vt 0.48836839 0.88299853
vt 0.47966805 0.88290650
vt 0.12424024 0.87581581
vt 0.31865117 0.87742579
vt 0.30362719 0.87820023
vt 0.06572019 0.53763920
vt 0.06612903 0.55656260
vt 0.06618423 0.57071060
vt 0.06540372 0.64044285
vt 0.96160477 0.70984191
vt 0.92018914 0.89541835
vt 0.92806816 0.89533967
vt 0.06540852 0.68290097
vt 0.95885879 0.89455980
vt 0.11160412 0.80739945
vt 0.47160089 0.88290960
vt 0.29528794 0.87843877
vt 0.96171993 0.75678593
vt 0.34784040 0.49142224
vt 0.06553721 0.52521861
vt 0.09137319 0.77219987
vt 0.08523624 0.77256083
vt 0.57864982 0.45457631
vt 0.96210569 0.81520009
vt 0.28765863 0.87846637
vt 0.17440282 0.48630768
vt 0.18173286 0.49076959
vt 0.96240431 0.82350731
vt 0.44769108 0.89076298
vt 0.43703768 0.89073664
vt 0.42432523 0.89068580
vt 0.94350839 0.89506590
vt 0.95179182 0.89487803
vt 0.93599308 0.89519614
vt 0.96212929 0.48469821
vt 0.96218604 0.48281977
vt 0.38441581 0.88327503
vt 0.44443387 0.89442331
vt 0.45836911 0.89444238
vt 0.42803732 0.89427942
vt 0.46270722 0.89078391
vt 0.47135219 0.89078039
vt 0.47671553 0.89442915
vt 0.47951880 0.89082414
vt 0.48771155 0.89092541
vt 0.48778605 0.89452481
vt 0.49555150 0.89172328
vt 0.49550188 0.89466524
vt 0.41161838 0.89070898
vt 0.39600119 0.89066476
vt 0.38387424 0.89049852
vt 0.37527156 0.89040530
vt 0.37582353 0.88320076
vt 0.36729378 0.88329530
vt 0.56559718 0.45472690
vt 0.50738192 0.45524454
vt 0.49512652 0.45543918
vt 0.48830941 0.45566860
vt 0.48131868 0.45604980
vt 0.34014568 0.49147347
vt 0.18143842 0.48610535
vt 0.35971078 0.89031255
vt 0.35107777 0.88341993
vt 0.35136163 0.89028543
vt 0.34275967 0.88352704
vt 0.34308958 0.89026344
vt 0.33464307 0.88361365
vt 0.33500567 0.89024645
vt 0.32661340 0.88367623
vt 0.32398561 0.89027345
vt 0.31087759 0.88377327
vt 0.31122330 0.89035153
vt 0.30299598 0.88387007
vt 0.30343884 0.89045054
vt 0.29526544 0.88397253
vt 0.29567829 0.89057368
vt 0.28791925 0.89069408
vt 0.28757888 0.88408875
vt 0.27979669 0.88422835
vt 0.28001827 0.89081639
vt 0.26195285 0.49142268
vt 0.27983674 0.49140877
vt 0.28764093 0.49151298
vt 0.29450420 0.49159586
vt 0.25363484 0.49153811
vt 0.41534254 0.48523936
vt 0.52364397 0.45519498
vt 0.54965705 0.45493263
vt 0.06565217 0.70008039
vt 0.11716379 0.84284627
vt 0.11817381 0.85063094
vt 0.11937243 0.85927969
vt 0.11985255 0.86745292
vt 0.11987109 0.87366682
vt 0.27995238 0.87840039
vt 0.27184796 0.88434869
vt 0.26654112 0.89097053
vt 0.27203003 0.87844455
vt 0.18941292 0.48607755
vt 0.41313493 0.89417523
vt 0.40019971 0.89410901
vt 0.39183104 0.89397466
vt 0.96178645 0.71768749
vt 0.20533545 0.49088833
vt 0.22158596 0.49109411
vt 0.22940759 0.49127683
vt 0.21382995 0.49097097
vt 0.24572799 0.49157709
vt 0.23769064 0.49147791
vt 0.96188074 0.72528464
vt 0.25647393 0.88457274
vt 0.25593314 0.89106530
vt 0.25998107 0.87863255
vt 0.24796082 0.87888598
vt 0.24807110 0.89111716
vt 0.24789490 0.88471973
vt 0.24079691 0.89105773
vt 0.24057245 0.88587153
vt 0.96168673 0.74555951
vt 0.10097266 0.79879194
vt 0.06534007 0.51609117
vt 0.19679090 0.49078849
vt 0.30126914 0.49162418
vt 0.55428731 0.89070272
vt 0.54341072 0.89071059
vt 0.53124344 0.89070207
vt 0.51313406 0.89073712
vt 0.50386566 0.89083123
vt 0.56408298 0.89472443
vt 0.52974546 0.89488345
vt 0.51428127 0.89446658
vt 0.50487155 0.89472216
vt 0.49806941 0.89469510
vt 0.54781246 0.89487803
vt 0.96183115 0.73280317
vt 0.18323481 0.87973887
vt 0.19153121 0.87972373
vt 0.16759744 0.87967575
vt 0.15149489 0.87985873
vt 0.40726823 0.48502365
vt 0.19972005 0.87964344
vt 0.21604063 0.87945473
vt 0.20780393 0.87955064
vt 0.23999377 0.87902921
vt 0.22599795 0.87933934
vt 0.96176404 0.86934465
vt 0.32502726 0.49154231
vt 0.18953516 0.48983765
vt 0.39842734 0.48516196
vt 0.06547792 0.62678874
vt 0.30866638 0.49162814
vt 0.39434218 0.48700571
vt 0.14252593 0.87996089
vt 0.13386789 0.87982106
vt 0.12656206 0.87961203
vt 0.31659424 0.49158677
vt 0.55724329 0.45458078
vt 0.38984266 0.48695886
vt 0.96215904 0.48818219
vt 0.96078384 0.86471170
vt 0.38412893 0.89376330
vt 0.06567231 0.61317813
vt 0.38090828 0.48677352
vt 0.37504771 0.89349496
vt 0.35874769 0.89327085
vt 0.06599533 0.59915704
vt 0.06611520 0.58668435
vt 0.96176273 0.87477517
vt 0.96175313 0.88175374
vt 0.07256670 0.75654119
vt 0.06515855 0.50832182
vt 0.07377679 0.76313859
vt 0.96242076 0.50120294
vt 0.36386743 0.48692948
vt 0.37214816 0.48650509
vt 0.36402351 0.48629680
vt 0.35585845 0.48598185
vt 0.35574219 0.48678455
vt 0.34781101 0.48558396
vt 0.34760594 0.48658508
vt 0.34024975 0.48506054
vt 0.33990902 0.48633462
vt 0.96221572 0.51679134
vt 0.07841978 0.76322979
vt 0.96269035 0.83089441
vt 0.96232831 0.50803888
vt 0.06491619 0.49999812
vt 0.33364496 0.48378298
vt 0.34349298 0.89313024
vt 0.96148962 0.88998294
vt 0.96123075 0.89436638
vt 0.33116335 0.89304101
vt 0.96216869 0.52569491
vt 0.86406028 0.45223084
vt 0.31518888 0.89306289
vt 0.30395159 0.89324123
vt 0.96287954 0.83823991
vt 0.96307385 0.84660286
vt 0.44771689 0.48073885
vt 0.87439466 0.45253193
vt 0.82300520 0.45129126
vt 0.81343824 0.45119521
vt 0.80537903 0.45128891
vt 0.84035349 0.45183268
vt 0.85335594 0.45193875
vt 0.06487026 0.49283421
vt 0.06524464 0.48942012
vt 0.29411897 0.89347816
vt 0.23748940 0.89018214
vt 0.96221781 0.53392005
vt 0.19355334 0.48730114
vt 0.08785907 0.77697182
vt 0.08673938 0.77698290
vt 0.08856560 0.78411096
vt 0.08617450 0.78424448
vt 0.09035777 0.79358625
vt 0.48040423 0.99766117
vt 0.48055896 0.99501991
vt 0.47604790 0.99505597
vt 0.48632765 0.99729645
vt 0.49001995 0.99505609
vt 0.48759180 0.99900401
vt 0.00299401 0.55962414
vt 0.00099800 0.56474102
vt 0.00099800 0.55278885
vt 0.05269018 0.48383448
vt 0.05289421 0.49237633
vt 0.05281677 0.48205313
vt 0.05273397 0.49190578
vt 0.05203301 0.50421339
vt 0.04780959 0.47653228
vt 0.04532162 0.48566496
vt 0.05231720 0.47613701
vt 0.05203301 0.46852714
vt 0.04488613 0.46696502
vt 0.05188135 0.46359187
vt 0.04724741 0.49176547
vt 0.05001051 0.50044578
vt 0.04866248 0.46344540
vt 0.04134123 0.46910566
vt 0.04171506 0.47682476
vt 0.04205044 0.48460117
vt 0.04090972 0.46134761
vt 0.04213652 0.49250251
vt 0.03570716 0.49267250
vt 0.03563302 0.48474449
vt 0.03581470 0.50007278
vt 0.03555908 0.47631249
vt 0.04164178 0.50684327
vt 0.03545840 0.46115538
vt 0.03594373 0.50684994
vt 0.04149257 0.51388818
vt 0.03607486 0.51372659
vt 0.03613580 0.52155852
vt 0.04144648 0.52177143
vt 0.04152114 0.53086001
vt 0.03592346 0.53952807
vt 0.04166181 0.53994018
vt 0.04183897 0.54822195
vt 0.03562668 0.54788780
vt 0.04189217 0.55627495
vt 0.03540980 0.55583870
vt 0.03532724 0.56392843
vt 0.04159167 0.56447393
vt 0.04107672 0.57288504
vt 0.03536032 0.57227433
vt 0.03540804 0.58016199
vt 0.04067873 0.58067459
vt 0.03533436 0.58798754
vt 0.04069911 0.58862573
vt 0.04038403 0.59664744
vt 0.03514842 0.59656060
vt 0.03999449 0.60545594
vt 0.03493014 0.60518754
vt 0.03974600 0.60968167
vt 0.03563876 0.61254978
vt 0.04133002 0.57794261
vt 0.04266537 0.56445652
vt 0.04313139 0.55626017
vt 0.04298398 0.54818243
vt 0.04249442 0.53480428
vt 0.04238277 0.52159303
vt 0.04366674 0.49215826
vt 0.04272583 0.51102883
vt 0.15876557 0.95904058
vt 0.16037323 0.95545614
vt 0.16459019 0.95522749
vt 0.15265481 0.95575285
vt 0.15276693 0.95982385
vt 0.14466651 0.95566988
vt 0.14467184 0.96007442
vt 0.13626540 0.96039665
vt 0.13428091 0.95570028
vt 0.12816872 0.96019542
vt 0.11979481 0.95991534
vt 0.12073695 0.95481348
vt 0.11287039 0.95385647
vt 0.11137961 0.96043700
vt 0.10514976 0.95368415
vt 0.10340074 0.95884180
vt 0.09438222 0.95799297
vt 0.09589927 0.95313960
vt 0.08849327 0.95466036
vt 0.08899401 0.95267296
vt 0.08550372 0.95676869
vt 0.09074499 0.96043897
vt 0.09624474 0.96240062
vt 0.08447541 0.96567291
vt 0.10206186 0.96332532
vt 0.07786526 0.95476794
vt 0.07659591 0.96407604
vt 0.10765292 0.96397203
vt 0.11307291 0.96431327
vt 0.09272635 0.96638727
vt 0.11884695 0.96498424
vt 0.08324382 0.97506446
vt 0.07476556 0.97448879
vt 0.10097697 0.96968472
vt 0.09132719 0.97628033
vt 0.07280488 0.95595282
vt 0.07591124 0.95119524
vt 0.07654300 0.97895944
vt 0.10885393 0.97072113
vt 0.08263376 0.98013854
vt 0.09074511 0.98114461
vt 0.07119101 0.97841108
vt 0.07353251 0.98290980
vt 0.09945267 0.98160642
vt 0.12773009 0.96729964
vt 0.10451078 0.97760612
vt 0.10724869 0.98212928
vt 0.11016242 0.97822034
vt 0.11723645 0.97844857
vt 0.11634836 0.98588061
vt 0.12675349 0.97752118
vt 0.12491141 0.98817170
vt 0.13287535 0.99006563
vt 0.11811972 0.97038025
vt 0.13441651 0.98102641
vt 0.14140463 0.99195486
vt 0.12474624 0.97068626
vt 0.13058347 0.97176528
vt 0.14311755 0.98394281
vt 0.13560742 0.97213382
vt 0.14587335 0.97120857
vt 0.15432002 0.97520137
vt 0.15195233 0.98675567
vt 0.16081205 0.98945653
vt 0.15054709 0.96500415
vt 0.07057118 0.96222407
vt 0.13575336 0.96615934
vt 0.15532187 0.96662056
vt 0.16321711 0.97870392
vt 0.16426203 0.96931058
vt 0.17367110 0.97174299
vt 0.17209262 0.98186475
vt 0.18263473 0.97281945
vt 0.18031816 0.96706456
vt 0.06932360 0.98435307
vt 0.07115072 0.95371741
vt 0.14566372 0.96468347
vt 0.17326395 0.96517640
vt 0.06630112 0.96090424
vt 0.06743570 0.95389169
vt 0.06395437 0.96026105
vt 0.06314839 0.96949583
vt 0.06045044 0.97170854
vt 0.06030191 0.97844946
vt 0.05753087 0.98691493
vt 0.05489022 0.99195486
vt 0.05490265 0.99501991
vt 0.38190892 0.29174659
vt 0.39318156 0.28937510
vt 0.38593131 0.29775521
vt 0.40134701 0.29732496
vt 0.40033376 0.30630034
vt 0.40088823 0.31771919
vt 0.40072489 0.33199629
vt 0.38460568 0.33268130
vt 0.41008851 0.33032793
vt 0.40113419 0.28975290
vt 0.39270055 0.33850366
vt 0.40149981 0.35259008
vt 0.39323774 0.35133266
vt 0.38512787 0.35121357
vt 0.37261644 0.34636655
vt 0.37294820 0.35411164
vt 0.36617965 0.33835801
vt 0.37618798 0.32567734
vt 0.35374561 0.34721529
vt 0.36837992 0.32568872
vt 0.35614958 0.32024705
vt 0.37660074 0.30916408
vt 0.41052267 0.31686702
vt 0.41962576 0.33183521
vt 0.41022760 0.35121274
vt 0.41877508 0.32201666
vt 0.41808438 0.31368902
vt 0.41693890 0.30317643
vt 0.42485565 0.31385645
vt 0.39079139 0.36494058
vt 0.35676217 0.35440385
vt 0.36168075 0.36583814
vt 0.37326285 0.36170390
vt 0.39253297 0.28104618
vt 0.38412970 0.28086802
vt 0.37660652 0.28868294
vt 0.36902410 0.29691929
vt 0.37575889 0.27663144
vt 0.38403022 0.26689076
vt 0.36729619 0.26532435
vt 0.36751705 0.27374062
vt 0.38372046 0.25634694
vt 0.36724627 0.25479928
vt 0.39976519 0.25152960
vt 0.38254756 0.23931178
vt 0.36699873 0.23598315
vt 0.38170469 0.23407437
vt 0.38944474 0.23298629
vt 0.35092944 0.27548108
vt 0.35042992 0.24871990
vt 0.39914221 0.23658796
vt 0.36278939 0.22045301
vt 0.34934092 0.21870980
vt 0.34173119 0.23374693
vt 0.34194627 0.24660790
vt 0.35941696 0.28250176
vt 0.35842383 0.20574640
vt 0.34934974 0.21005319
vt 0.40042365 0.26369670
vt 0.40763941 0.25118044
vt 0.36845765 0.28744850
vt 0.34836423 0.19836217
vt 0.35985944 0.28995067
vt 0.41408846 0.25892541
vt 0.34985656 0.26200879
vt 0.36689344 0.19452316
vt 0.35832980 0.18684456
vt 0.35316613 0.18241632
vt 0.36792368 0.18574095
vt 0.35818735 0.17928468
vt 0.37790644 0.19062439
vt 0.34039947 0.18987134
vt 0.34063837 0.20223802
vt 0.33548534 0.19471574
vt 0.33574408 0.20259367
vt 0.33605161 0.21901013
vt 0.33509925 0.18767016
vt 0.33041617 0.18773779
vt 0.33078799 0.19495116
vt 0.32095283 0.19540429
vt 0.32080790 0.18799433
vt 0.30988219 0.19624382
vt 0.32058880 0.17991593
vt 0.31168121 0.18742195
vt 0.38137475 0.22781663
vt 0.38985422 0.21756715
vt 0.38174349 0.21298064
vt 0.38997811 0.20078754
vt 0.38206279 0.19173115
vt 0.38945821 0.19345769
vt 0.38604265 0.19025093
vt 0.38213998 0.18532842
vt 0.39863220 0.19592583
vt 0.35206971 0.33052212
vt 0.33094695 0.20308229
vt 0.35232973 0.17591803
vt 0.33788726 0.34560478
vt 0.34105504 0.21905947
vt 0.33618665 0.22743650
vt 0.33901983 0.36819175
vt 0.41976294 0.24348275
vt 0.36691549 0.20573154
vt 0.35084596 0.28369561
vt 0.32636622 0.35966396
vt 0.32939318 0.34226424
vt 0.40989000 0.30325812
vt 0.31753728 0.35622978
vt 0.30129361 0.34617203
vt 0.29360867 0.35476702
vt 0.29414803 0.36862579
vt 0.33138999 0.33513236
vt 0.30894217 0.33791810
vt 0.32075018 0.32105979
vt 0.29914472 0.32944795
vt 0.28747860 0.33809030
vt 0.28077507 0.32172847
vt 0.26550165 0.33680451
vt 0.26720142 0.31981480
vt 0.28349301 0.31326151
vt 0.26134479 0.31400123
vt 0.24554594 0.32223856
vt 0.24784741 0.31427005
vt 0.25058699 0.29935914
vt 0.24236135 0.30012441
vt 0.23286623 0.31439650
vt 0.24111125 0.29199147
vt 0.25448659 0.33065027
vt 0.22608253 0.30758059
vt 0.25700998 0.29888707
vt 0.24921261 0.29219726
vt 0.23392548 0.32258296
vt 0.22956289 0.29164070
vt 0.21664879 0.31847334
vt 0.21057951 0.30832690
vt 0.20935546 0.31877801
vt 0.20088379 0.31514588
vt 0.20980605 0.33257812
vt 0.20417638 0.30046964
vt 0.21760404 0.33092472
vt 0.19585595 0.31133923
vt 0.19555618 0.29507631
vt 0.19070570 0.30054438
vt 0.20159975 0.29176465
vt 0.20965126 0.29313681
vt 0.20908269 0.28337449
vt 0.22614449 0.28461599
vt 0.21663694 0.26668194
vt 0.22483942 0.24816692
vt 0.21638624 0.24839696
vt 0.22467883 0.23183624
vt 0.23349980 0.27319777
vt 0.23250259 0.23823075
vt 0.24056117 0.24852522
vt 0.24073009 0.23058090
vt 0.25157535 0.24643312
vt 0.25187618 0.25878251
vt 0.26342824 0.25827318
vt 0.26307026 0.24599116
vt 0.26225674 0.22564809
vt 0.26443702 0.27637285
vt 0.28195894 0.26651129
vt 0.29242986 0.27561492
vt 0.30236080 0.26626238
vt 0.32000232 0.27557716
vt 0.32481101 0.26676556
vt 0.24987277 0.27650669
vt 0.29009518 0.25340015
vt 0.33641517 0.27558452
vt 0.31038496 0.25361040
vt 0.29841775 0.24356675
vt 0.30852145 0.23804961
vt 0.28783169 0.23315550
vt 0.27540943 0.24564442
vt 0.29615623 0.22445063
vt 0.30844125 0.22796568
vt 0.32112306 0.23368353
vt 0.28733543 0.21683966
vt 0.27467257 0.21695940
vt 0.27451593 0.20219356
vt 0.28714725 0.19998495
vt 0.28848878 0.18821464
vt 0.32053986 0.25407597
vt 0.27275062 0.18447220
vt 0.26009685 0.18993337
vt 0.26187658 0.17661206
vt 0.24601784 0.18575002
vt 0.25463888 0.22753948
vt 0.25395232 0.20816626
vt 0.27521089 0.23169686
vt 0.29572099 0.20828739
vt 0.21622473 0.23190573
vt 0.22358471 0.21146065
vt 0.21637256 0.20947392
vt 0.20748149 0.23306772
vt 0.24974890 0.17280602
vt 0.26446384 0.16010635
vt 0.23906298 0.18552576
vt 0.23913948 0.19962209
vt 0.23174931 0.20177072
vt 0.23103097 0.18283758
vt 0.22437976 0.19980364
vt 0.22866879 0.17247204
vt 0.22156781 0.18582556
vt 0.25140184 0.16142429
vt 0.26121476 0.15616541
vt 0.23835486 0.15695629
vt 0.25235805 0.14776315
vt 0.23837940 0.16303162
vt 0.22814441 0.14909714
vt 0.24238366 0.13626409
vt 0.25810683 0.11974622
vt 0.23993355 0.11672934
vt 0.22595641 0.13076253
vt 0.21434747 0.14343841
vt 0.22939695 0.11161290
vt 0.22139147 0.12040114
vt 0.22097929 0.10755798
vt 0.21358268 0.10059726
vt 0.26607576 0.13425325
vt 0.27349350 0.11533508
vt 0.28505981 0.11974683
vt 0.28405428 0.10329031
vt 0.28156987 0.13623112
vt 0.29606161 0.12212002
vt 0.30253452 0.11363924
vt 0.26150477 0.10265405
vt 0.29400620 0.10221463
vt 0.30655566 0.10228621
vt 0.30350682 0.12982483
vt 0.29834777 0.13967459
vt 0.31528082 0.13916795
vt 0.30332002 0.14619815
vt 0.33533245 0.14650926
vt 0.28928918 0.08582855
vt 0.32407039 0.11788928
vt 0.32746252 0.10636716
vt 0.32296833 0.09400851
vt 0.24993040 0.10709489
vt 0.23735948 0.09512775
vt 0.33225217 0.15162186
vt 0.31016856 0.08396558
vt 0.30218589 0.15243924
vt 0.32681671 0.15603155
vt 0.30441478 0.15687478
vt 0.33446154 0.15694271
vt 0.32806233 0.16346090
vt 0.22342275 0.17264642
vt 0.30403566 0.21016076
vt 0.21521340 0.18206885
vt 0.21411252 0.16967000
vt 0.20460190 0.18298848
vt 0.20673603 0.16886307
vt 0.19856936 0.16512129
vt 0.18709517 0.17245241
vt 0.19089328 0.18115459
vt 0.19903205 0.18800309
vt 0.20754911 0.19791512
vt 0.17733410 0.17978774
vt 0.18161365 0.16382973
vt 0.18885911 0.15648255
vt 0.18315051 0.15570343
vt 0.17538647 0.15610702
vt 0.18568084 0.15187639
vt 0.18949179 0.14934361
vt 0.19793314 0.19753641
vt 0.16627879 0.15723805
vt 0.16365141 0.15385559
vt 0.17580311 0.15089990
vt 0.16609614 0.15118279
vt 0.17598538 0.14441083
vt 0.20786732 0.21157530
vt 0.25264838 0.18878150
vt 0.25360250 0.09474172
vt 0.26071820 0.08658310
vt 0.24747819 0.08076101
vt 0.23319077 0.07929339
vt 0.22201510 0.08669861
vt 0.26899138 0.09029699
vt 0.26905033 0.07891995
vt 0.28113231 0.07748444
vt 0.27731416 0.06435104
vt 0.26537165 0.06434222
vt 0.21719548 0.07596894
vt 0.22908057 0.06397236
vt 0.20625547 0.06727711
vt 0.28108320 0.05259787
vt 0.26524395 0.05256004
vt 0.24133813 0.06501023
vt 0.20732446 0.06146031
vt 0.26171649 0.20850752
vt 0.20855731 0.25472027
vt 0.19979399 0.23619419
vt 0.30357897 0.28510034
vt 0.19945572 0.21241482
vt 0.31527621 0.16356520
vt 0.19081679 0.19575639
vt 0.27588925 0.04425904
vt 0.25189677 0.04695417
vt 0.27046666 0.03588536
vt 0.28814560 0.03575813
vt 0.27819198 0.02702816
vt 0.24782854 0.02752033
vt 0.27823198 0.01783302
vt 0.26923808 0.00901705
vt 0.24280725 0.00929519
vt 0.21638216 0.02814758
vt 0.24280614 0.00450147
vt 0.29571202 0.01762690
vt 0.30164263 0.02678189
vt 0.30967671 0.03108119
vt 0.24611090 0.03618229
vt 0.28836957 0.00883033
vt 0.31140944 0.01737753
vt 0.22182795 0.33883646
vt 0.21797603 0.36052310
vt 0.21071960 0.37888134
vt 0.20249914 0.36053348
vt 0.20211269 0.34351546
vt 0.21898422 0.38826624
vt 0.21103624 0.38970622
vt 0.19306840 0.34158328
vt 0.19364633 0.36233816
vt 0.19250681 0.32668683
vt 0.18418059 0.35234183
vt 0.18370828 0.32668477
vt 0.22998470 0.36267266
vt 0.20568930 0.39780149
vt 0.18398421 0.33967876
vt 0.23052895 0.38841090
vt 0.23874524 0.36899346
vt 0.24288684 0.35181397
vt 0.23818602 0.33940363
vt 0.25270042 0.35248640
vt 0.24961650 0.38870671
vt 0.23736596 0.39624906
vt 0.25730056 0.39574766
vt 0.23958562 0.40370718
vt 0.26893118 0.38920107
vt 0.27363545 0.39599645
vt 0.26699090 0.36843145
vt 0.27019531 0.40145674
vt 0.27867362 0.40798023
vt 0.26619455 0.40854260
vt 0.27405322 0.41405419
vt 0.25972453 0.41391113
vt 0.26743647 0.42283353
vt 0.25968537 0.42297557
vt 0.26417536 0.43140602
vt 0.27838799 0.43123570
vt 0.25185835 0.43169186
vt 0.27872908 0.39031902
vt 0.24392420 0.42332205
vt 0.24333279 0.43192884
vt 0.23471515 0.43215942
vt 0.28848568 0.41360107
vt 0.25353029 0.40560445
vt 0.30366898 0.40827382
vt 0.29530412 0.40333337
vt 0.31092116 0.40310854
vt 0.32606477 0.40960184
vt 0.32201129 0.41492161
vt 0.33056799 0.41485599
vt 0.32226875 0.42195219
vt 0.31429598 0.42204490
vt 0.32236496 0.43020973
vt 0.31151375 0.43047220
vt 0.33128473 0.42911088
vt 0.22600920 0.42363426
vt 0.23495577 0.41388524
vt 0.22268184 0.41407919
vt 0.21808989 0.42376551
vt 0.21022034 0.42387679
vt 0.21812099 0.43237162
vt 0.21023011 0.43239421
vt 0.20738211 0.41445854
vt 0.20229626 0.43243837
vt 0.30672929 0.41403192
vt 0.19652879 0.42404434
vt 0.32664210 0.40275523
vt 0.32319477 0.39483246
vt 0.34094381 0.39411879
vt 0.34180370 0.39835235
vt 0.35484836 0.41131547
vt 0.33189985 0.38670373
vt 0.18474999 0.38231480
vt 0.17530081 0.36968297
vt 0.30637148 0.42216361
vt 0.27563328 0.25792783
vt 0.32913300 0.25194493
vt 0.32973996 0.23874895
vt 0.33057016 0.22776474
vt 0.32120454 0.21864983
vt 0.18357365 0.31520513
vt 0.32965311 0.28486064
vt 0.28086725 0.17189461
vt 0.25746176 0.37077105
vt 0.34622619 0.10501370
vt 0.15863663 0.14909963
vt 0.32696089 0.13436456
vt 0.30181316 0.39501968
vt 0.19292283 0.31512508
vt 0.24051347 0.27650037
vt 0.27511075 0.42270884
vt 0.27325827 0.09853267
vt 0.35225639 0.38575852
vt 0.34604973 0.37429884
vt 0.36088032 0.38521355
vt 0.33616498 0.26040277
vt 0.21355960 0.12077902
vt 0.20592251 0.10582889
vt 0.20714131 0.09048633
vt 0.19806413 0.09757181
vt 0.20525007 0.08352274
vt 0.19734429 0.12599947
vt 0.19741203 0.08338443
vt 0.19365212 0.08779406
vt 0.19279264 0.09973194
vt 0.19290294 0.11815986
vt 0.26992851 0.14754486
vt 0.32745826 0.01705414
vt 0.33361578 0.02630450
vt 0.34370506 0.01664554
vt 0.35215512 0.02573369
vt 0.34416863 0.03499354
vt 0.15885818 0.16523677
vt 0.20258786 0.38193479
vt 0.20631409 0.13837691
vt 0.18756190 0.09165648
vt 0.18817583 0.08361866
vt 0.17917253 0.09153466
vt 0.17971215 0.10023415
vt 0.17894690 0.08410444
vt 0.17316537 0.09232509
vt 0.29889989 0.41377449
vt 0.21069191 0.15719627
vt 0.21194161 0.30063835
vt 0.20157358 0.32322511
vt 0.22492690 0.09924282
vt 0.16635831 0.14432357
vt 0.16652028 0.13683672
vt 0.17602767 0.13695654
vt 0.18307826 0.14430244
vt 0.18258192 0.13688987
vt 0.17578852 0.12838344
vt 0.15760019 0.13059765
vt 0.21898282 0.39695096
vt 0.19378917 0.38174909
vt 0.21406671 0.08680876
vt 0.28961605 0.06414583
vt 0.30370456 0.06931847
vt 0.29700214 0.05240068
vt 0.31319225 0.05207273
vt 0.31298009 0.06886686
vt 0.32947427 0.05564351
vt 0.33813351 0.06688073
vt 0.32849520 0.04383663
vt 0.32434347 0.07543329
vt 0.34461543 0.04345851
vt 0.34033698 0.07454687
vt 0.31243670 0.04404081
vt 0.36484936 0.06265216
vt 0.35724226 0.05492278
vt 0.36503303 0.04661947
vt 0.37726799 0.04815108
vt 0.37925634 0.03133937
vt 0.36883152 0.03379389
vt 0.36496145 0.07672635
vt 0.34049141 0.08219331
vt 0.35403782 0.09004854
vt 0.36571449 0.09403376
vt 0.35803449 0.10802991
vt 0.36585516 0.11007125
vt 0.37382174 0.09207037
vt 0.37353200 0.07654084
vt 0.37391728 0.12559445
vt 0.38207597 0.07885443
vt 0.38936681 0.08744525
vt 0.38833916 0.03248410
vt 0.38947314 0.04961281
vt 0.38165194 0.05839709
vt 0.39021990 0.05791635
vt 0.40222460 0.03283254
vt 0.40031534 0.04947559
vt 0.41676864 0.05002043
vt 0.42429909 0.03706263
vt 0.43296093 0.04966371
vt 0.42371976 0.05912974
vt 0.42374635 0.02370285
vt 0.40771726 0.02388131
vt 0.43620136 0.00596028
vt 0.44301921 0.05795005
vt 0.44835320 0.04964625
vt 0.45250764 0.05788461
vt 0.46411157 0.04932007
vt 0.43658322 0.07036192
vt 0.43062168 0.07502664
vt 0.42160603 0.07421587
vt 0.41261715 0.06708010
vt 0.44724759 0.02343658
vt 0.45807600 0.00571936
vt 0.40637645 0.00684006
vt 0.40671903 0.00220278
vt 0.45244297 0.06626698
vt 0.40146971 0.06840248
vt 0.43736473 0.00166226
vt 0.43988287 0.03692408
vt 0.43901581 0.08199935
vt 0.44487226 0.08234560
vt 0.43957371 0.08962705
vt 0.43272495 0.08921327
vt 0.43325526 0.09803387
vt 0.43968400 0.09822527
vt 0.44488072 0.10685197
vt 0.46451509 0.05748695
vt 0.40587714 0.08397714
vt 0.45554292 0.03661358
vt 0.45659456 0.00115464
vt 0.47407007 0.01508194
vt 0.46321845 0.01409091
vt 0.44466439 0.07233619
vt 0.40724438 0.05825756
vt 0.44526875 0.09120706
vt 0.23754549 0.17016946
vt 0.19239736 0.29291978
vt 0.23252673 0.22315779
vt 0.36112469 0.39338502
vt 0.22552285 0.33090758
vt 0.17101425 0.17240727
vt 0.34222674 0.15479924
vt 0.34387606 0.41383651
vt 0.39107907 0.00668910
vt 0.39378050 0.00221172
vt 0.37639898 0.00221646
vt 0.36705074 0.00733405
vt 0.36519027 0.00234060
vt 0.35400411 0.00257428
vt 0.37715808 0.01536172
vt 0.37354821 0.06679661
vt 0.17745459 0.38281175
vt 0.17806618 0.39102635
vt 0.18558840 0.39853245
vt 0.17858253 0.39878213
vt 0.17940158 0.40614420
vt 0.19404839 0.40612096
vt 0.18378261 0.41526654
vt 0.17236140 0.39898050
vt 0.17249106 0.38314864
vt 0.42180941 0.08136947
vt 0.20233437 0.07206219
vt 0.29639632 0.04427845
vt 0.34533060 0.05528296
vt 0.22700967 0.43332663
vt 0.30193222 0.32115409
vt 0.30406460 0.31272307
vt 0.19154656 0.08070122
vt 0.22363311 0.01886048
vt 0.32963666 0.32044595
vt 0.46091405 0.06567075
vt 0.47218671 0.06427184
vt 0.46123010 0.07398859
vt 0.29825142 0.07502986
vt 0.34832975 0.12224239
vt 0.33724308 0.28470823
vt 0.18658267 0.14402743
vt 0.30411020 0.30494687
vt 0.31766221 0.30387279
vt 0.30275017 0.29823905
vt 0.28611392 0.29858828
vt 0.30310097 0.29235280
vt 0.28398371 0.00393236
vt 0.24708761 0.21398178
vt 0.27711195 0.36598271
vt 0.33005396 0.09001491
vt 0.43345124 0.10715213
vt 0.43927729 0.11526845
vt 0.44473794 0.11459152
vt 0.43337446 0.11551272
vt 0.42355749 0.11561728
vt 0.42224500 0.12657800
vt 0.41276190 0.11409412
vt 0.40352464 0.10848685
vt 0.40457442 0.12287287
vt 0.41197059 0.09810004
vt 0.41421801 0.13537973
vt 0.42397508 0.12995104
vt 0.42368165 0.15363401
vt 0.43211076 0.13063066
vt 0.43761995 0.15046009
vt 0.43853876 0.12931444
vt 0.44514319 0.14171243
vt 0.44530785 0.15686761
vt 0.43712801 0.17586111
vt 0.45389786 0.15991069
vt 0.45363665 0.12529644
vt 0.46248960 0.14009616
vt 0.46201876 0.12048081
vt 0.47021315 0.13391595
vt 0.44489348 0.12768263
vt 0.47477248 0.11761861
vt 0.42967859 0.16477855
vt 0.46277115 0.15624443
vt 0.47097191 0.17138273
vt 0.46246397 0.09907064
vt 0.44622678 0.17716360
vt 0.47842193 0.14768347
vt 0.47892225 0.17215742
vt 0.49017155 0.15141074
vt 0.49244064 0.16563338
vt 0.48716921 0.18874243
vt 0.49499714 0.18568920
vt 0.49945253 0.20489502
vt 0.49356961 0.21889810
vt 0.47406849 0.21787277
vt 0.47958413 0.23535916
vt 0.50430161 0.19779536
vt 0.50290138 0.18367556
vt 0.46169886 0.24328646
vt 0.51431566 0.18325517
vt 0.51698244 0.19003904
vt 0.52317005 0.19872014
vt 0.51145440 0.17510431
vt 0.53371966 0.19049695
vt 0.53955275 0.20128106
vt 0.55615789 0.19007707
vt 0.53442937 0.20715831
vt 0.55481207 0.19832768
vt 0.56702411 0.18991551
vt 0.53551072 0.21719061
vt 0.54399490 0.21684167
vt 0.53578955 0.24018532
vt 0.51812762 0.17393443
vt 0.52377307 0.23444530
vt 0.50898790 0.23630387
vt 0.52266842 0.25761071
vt 0.54098547 0.25358132
vt 0.52268642 0.27005717
vt 0.54028791 0.26222235
vt 0.55604911 0.25390860
vt 0.51134413 0.27039507
vt 0.51298684 0.28572801
vt 0.55588609 0.23992078
vt 0.54714435 0.18208618
vt 0.53478700 0.17882669
vt 0.54322779 0.17109881
vt 0.53042710 0.16755608
vt 0.54375583 0.15555860
vt 0.53052485 0.15575553
vt 0.51804912 0.15564710
vt 0.52097005 0.28681457
vt 0.50599140 0.15537918
vt 0.55577838 0.17475753
vt 0.55750734 0.26207891
vt 0.55434060 0.27015007
vt 0.57251251 0.25578344
vt 0.56807971 0.26622018
vt 0.53006560 0.27432671
vt 0.54056191 0.27921259
vt 0.47927245 0.19004597
vt 0.46759433 0.19806165
vt 0.46034303 0.21379997
vt 0.45076227 0.21009569
vt 0.44956633 0.22862025
vt 0.45209131 0.20029958
vt 0.44065455 0.20006609
vt 0.44134927 0.22079720
vt 0.44576395 0.19333880
vt 0.42834473 0.19989347
vt 0.42889351 0.19190557
vt 0.42975259 0.18503135
vt 0.40721190 0.20166156
vt 0.40742737 0.22146739
vt 0.40959170 0.19174550
vt 0.46348700 0.18882000
vt 0.42871112 0.21261913
vt 0.46064994 0.22800241
vt 0.41432866 0.18431360
vt 0.50827730 0.25793493
vt 0.56595993 0.18340011
vt 0.48879585 0.24473162
vt 0.46858889 0.25908044
vt 0.48005962 0.25930086
vt 0.46420696 0.27176300
vt 0.48061785 0.27716288
vt 0.45311511 0.25863603
vt 0.44663665 0.27140230
vt 0.46604800 0.27946335
vt 0.47541121 0.29051647
vt 0.49275076 0.27917978
vt 0.46570101 0.29328972
vt 0.45718658 0.28807074
vt 0.43693882 0.26254496
vt 0.42706364 0.27096143
vt 0.42690513 0.28062433
vt 0.43693998 0.25434738
vt 0.44822764 0.28853741
vt 0.55645758 0.27895105
vt 0.41304022 0.27159050
vt 0.45731151 0.29616663
vt 0.53957307 0.13950454
vt 0.55250233 0.13291116
vt 0.55246466 0.15523599
vt 0.54337811 0.12099852
vt 0.52655816 0.18289651
vt 0.48603877 0.13161744
vt 0.49371138 0.12272969
vt 0.47420239 0.31369796
vt 0.48181620 0.30126178
vt 0.48366055 0.33234704
vt 0.49023983 0.31505731
vt 0.49365148 0.29894665
vt 0.49808049 0.32095245
vt 0.50464213 0.29629454
vt 0.51001358 0.31484616
vt 0.50540698 0.33296937
vt 0.51443416 0.33099541
vt 0.52240264 0.31673560
vt 0.52206409 0.35678357
vt 0.53050113 0.32052219
vt 0.53053761 0.34168956
vt 0.53007197 0.35767615
vt 0.53868002 0.33035362
vt 0.52226704 0.37523910
vt 0.51381427 0.36744595
vt 0.51476580 0.37515858
vt 0.49937633 0.38288245
vt 0.49843159 0.36306080
vt 0.49109587 0.38328215
vt 0.49073741 0.36304030
vt 0.49453303 0.35146928
vt 0.48341724 0.38342071
vt 0.47903556 0.39142829
vt 0.50721866 0.35398361
vt 0.49410316 0.39086756
vt 0.51457900 0.34972325
vt 0.48210421 0.35084963
vt 0.47528490 0.36513087
vt 0.46211383 0.36022347
vt 0.45863044 0.34661737
vt 0.46739754 0.37171322
vt 0.48099360 0.34388155
vt 0.44755518 0.36008742
vt 0.44911069 0.36732766
vt 0.43310416 0.36721766
vt 0.43273634 0.35990974
vt 0.43213639 0.35122088
vt 0.43353659 0.37563285
vt 0.45891598 0.33565089
vt 0.44707927 0.37545273
vt 0.44175225 0.39194655
vt 0.45049363 0.38404906
vt 0.45058545 0.39235505
vt 0.44117671 0.34910789
vt 0.44094759 0.33278227
vt 0.43179607 0.33825547
vt 0.42716214 0.34704915
vt 0.43190491 0.32421249
vt 0.44088516 0.32218921
vt 0.43280593 0.30941010
vt 0.42775887 0.36737338
vt 0.45913792 0.38385129
vt 0.45990041 0.39876780
vt 0.45066643 0.40121850
vt 0.45087078 0.41093087
vt 0.45940661 0.41063255
vt 0.45950973 0.41976604
vt 0.45121825 0.41993731
vt 0.44319189 0.42010361
vt 0.44356322 0.42810819
vt 0.45158938 0.42796084
vt 0.43508360 0.42023897
vt 0.43542248 0.42826316
vt 0.42748174 0.42840469
vt 0.44955194 0.34699091
vt 0.45974132 0.42782280
vt 0.53067529 0.37032127
vt 0.43406075 0.38419297
vt 0.43628567 0.39700130
vt 0.42579702 0.38476685
vt 0.42711896 0.39996389
vt 0.43485484 0.41130242
vt 0.42681673 0.41141301
vt 0.41112748 0.41179594
vt 0.41110998 0.38061067
vt 0.46797642 0.40042067
vt 0.46789542 0.41039741
vt 0.47586972 0.40018347
vt 0.53693199 0.34791538
vt 0.47557700 0.38359642
vt 0.45905602 0.37541682
vt 0.52286279 0.38367048
vt 0.51788956 0.30257758
vt 0.49361047 0.34359434
vt 0.54601008 0.31672016
vt 0.54781979 0.32615393
vt 0.55690670 0.32635865
vt 0.55430740 0.31190452
vt 0.56182230 0.31826717
vt 0.46646312 0.31619197
vt 0.46307439 0.32851869
vt 0.54435736 0.30437157
vt 0.56422198 0.15491158
vt 0.56013292 0.16298831
vt 0.57197505 0.16700515
vt 0.57157528 0.15279163
vt 0.58377880 0.16287379
vt 0.58271414 0.15049654
vt 0.57501018 0.13761902
vt 0.58204472 0.13862742
vt 0.56771016 0.13551798
vt 0.59088832 0.15246660
vt 0.59042525 0.14067841
vt 0.56757581 0.12043805
vt 0.59186906 0.16846088
vt 0.58419031 0.17871022
vt 0.58239132 0.11780053
vt 0.59933901 0.16733621
vt 0.49211892 0.25924730
vt 0.56404161 0.30895698
vt 0.56082755 0.30167165
vt 0.57658774 0.30222204
vt 0.57734478 0.32268125
vt 0.58676130 0.31213534
vt 0.58494025 0.29416689
vt 0.59738809 0.29947403
vt 0.59531158 0.29221883
vt 0.58700269 0.28571486
vt 0.59353471 0.28220001
vt 0.59477872 0.31305099
vt 0.60394132 0.30566409
vt 0.60214746 0.31522217
vt 0.61265963 0.31418166
vt 0.61687750 0.30582845
vt 0.60720152 0.32396227
vt 0.57396305 0.28433529
vt 0.57756823 0.27858061
vt 0.61772102 0.32339287
vt 0.59469825 0.34871310
vt 0.61781722 0.34530991
vt 0.59516197 0.33741879
vt 0.62561864 0.32333910
vt 0.61055368 0.29828888
vt 0.59360725 0.32526049
vt 0.57420146 0.29374287
vt 0.62545496 0.34508362
vt 0.64026797 0.32258782
vt 0.63579607 0.34280083
vt 0.62630963 0.36780789
vt 0.64284045 0.35615140
vt 0.63919044 0.37334952
vt 0.63994664 0.38146278
vt 0.61668015 0.38138101
vt 0.62014598 0.38928720
vt 0.63977391 0.38860282
vt 0.61626941 0.39754051
vt 0.63992655 0.39715555
vt 0.63018179 0.40747577
vt 0.61963701 0.40750641
vt 0.61165607 0.40770936
vt 0.65099168 0.40642452
vt 0.60188305 0.40787882
vt 0.61157596 0.41669884
vt 0.60348821 0.41688713
vt 0.60390443 0.42415515
vt 0.61995107 0.42366403
vt 0.60376418 0.39836791
vt 0.59583175 0.39862376
vt 0.58714312 0.40839341
vt 0.58993071 0.39392200
vt 0.59556490 0.41707850
vt 0.61971313 0.41651344
vt 0.57816267 0.40868762
vt 0.57758975 0.39476606
vt 0.56998307 0.40888429
vt 0.57050717 0.39427611
vt 0.57048255 0.41763246
vt 0.56202412 0.39549312
vt 0.55609447 0.38278756
vt 0.55424076 0.39435995
vt 0.55699718 0.41792697
vt 0.56292957 0.42518044
vt 0.55499613 0.42539096
vt 0.54142255 0.41819808
vt 0.54724830 0.42561460
vt 0.53949934 0.42585534
vt 0.53130639 0.41830161
vt 0.53120989 0.40963447
vt 0.52369881 0.41839460
vt 0.52377582 0.40966338
vt 0.57777148 0.38328335
vt 0.51619774 0.40957138
vt 0.51606447 0.39992628
vt 0.52374703 0.39797178
vt 0.50796425 0.40951395
vt 0.51610714 0.41848239
vt 0.51642704 0.42648175
vt 0.50714892 0.39937532
vt 0.55660081 0.40909860
vt 0.57102627 0.42496729
vt 0.53179449 0.42604709
vt 0.53108054 0.40035719
vt 0.56952536 0.38335475
vt 0.59577239 0.39028591
vt 0.59569317 0.38279814
vt 0.50808555 0.41858464
vt 0.58702600 0.38299662
vt 0.62636024 0.31413612
vt 0.60682487 0.36226115
vt 0.59528852 0.36439544
vt 0.57881349 0.36489332
vt 0.57671392 0.35694805
vt 0.56921554 0.36664739
vt 0.56889331 0.35856175
vt 0.56393909 0.36647323
vt 0.56841618 0.34461111
vt 0.57788336 0.33911002
vt 0.56941527 0.37489784
vt 0.56837738 0.33468866
vt 0.56323820 0.34374043
vt 0.56289464 0.33498469
vt 0.56353831 0.35147339
vt 0.55839783 0.34369895
vt 0.55869806 0.35128453
vt 0.64754057 0.32310706
vt 0.65887666 0.34492731
vt 0.66554791 0.32168081
vt 0.66384965 0.30523226
vt 0.67407936 0.30521184
vt 0.67343348 0.32121709
vt 0.68562627 0.31267840
vt 0.68597531 0.30404556
vt 0.68620968 0.29609564
vt 0.68549132 0.32182914
vt 0.68558204 0.33118406
vt 0.70469052 0.31372601
vt 0.69701207 0.33534449
vt 0.68579334 0.34430963
vt 0.69754881 0.35450441
vt 0.68615741 0.36029950
vt 0.68681037 0.37944344
vt 0.67510819 0.36930436
vt 0.67188627 0.37977284
vt 0.67446375 0.34463087
vt 0.69725049 0.30819127
vt 0.69790566 0.38110459
vt 0.69138414 0.39095128
vt 0.69869590 0.39628688
vt 0.70743632 0.39668453
vt 0.70665312 0.38048339
vt 0.71525788 0.38432968
vt 0.71526164 0.39722210
vt 0.72488028 0.38961083
vt 0.71536416 0.40623069
vt 0.70744741 0.40607756
vt 0.72306812 0.37697005
vt 0.73841816 0.38472310
vt 0.73737282 0.39733702
vt 0.74557751 0.39696640
vt 0.73850232 0.36772394
vt 0.73741657 0.35572115
vt 0.74559778 0.38889295
vt 0.75723320 0.39629379
vt 0.76011926 0.38828498
vt 0.75351220 0.40550646
vt 0.72248799 0.35573015
vt 0.76987630 0.38738811
vt 0.77336723 0.39556763
vt 0.72249699 0.39751294
vt 0.73203987 0.40597969
vt 0.76157683 0.37675089
vt 0.67833775 0.38695499
vt 0.77016181 0.37188765
vt 0.76195407 0.35798359
vt 0.75357360 0.36460203
vt 0.76994228 0.35925549
vt 0.77930826 0.36691105
vt 0.78365767 0.37915373
vt 0.79357862 0.36916685
vt 0.79538178 0.37720007
vt 0.74581224 0.37913039
vt 0.78364086 0.35630670
vt 0.69895744 0.40602705
vt 0.72211570 0.33449000
vt 0.80585229 0.36175022
vt 0.76175761 0.40520927
vt 0.70540529 0.33310208
vt 0.71542001 0.32314673
vt 0.71433496 0.30455902
vt 0.72189075 0.31596857
vt 0.71909052 0.29863238
vt 0.72967452 0.29904839
vt 0.73678762 0.31463778
vt 0.73671490 0.29319704
vt 0.74378729 0.29309180
vt 0.74196905 0.27925611
vt 0.74421829 0.31394315
vt 0.75188231 0.29866612
vt 0.75658691 0.31079525
vt 0.75273478 0.32409620
vt 0.74497020 0.33720472
vt 0.70580697 0.34911871
vt 0.72942019 0.28743392
vt 0.75217295 0.28383863
vt 0.74559224 0.40574369
vt 0.71384370 0.35564291
vt 0.76137304 0.32398403
vt 0.71476823 0.36726254
vt 0.81748825 0.36254704
vt 0.80633873 0.37835068
vt 0.81752604 0.36962974
vt 0.81769246 0.38567713
vt 0.81712902 0.34920764
vt 0.64104700 0.41603029
vt 0.65231466 0.41576144
vt 0.65056252 0.42261314
vt 0.66050994 0.42226872
vt 0.63395518 0.42315269
vt 0.65515310 0.36088073
vt 0.76047820 0.29853043
vt 0.76828384 0.28696984
vt 0.49411821 0.40957305
vt 0.75875026 0.27716732
vt 0.73826540 0.33788520
vt 0.60279876 0.38254386
vt 0.47441182 0.33430269
vt 0.52612805 0.13173491
vt 0.40541846 0.13926388
vt 0.40517551 0.15553230
vt 0.39795703 0.15737781
vt 0.39837256 0.17710830
vt 0.39098018 0.16489051
vt 0.41486454 0.16132155
vt 0.39034057 0.15150976
vt 0.38339317 0.16538596
vt 0.37539923 0.16200009
vt 0.37681377 0.15344067
vt 0.39134476 0.17755680
vt 0.37496600 0.17804277
vt 0.37097490 0.17359032
vt 0.36744782 0.17465976
vt 0.36834958 0.16247272
vt 0.44262758 0.40153959
vt 0.60498941 0.39063817
vt 0.50320965 0.28024364
vt 0.45776758 0.31477174
vt 0.40614486 0.16941832
vt 0.51857424 0.21057272
vt 0.44062155 0.28942868
vt 0.57864833 0.41744009
vt 0.71390361 0.33967894
vt 0.44173932 0.23907092
vt 0.66850859 0.29642516
vt 0.40199128 0.09499005
vt 0.55785173 0.33478951
vt 0.61830187 0.36198801
vt 0.54793048 0.37455475
vt 0.75544703 0.33856010
vt 0.55225396 0.11921930
vt 0.39720762 0.10694253
vt 0.42630887 0.42041069
vt 0.56243569 0.32647562
vt 0.66129780 0.37234771
vt 0.54282612 0.29495713
vt 0.55653602 0.28740951
vt 0.57217330 0.24095739
vt 0.57408607 0.11376033
vt 0.76913536 0.27758282
vt 0.77771050 0.28713441
vt 0.77725905 0.27922907
vt 0.78566957 0.27511317
vt 0.78395772 0.26615632
vt 0.78628188 0.28607959
vt 0.78686035 0.29340291
vt 0.80544734 0.28572062
vt 0.79285789 0.30783349
vt 0.80521250 0.30163369
vt 0.80510157 0.30995676
vt 0.82521790 0.29314485
vt 0.81736153 0.31991181
vt 0.82667267 0.30351666
vt 0.83381385 0.29283476
vt 0.83395207 0.30088413
vt 0.83403844 0.30911908
vt 0.84188104 0.30065373
vt 0.80506110 0.31855977
vt 0.79479885 0.33554131
vt 0.77940720 0.32531372
vt 0.77964741 0.33885908
vt 0.80515593 0.32763410
vt 0.81717259 0.33672759
vt 0.82587886 0.32986519
vt 0.84154558 0.29262716
vt 0.84217256 0.30881017
vt 0.84886444 0.30045661
vt 0.84902203 0.30856699
vt 0.85538918 0.30025110
vt 0.85532141 0.29229161
vt 0.82561946 0.31804556
vt 0.83370268 0.28495359
vt 0.82235909 0.28578052
vt 0.83341819 0.27583274
vt 0.83926994 0.27376693
vt 0.82116425 0.27735901
vt 0.83331519 0.26588154
vt 0.81352365 0.29335970
vt 0.78755236 0.31091276
vt 0.42757228 0.35410392
vt 0.85551518 0.30834243
vt 0.86425024 0.29996049
vt 0.86493570 0.30801219
vt 0.87614769 0.30761933
vt 0.87615240 0.31626952
vt 0.86544925 0.31648663
vt 0.88732481 0.31577039
vt 0.88602477 0.30717263
vt 0.88529706 0.29902834
vt 0.87390327 0.29172423
vt 0.87271196 0.31935602
vt 0.86805338 0.32520986
vt 0.87913543 0.32509336
vt 0.87417448 0.32512197
vt 0.86155689 0.32533056
vt 0.85598546 0.32581317
vt 0.85846424 0.34315041
vt 0.85463101 0.34343696
vt 0.85759360 0.35181719
vt 0.86741799 0.34293073
vt 0.84932995 0.34414616
vt 0.86774749 0.35194296
vt 0.87743050 0.35205507
vt 0.87764168 0.36045748
vt 0.86812633 0.36034137
vt 0.88328838 0.35189816
vt 0.87689024 0.34286913
vt 0.89137709 0.30700022
vt 0.84958881 0.32794586
vt 0.85582423 0.31661987
vt 0.88668853 0.32529432
vt 0.88405913 0.36015335
vt 0.89005071 0.35964727
vt 0.88923132 0.35151076
vt 0.89531600 0.35104269
vt 0.89626080 0.35902315
vt 0.90074384 0.35809347
vt 0.89419150 0.34250987
vt 0.89949387 0.34709188
vt 0.90167427 0.36588690
vt 0.89080006 0.36763474
vt 0.66011065 0.41554391
vt 0.44952604 0.32014048
vt 0.88237196 0.34284583
vt 0.59278047 0.19502817
vt 0.58538634 0.19810010
vt 0.58557564 0.21817555
vt 0.59899145 0.20755869
vt 0.60361272 0.19100155
vt 0.60807294 0.21073371
vt 0.61532718 0.18430489
vt 0.60714018 0.17818105
vt 0.61935216 0.16589706
vt 0.62381279 0.18782246
vt 0.60251719 0.24160594
vt 0.61291283 0.24320242
vt 0.60317105 0.26611552
vt 0.59463501 0.26600367
vt 0.61567622 0.21078809
vt 0.62731713 0.20430541
vt 0.62757361 0.22708043
vt 0.64012450 0.22679785
vt 0.64439172 0.20157976
vt 0.64878726 0.22644661
vt 0.64458877 0.25162610
vt 0.65762532 0.25129980
vt 0.65326667 0.26273030
vt 0.65728366 0.22602689
vt 0.66960073 0.22986448
vt 0.66841793 0.21244092
vt 0.68218690 0.23288792
vt 0.68316782 0.24853218
vt 0.69721800 0.24522237
vt 0.69739467 0.22439954
vt 0.68565458 0.21035345
vt 0.71080136 0.23582779
vt 0.70729852 0.25400689
vt 0.72006011 0.24974786
vt 0.71994805 0.23380814
vt 0.71835220 0.26295030
vt 0.73075652 0.26130214
vt 0.72832000 0.23377556
vt 0.72842342 0.21831866
vt 0.71978027 0.21071188
vt 0.73565763 0.23349439
vt 0.72886169 0.20772706
vt 0.71989727 0.18489547
vt 0.71059895 0.20739381
vt 0.72773373 0.18267305
vt 0.67877865 0.20623036
vt 0.69956678 0.19890013
vt 0.73038816 0.25088796
vt 0.74223763 0.21859801
vt 0.74302435 0.19517900
vt 0.75073922 0.22051808
vt 0.75612175 0.19577791
vt 0.74812543 0.18656270
vt 0.76535469 0.18566330
vt 0.74892563 0.17794301
vt 0.74143338 0.17815487
vt 0.74852759 0.17016138
vt 0.76482224 0.16951728
vt 0.76624912 0.19607425
vt 0.77469593 0.18660079
vt 0.75666505 0.15514725
vt 0.74495268 0.15762044
vt 0.75030673 0.13146117
vt 0.75669211 0.13071229
vt 0.76483268 0.14088933
vt 0.73810929 0.14283293
vt 0.72774243 0.13785622
vt 0.73463625 0.16209339
vt 0.77398366 0.13195579
vt 0.77399486 0.11788543
vt 0.73819536 0.13216573
vt 0.73840940 0.12060277
vt 0.74901217 0.10350557
vt 0.72692883 0.12112619
vt 0.71797991 0.11104367
vt 0.78866136 0.11982723
vt 0.72067434 0.16210957
vt 0.69409698 0.26196045
vt 0.69291484 0.26942536
vt 0.70924532 0.27837238
vt 0.67608732 0.27665353
vt 0.67822278 0.28252330
vt 0.70417768 0.28200734
vt 0.65336710 0.27688026
vt 0.70822710 0.28845364
vt 0.69195843 0.28856882
vt 0.72056186 0.14106122
vt 0.71161556 0.15546536
vt 0.70722216 0.14823854
vt 0.69346476 0.15650278
vt 0.69711554 0.16315971
vt 0.68293220 0.15953870
vt 0.68247974 0.14805849
vt 0.69336879 0.14277717
vt 0.68547910 0.17542075
vt 0.67271918 0.16505176
vt 0.67842048 0.17581457
vt 0.66857898 0.17632340
vt 0.65241522 0.16431053
vt 0.65691489 0.18282858
vt 0.64406443 0.17627297
vt 0.69714975 0.17059095
vt 0.67361629 0.18890014
vt 0.67127448 0.14966437
vt 0.77418977 0.14444332
vt 0.71075654 0.17442733
vt 0.65344644 0.28289869
vt 0.77582324 0.19505659
vt 0.76714349 0.21588361
vt 0.77563542 0.21557456
vt 0.76765311 0.23221311
vt 0.77997696 0.22769138
vt 0.75919408 0.22637428
vt 0.67758733 0.26225224
vt 0.73213452 0.27081886
vt 0.76047468 0.24839121
vt 0.75574827 0.25771093
vt 0.73473799 0.10238960
vt 0.72548962 0.09433828
vt 0.74079520 0.09348593
vt 0.73345351 0.08072780
vt 0.72441912 0.08120648
vt 0.72453183 0.06764373
vt 0.71677756 0.08512703
vt 0.73297274 0.06717844
vt 0.72445929 0.05886894
vt 0.71686262 0.06813165
vt 0.74201632 0.10113139
vt 0.74980694 0.09344749
vt 0.71710968 0.09375957
vt 0.74255455 0.07531152
vt 0.74234504 0.06685214
vt 0.71667016 0.07740349
vt 0.75110638 0.06678348
vt 0.74927109 0.08369049
vt 0.71692401 0.05917463
vt 0.63927704 0.15769817
vt 0.76516378 0.17779152
vt 0.67023909 0.26983416
vt 0.66954744 0.25087112
vt 0.63218272 0.26299578
vt 0.73362249 0.19441144
vt 0.71960181 0.13140583
vt 0.75885618 0.06943937
vt 0.75881630 0.08427985
vt 0.76702428 0.07023157
vt 0.76613414 0.08404314
vt 0.77332717 0.08352719
vt 0.77308851 0.09227613
vt 0.76245165 0.05737322
vt 0.77716672 0.05670132
vt 0.78576040 0.06098955
vt 0.79118866 0.04718274
vt 0.80185437 0.04709698
vt 0.80200577 0.06499781
vt 0.81155717 0.04677901
vt 0.81068522 0.06583144
vt 0.83578330 0.04667044
vt 0.82505953 0.06558730
vt 0.81055576 0.07451580
vt 0.81983447 0.07515521
vt 0.84727407 0.04627406
vt 0.84719568 0.03821009
vt 0.84733039 0.06501132
vt 0.82417518 0.03802318
vt 0.81212616 0.09638470
vt 0.80234897 0.09819906
vt 0.80672139 0.10634375
vt 0.82084912 0.09439430
vt 0.81927234 0.10730977
vt 0.83009994 0.10321398
vt 0.80234259 0.11728890
vt 0.81961614 0.12161010
vt 0.83740574 0.03786578
vt 0.85502660 0.05519848
vt 0.85544103 0.06461093
vt 0.86297435 0.05484997
vt 0.84712279 0.07349460
vt 0.86306459 0.06419083
vt 0.87047702 0.05442021
vt 0.87000918 0.06371338
vt 0.86272913 0.04614853
vt 0.80081099 0.13201253
vt 0.64686620 0.27008185
vt 0.83001298 0.11599638
vt 0.78504395 0.13262375
vt 0.76428419 0.15669979
vt 0.75020576 0.05735217
vt 0.68858171 0.19000132
vt 0.66266710 0.20090635
vt 0.80661905 0.14359771
vt 0.78100044 0.07696125
vt 0.86232847 0.03768386
vt 0.76865929 0.25358838
vt 0.78269035 0.25888991
vt 0.78430516 0.24001715
vt 0.79284054 0.24803799
vt 0.80203533 0.24797335
vt 0.80214643 0.23554723
vt 0.80278695 0.25954425
vt 0.81525147 0.25195503
vt 0.81712043 0.25968349
vt 0.81587863 0.23514216
vt 0.81528699 0.22630388
vt 0.81542683 0.24379414
vt 0.79735130 0.22920553
vt 0.83263153 0.22511223
vt 0.83269566 0.25867373
vt 0.72425997 0.04960739
vt 0.70033962 0.08558289
vt 0.57590050 0.20593077
vt 0.85571098 0.07365534
vt 0.57651901 0.22597635
vt 0.58582646 0.23839101
vt 0.65850759 0.15763091
vt 0.66053259 0.14909057
vt 0.66636413 0.14066856
vt 0.64075273 0.14894789
vt 0.65380520 0.13946645
vt 0.63040900 0.27646041
vt 0.63422745 0.28335887
vt 0.64482325 0.28950512
vt 0.62095934 0.28334486
vt 0.61977750 0.27587703
vt 0.60607004 0.27754235
vt 0.75853670 0.20795301
vt 0.77887136 0.30880940
vt 0.80629218 0.03847831
vt 0.82910550 0.07384146
vt 0.77518106 0.04769249
vt 0.63104779 0.17673919
vt 0.17575319 0.31612855
vt 0.59974581 0.15743729
vt 0.31320009 0.00851947
vt 0.78125393 0.38710472
vt 0.84164983 0.34276485
vt 0.76554149 0.09297570
vt 0.54394507 0.23600431
vt 0.22558570 0.35193142
vt 0.17219611 0.37422779
vt 0.36064866 0.01599974
vt 0.69945031 0.07732866
vt 0.72366416 0.28509057
vt 0.87866527 0.05386393
vt 0.87809002 0.06315735
vt 0.88785118 0.05334202
vt 0.88767636 0.06252256
vt 0.88800371 0.04517891
vt 0.86967474 0.07461255
vt 0.88752347 0.07225840
vt 0.89502782 0.06250778
vt 0.89509106 0.07184701
vt 0.88779712 0.08215644
vt 0.89496225 0.05360903
vt 0.87918878 0.04559749
vt 0.33781564 0.29213545
vt 0.32790360 0.29227516
vt 0.35660040 0.03873656
vt 0.82522064 0.36483988
vt 0.33090559 0.29814151
vt 0.33835167 0.29823372
vt 0.33948570 0.31354329
vt 0.35002959 0.30191684
vt 0.35579842 0.31596014
vt 0.34424311 0.29188463
vt 0.33414707 0.16356380
vt 0.21408778 0.01023117
vt 0.54163796 0.09947102
vt 0.55038768 0.09535480
vt 0.53636527 0.08227170
vt 0.53111619 0.09369735
vt 0.54916143 0.08714376
vt 0.54854697 0.07623632
vt 0.55742615 0.07503083
vt 0.55922192 0.08966639
vt 0.55606914 0.06119391
vt 0.54263109 0.06308625
vt 0.53628117 0.07204217
vt 0.56423753 0.06315528
vt 0.56494689 0.07508880
vt 0.58111823 0.07036520
vt 0.58290142 0.08019689
vt 0.59692293 0.07070465
vt 0.59002906 0.06113255
vt 0.58125061 0.06163036
vt 0.60283118 0.05170191
vt 0.58981770 0.05168932
vt 0.60844302 0.06080496
vt 0.60777950 0.06975833
vt 0.62742472 0.05961906
vt 0.63291717 0.04282238
vt 0.64766073 0.04177198
vt 0.63184500 0.03385861
vt 0.64585227 0.05920589
vt 0.66061997 0.05888001
vt 0.66947305 0.04136315
vt 0.67146105 0.05889649
vt 0.66116673 0.06805484
vt 0.67015839 0.06841271
vt 0.67686582 0.04172479
vt 0.69172508 0.04907107
vt 0.69992733 0.04061163
vt 0.68856323 0.03272684
vt 0.70049667 0.04957090
vt 0.69121355 0.05873623
vt 0.70899558 0.04062884
vt 0.70886302 0.04982872
vt 0.67180163 0.03307875
vt 0.71665603 0.04053889
vt 0.64570576 0.06854956
vt 0.68268567 0.05879517
vt 0.66118824 0.07679655
vt 0.70008910 0.05909587
vt 0.71699250 0.03230912
vt 0.70671290 0.03246859
vt 0.70885384 0.05940745
vt 0.69961178 0.06866657
vt 0.56394905 0.05599281
vt 0.57529771 0.05348854
vt 0.62141168 0.04314899
vt 0.62184763 0.03412318
vt 0.67011499 0.07701185
vt 0.66133571 0.08626653
vt 0.66875827 0.08501597
vt 0.66166890 0.10062287
vt 0.66920441 0.11417088
vt 0.62793744 0.24571960
vt 0.20019077 0.27104029
vt 0.19075686 0.23885557
vt 0.19174407 0.27616006
vt 0.18426865 0.26338544
vt 0.18450725 0.22501062
vt 0.19097252 0.22178292
vt 0.19425394 0.21036251
vt 0.18332933 0.20464893
vt 0.17554425 0.21934240
vt 0.18229809 0.28595874
vt 0.17678510 0.27195990
vt 0.17557618 0.24076280
vt 0.16721724 0.25381708
vt 0.16891052 0.27267027
vt 0.17017448 0.29085124
vt 0.16106261 0.27598664
vt 0.16795073 0.23304307
vt 0.15207730 0.25185487
vt 0.15893036 0.23729672
vt 0.15114088 0.24543950
vt 0.16076441 0.22108494
vt 0.13990116 0.26145366
vt 0.16155639 0.28710535
vt 0.14341116 0.24226467
vt 0.13721646 0.25000575
vt 0.13363865 0.25491732
vt 0.13138381 0.24208969
vt 0.17697901 0.28640413
vt 0.15267605 0.27768970
vt 0.14465380 0.28600812
vt 0.15137242 0.29470003
vt 0.15540199 0.23415245
vt 0.15837198 0.19684169
vt 0.16298482 0.20218475
vt 0.16695648 0.19436236
vt 0.15921949 0.18836619
vt 0.15100370 0.19747540
vt 0.15078364 0.18842915
vt 0.14233296 0.19356292
vt 0.14288688 0.15802376
vt 0.15109468 0.15826340
vt 0.14246495 0.20496812
vt 0.13427687 0.19700585
vt 0.13463701 0.18903397
vt 0.13353884 0.21419953
vt 0.14276603 0.22313464
vt 0.12832344 0.19870776
vt 0.17634837 0.19259769
vt 0.13696039 0.29310536
vt 0.13267913 0.30136502
vt 0.15303686 0.30092224
vt 0.12215513 0.30011991
vt 0.12637819 0.30813730
vt 0.13863015 0.31539428
vt 0.12647764 0.31908208
vt 0.11355577 0.30780882
vt 0.17195243 0.19295986
vt 0.17537026 0.20410319
vt 0.19887176 0.22567172
vt 0.14683406 0.31566796
vt 0.15421796 0.31189814
vt 0.14639495 0.32590958
vt 0.15487817 0.32742104
vt 0.16351509 0.32400006
vt 0.16381182 0.33945253
vt 0.17040047 0.32496741
vt 0.17068902 0.34542286
vt 0.15465604 0.35413259
vt 0.16436401 0.35346088
vt 0.14801653 0.35298184
vt 0.16041715 0.25794792
vt 0.12811472 0.18149900
vt 0.13999553 0.32427961
vt 0.15139435 0.23688604
vt 0.15159068 0.14741421
vt 0.14882973 0.14422365
vt 0.13964994 0.13723645
vt 0.13724987 0.14365026
vt 0.13359357 0.15818894
vt 0.13028678 0.15268166
vt 0.12907860 0.15621394
vt 0.13810383 0.11558510
vt 0.14109156 0.11300541
vt 0.13285416 0.12962352
vt 0.13301787 0.11988677
vt 0.12637648 0.12058324
vt 0.12128303 0.12988549
vt 0.14960311 0.12923664
vt 0.14979900 0.11216857
vt 0.14891984 0.09829437
vt 0.15773898 0.11906982
vt 0.11772349 0.15882228
vt 0.11865506 0.16855502
vt 0.10214014 0.16607204
vt 0.10412926 0.18077974
vt 0.09407417 0.18205194
vt 0.12081095 0.16995233
vt 0.11033883 0.18361536
vt 0.11869373 0.18607299
vt 0.10415737 0.19005552
vt 0.11987931 0.15231940
vt 0.13417651 0.11169708
vt 0.14135477 0.09680819
vt 0.13292219 0.09422541
vt 0.15751863 0.10137206
vt 0.12103663 0.12096082
vt 0.14065377 0.08495308
vt 0.15767264 0.11012290
vt 0.13225740 0.14428037
vt 0.16290058 0.30111724
vt 0.09496687 0.19433931
vt 0.08632746 0.18988667
vt 0.08627331 0.20320229
vt 0.07914384 0.18445823
vt 0.10490461 0.19813161
vt 0.11334454 0.19831589
vt 0.09529404 0.16625972
vt 0.13595094 0.26277176
vt 0.09856584 0.20694099
vt 0.11352646 0.20648551
vt 0.10108930 0.21778709
vt 0.10621668 0.22275068
vt 0.09728763 0.23461156
vt 0.08833326 0.23659021
vt 0.09743255 0.25323939
vt 0.08825346 0.26524946
vt 0.08012877 0.24919449
vt 0.09684920 0.27697450
vt 0.10537246 0.27493861
vt 0.10108005 0.29248399
vt 0.07922837 0.22617792
vt 0.06810428 0.24523155
vt 0.07202188 0.25969937
vt 0.07140801 0.22627230
vt 0.06397292 0.23473886
vt 0.05993024 0.22018479
vt 0.05151304 0.23257512
vt 0.04879335 0.21811369
vt 0.04068378 0.24740677
vt 0.04169450 0.20745611
vt 0.03429507 0.23470303
vt 0.03419838 0.24735697
vt 0.02607196 0.24610068
vt 0.02694518 0.22919320
vt 0.01851419 0.23034632
vt 0.03439685 0.21842831
vt 0.07099389 0.20338470
vt 0.06350069 0.21007605
vt 0.06333803 0.19446866
vt 0.07061215 0.18461746
vt 0.05699822 0.18368013
vt 0.08198321 0.29193911
vt 0.02407475 0.26276085
vt 0.05251030 0.20427677
vt 0.06420699 0.25986373
vt 0.08093685 0.30011570
vt 0.07276314 0.29592690
vt 0.07239933 0.32054266
vt 0.08079996 0.33470023
vt 0.06642661 0.32205588
vt 0.04994635 0.25925699
vt 0.10180831 0.30130008
vt 0.06089607 0.30494031
vt 0.05787043 0.31951100
vt 0.05808865 0.34473076
vt 0.05162250 0.33693549
vt 0.05184410 0.35534379
vt 0.05851085 0.35998961
vt 0.04506387 0.34316701
vt 0.04384179 0.33269760
vt 0.03555505 0.34150231
vt 0.03573256 0.35033247
vt 0.03553503 0.36053371
vt 0.03515638 0.32506940
vt 0.02716915 0.32686770
vt 0.02624120 0.31474268
vt 0.03456426 0.31672233
vt 0.03400021 0.30197182
vt 0.04266445 0.30874893
vt 0.03331361 0.29424161
vt 0.02566320 0.29430529
vt 0.01706673 0.29460600
vt 0.00935928 0.31115851
vt 0.00918284 0.29445425
vt 0.03243389 0.28060842
vt 0.04311746 0.31652641
vt 0.05066792 0.30865067
vt 0.01674387 0.28692436
vt 0.04182529 0.29403386
vt 0.04429498 0.36725566
vt 0.02014587 0.32617593
vt 0.07019005 0.17166136
vt 0.05739439 0.17341995
vt 0.07650941 0.16029654
vt 0.06183350 0.15604603
vt 0.07725111 0.15238072
vt 0.08593302 0.16366084
vt 0.05437622 0.15679581
vt 0.06919243 0.14014895
vt 0.04073480 0.17859228
vt 0.07979614 0.26751763
vt 0.07182168 0.27595183
vt 0.08789132 0.28295910
vt 0.04897872 0.24726579
vt 0.04024370 0.26247755
vt 0.00660629 0.30024791
vt 0.00680107 0.31599581
vt 0.00706795 0.32944018
vt 0.04946208 0.29861036
vt 0.06466230 0.34774834
vt 0.08833872 0.31271541
vt 0.05095759 0.31934074
vt 0.11470824 0.22484118
vt 0.00908643 0.28706685
vt 0.12130284 0.22219433
vt 0.12075817 0.20577936
vt 0.12168948 0.24487574
vt 0.11441326 0.25278202
vt 0.12155941 0.25564450
vt 0.12139411 0.26428211
vt 0.03377514 0.25639120
vt 0.08006682 0.17340092
vt 0.11429553 0.18615462
vt 0.13450517 0.27854511
vt 0.12167540 0.28289923
vt 0.10605200 0.24737412
vt 0.22032453 0.19782421
vt 0.75716805 0.11989578
vt 0.66050291 0.11603031
vt 0.25256014 0.07795355
vt 0.15819749 0.14378601
vt 0.01838239 0.24876820
vt 0.79408783 0.34329388
vt 0.71533144 0.41439912
vt 0.85365051 0.35205477
vt 0.54780853 0.05332925
vt 0.53532153 0.05331721
vt 0.15091124 0.21806881
vt 0.26807728 0.29264981
vt 0.46741468 0.03618199
vt 0.47450989 0.02991956
vt 0.13296102 0.08197447
vt 0.80232120 0.07397995
vt 0.59929758 0.17839687
vt 0.81503284 0.21749197
vt 0.83284301 0.20818746
vt 0.83763212 0.22110343
vt 0.83715433 0.19591695
vt 0.84476912 0.21258441
vt 0.84447628 0.19360629
vt 0.84436417 0.17309566
vt 0.85231400 0.19489083
vt 0.85299283 0.21295078
vt 0.83454931 0.17476758
vt 0.84387517 0.15022229
vt 0.86174166 0.20390412
vt 0.85259622 0.17317532
vt 0.83235580 0.19441332
vt 0.84540039 0.23163895
vt 0.85361993 0.23280673
vt 0.84563160 0.25511405
vt 0.83321112 0.25007489
vt 0.85367507 0.24220179
vt 0.85353184 0.25444657
vt 0.86210799 0.24190740
vt 0.81973946 0.17329502
vt 0.82016391 0.18932238
vt 0.80327243 0.19207893
vt 0.80293173 0.17883088
vt 0.80501115 0.16699329
vt 0.82345760 0.15615763
vt 0.81332290 0.15186155
vt 0.78486103 0.16424830
vt 0.86228997 0.25045630
vt 0.86226940 0.25818667
vt 0.85403794 0.26493210
vt 0.86195385 0.22015619
vt 0.78352702 0.17055118
vt 0.80788958 0.20157410
vt 0.87157047 0.20548457
vt 0.87106007 0.18137263
vt 0.89095050 0.18270485
vt 0.88116956 0.17314315
vt 0.86588585 0.16473566
vt 0.88012671 0.20485835
vt 0.89123189 0.19403271
vt 0.89162558 0.21188141
vt 0.88085163 0.15969977
vt 0.87527525 0.15097976
vt 0.86048633 0.14763443
vt 0.86972922 0.13867432
vt 0.87979394 0.13812011
vt 0.86026996 0.13500166
vt 0.89797062 0.20094672
vt 0.89828426 0.21349259
vt 0.90050542 0.20128435
vt 0.87922418 0.12598535
vt 0.90071881 0.21823892
vt 0.89881623 0.22168307
vt 0.89168715 0.22216077
vt 0.89051569 0.16145585
vt 0.88988960 0.14488453
vt 0.89635998 0.13818757
vt 0.88061434 0.21424749
vt 0.86918604 0.11875404
vt 0.85992992 0.12153784
vt 0.85381222 0.11124956
vt 0.85189044 0.13036464
vt 0.86823666 0.10097898
vt 0.85486299 0.10088610
vt 0.84584445 0.11172135
vt 0.84463471 0.12095097
vt 0.83930576 0.11241618
vt 0.83648485 0.13794746
vt 0.83089787 0.12885693
vt 0.83143258 0.14778705
vt 0.88901180 0.12874915
vt 0.89756399 0.17908785
vt 0.89937073 0.15897879
vt 0.89911962 0.15069456
vt 0.89860994 0.13587642
vt 0.85260326 0.11892561
vt 0.87788922 0.11006517
vt 0.87036955 0.25090396
vt 0.87035155 0.25871298
vt 0.88054025 0.25109637
vt 0.88055074 0.25890288
vt 0.89194632 0.25096568
vt 0.89181679 0.24148269
vt 0.88050580 0.24181703
vt 0.89882600 0.25100738
vt 0.89834660 0.24103552
vt 0.89864415 0.25858513
vt 0.89204508 0.25883693
vt 0.90051848 0.25423628
vt 0.90054202 0.26607579
vt 0.86227697 0.26530546
vt 0.83585173 0.15874906
vt 0.12042566 0.19321799
vt 0.15887856 0.15752828
vt 0.54873616 0.35867262
vt 0.09502564 0.15230213
vt 0.39420763 0.01945021
vt 0.34254706 0.32019410
vt 0.89528251 0.08174115
vt 0.89763278 0.07732222
vt 0.07782943 0.20496637
vt 0.55195576 0.16716130
vt 0.32964399 0.17989144
vt 0.47722492 0.41025001
vt 0.47572374 0.41943970
vt 0.48661655 0.41918898
vt 0.47046962 0.42763177
vt 0.49651644 0.42726633
vt 0.34080210 0.21060692
vt 0.13563292 0.23341835
vt 0.45510408 0.18055202
vt 0.27774754 0.34670490
vt 0.26460350 0.34735939
vt 0.84063888 0.35990494
vt 0.83183968 0.36001951
vt 0.83250958 0.36867163
vt 0.84249020 0.36947662
vt 0.83129877 0.38556096
vt 0.84253126 0.38600957
vt 0.84648156 0.37341240
vt 0.83368397 0.39480063
vt 0.82547855 0.39412448
vt 0.82573748 0.40028065
vt 0.81743598 0.40223938
vt 0.81733119 0.39396647
vt 0.80886292 0.40340504
vt 0.83051682 0.39904067
vt 0.82584584 0.40469027
vt 0.82611305 0.41128489
vt 0.81765592 0.41130629
vt 0.81776923 0.41585496
vt 0.80688643 0.41577575
vt 0.80850768 0.41066119
vt 0.82631552 0.41593695
vt 0.79277503 0.41581589
vt 0.80713069 0.39384416
vt 0.84322453 0.39449817
vt 0.84372377 0.40309644
vt 0.85257632 0.40330160
vt 0.85176748 0.39467418
vt 0.85350788 0.41161093
vt 0.84437412 0.41142166
vt 0.84433043 0.41613266
vt 0.86194861 0.40308037
vt 0.85340351 0.41652769
vt 0.83526075 0.41579801
vt 0.85027421 0.37738383
vt 0.84976083 0.36947936
vt 0.85751551 0.36874190
vt 0.85865760 0.37754247
vt 0.86947167 0.37756556
vt 0.86867636 0.36902875
vt 0.86007410 0.38611919
vt 0.79702520 0.40278369
vt 0.83411103 0.40238881
vt 0.77113217 0.41572562
vt 0.85105157 0.38598311
vt 0.78826350 0.40992105
vt 0.77687293 0.41061059
vt 0.76839894 0.41223213
vt 0.76736605 0.41811562
vt 0.85766506 0.02980746
vt 0.75932300 0.41726568
vt 0.76042271 0.41020462
vt 0.75137764 0.41559112
vt 0.66844958 0.28905413
vt 0.84157532 0.31827193
vt 0.78606606 0.11107354
vt 0.06143177 0.13202068
vt 0.04814557 0.14779998
vt 0.05457098 0.13179973
vt 0.06084993 0.10770287
vt 0.05394628 0.10767318
vt 0.06422709 0.08760922
vt 0.05392562 0.06480300
vt 0.06394476 0.07380564
vt 0.06339202 0.06224497
vt 0.07532253 0.05965762
vt 0.07812614 0.04565752
vt 0.06714483 0.04527014
vt 0.07499678 0.03733486
vt 0.09141732 0.03694926
vt 0.09666709 0.04541477
vt 0.10575637 0.03655021
vt 0.04694757 0.09958835
vt 0.04655764 0.08385228
vt 0.04611874 0.06410745
vt 0.03870010 0.08688612
vt 0.03875060 0.06576113
vt 0.02993729 0.08812134
vt 0.02709590 0.07066122
vt 0.02255919 0.07948048
vt 0.02968553 0.05898353
vt 0.02201357 0.06058624
vt 0.02303956 0.09070845
vt 0.04753313 0.11572244
vt 0.01383230 0.06342484
vt 0.01350384 0.05333484
vt 0.04724979 0.05354699
vt 0.00531114 0.06227246
vt 0.00447500 0.05297204
vt 0.00191444 0.06263088
vt 0.01340989 0.04486331
vt 0.00442932 0.04584849
vt 0.01318052 0.03861468
vt 0.02159043 0.03875098
vt 0.00324798 0.05271903
vt 0.00574525 0.07965260
vt 0.03357999 0.04454418
vt 0.06011715 0.05426493
vt 0.08353195 0.06244185
vt 0.09218897 0.05434728
vt 0.09276137 0.06294934
vt 0.02171312 0.04470979
vt 0.03145587 0.10758196
vt 0.02326887 0.12032493
vt 0.01416345 0.12207610
vt 0.02819200 0.13426925
vt 0.01503680 0.14467305
vt 0.00695261 0.14843121
vt 0.00626612 0.12209959
vt 0.01549638 0.15310444
vt 0.02858705 0.14431225
vt 0.01387725 0.09851886
vt 0.00349829 0.14384459
vt 0.00303382 0.12301970
vt 0.00776806 0.16785593
vt 0.11595909 0.03940925
vt 0.11679845 0.02845260
vt 0.12660319 0.02873779
vt 0.12749520 0.03572723
vt 0.14419909 0.02793251
vt 0.14025398 0.04379266
vt 0.14766811 0.04383457
vt 0.14002328 0.05283580
vt 0.14785734 0.05338417
vt 0.12608446 0.04369504
vt 0.13205147 0.05291250
vt 0.12247293 0.02163480
vt 0.15753159 0.02835778
vt 0.15180217 0.01940094
vt 0.16803923 0.01972032
vt 0.15649487 0.01096559
vt 0.17545766 0.02864315
vt 0.14420037 0.01116466
vt 0.10487483 0.01998647
vt 0.17632541 0.01085447
vt 0.17440976 0.00558069
vt 0.19260329 0.01957094
vt 0.19278313 0.02839993
vt 0.19121985 0.01059111
vt 0.17227194 0.04448220
vt 0.18366303 0.04457689
vt 0.20719801 0.04473083
vt 0.18899907 0.05245719
vt 0.20005128 0.05266769
vt 0.18992124 0.05993460
vt 0.21737760 0.05225137
vt 0.22472183 0.04455981
vt 0.18032469 0.05255390
vt 0.17131862 0.05040750
vt 0.11986887 0.01172957
vt 0.09168608 0.01206135
vt 0.11878232 0.00679755
vt 0.13907586 0.00597147
vt 0.13853270 0.00427041
vt 0.10074744 0.00694851
vt 0.09097923 0.02035177
vt 0.15546203 0.04349944
vt 0.11805543 0.04474598
vt 0.06744970 0.03753582
vt 0.07472932 0.02968867
vt 0.06814144 0.03023066
vt 0.06064854 0.03815985
vt 0.06224683 0.03206407
vt 0.06882700 0.02240334
vt 0.07547431 0.02058319
vt 0.08531333 0.00742419
vt 0.13989665 0.01978528
vt 0.03906355 0.09773420
vt 0.03824536 0.05354085
vt 0.05361224 0.03860889
vt 0.05349139 0.03643179
vt 0.06233322 0.03035924
vt 0.09265956 0.00578730
vt 0.08536495 0.00604768
vt 0.10096126 0.00551397
vt 0.10172322 0.05398728
vt 0.33115673 0.42252567
vt 0.34805954 0.00772739
vt 0.56849653 0.32617062
vt 0.26439887 0.28558204
vt 0.79134721 0.14792792
vt 0.48546675 0.10232811
vt 0.49302217 0.09158088
vt 0.48513511 0.08490290
vt 0.49409008 0.06559679
vt 0.50088549 0.07664218
vt 0.50848240 0.06419314
vt 0.51197082 0.05018702
vt 0.51796055 0.05329969
vt 0.52381879 0.04479275
vt 0.47315004 0.08529545
vt 0.46223840 0.08569565
vt 0.53304178 0.04418831
vt 0.48501778 0.06667728
vt 0.52043670 0.03629585
vt 0.50145757 0.10213853
vt 0.50370598 0.04640106
vt 0.50760734 0.03682944
vt 0.49911693 0.03721523
vt 0.51569355 0.03002587
vt 0.48768348 0.04791272
vt 0.50743896 0.02998877
vt 0.50538272 0.09052107
vt 0.48817757 0.05636899
vt 0.48313722 0.03910344
vt 0.49075785 0.03055989
vt 0.48548633 0.02637378
vt 0.49954912 0.02353998
vt 0.49610463 0.01503839
vt 0.50279248 0.02119816
vt 0.50719148 0.02551400
vt 0.52416909 0.03003591
vt 0.51708001 0.07870232
vt 0.51761651 0.10636199
vt 0.52501249 0.10029345
vt 0.50687462 0.02240711
vt 0.53423786 0.03579717
vt 0.34365094 0.28440839
vt 0.35995820 0.00113177
vt 0.32601753 0.37461835
vt 0.18006925 0.06124956
vt 0.18869928 0.06893140
vt 0.42461258 0.25860623
vt 0.53423810 0.11554722
vt 0.72793633 0.03198664
vt 0.00971264 0.24758482
vt 0.00895613 0.25670198
vt 0.00545201 0.25382170
vt 0.00561903 0.25677457
vt 0.00535471 0.24679838
vt 0.00662634 0.26005778
vt 0.00962037 0.22859798
vt 0.01027827 0.26479939
vt 0.00841499 0.27014840
vt 0.87018210 0.24189541
vt 0.59697217 0.07834438
vt 0.60822278 0.07790452
vt 0.04797206 0.13171214
vt 0.79696995 0.21248648
vt 0.15315245 0.24035349
vt 0.56043428 0.13687219
vt 0.89836788 0.23110858
vt 0.01653608 0.16787174
vt 0.47288638 0.07356874
vt 0.24048059 0.04444169
vt 0.71668708 0.04978748
vt 0.59631616 0.14938064
vt 0.90303558 0.35728297
vt 0.90371078 0.36499193
vt 0.86908001 0.08303642
vt 0.32190073 0.03536455
vt 0.48200595 0.01434089
vt 0.76938534 0.26517829
vt 0.00373902 0.15722065
vt 0.33619097 0.23734488
vt 0.67561650 0.08467738
vt 0.67526895 0.11755882
vt 0.68256581 0.08550163
vt 0.68408126 0.12024622
vt 0.69212031 0.10330436
vt 0.69281721 0.12204163
vt 0.70033538 0.09920572
vt 0.66979039 0.12556982
vt 0.69139349 0.08625600
vt 0.06046887 0.27188343
vt 0.05672844 0.28477120
vt 0.17946130 0.06995162
vt 0.27743077 0.30595666
vt 0.42218429 0.08909401
vt 0.42270231 0.09799501
vt 0.60379654 0.28678522
vt 0.58771706 0.04345851
vt 0.87023073 0.38586554
vt 0.43294004 0.12248404
vt 0.42316568 0.10722840
vt 0.56876981 0.31781286
vt 0.87064344 0.03008091
vt 0.86890107 0.02596110
vt 0.85306215 0.02534741
vt 0.86731625 0.02453313
vt 0.11386275 0.31833142
vt 0.83340168 0.23554413
vt 0.11292478 0.11554843
vt 0.11205127 0.13773227
vt 0.10271592 0.13347614
vt 0.10321651 0.12091970
vt 0.10356780 0.10811573
vt 0.11210889 0.10194743
vt 0.09409738 0.10761965
vt 0.10287102 0.09085880
vt 0.09418563 0.12675141
vt 0.08561349 0.12329656
vt 0.08465257 0.09898141
vt 0.07637851 0.10131927
vt 0.08422019 0.07960018
vt 0.12101530 0.13779454
vt 0.10286456 0.07974785
vt 0.12083715 0.10945119
vt 0.64278239 0.08905806
vt 0.64608240 0.10517731
vt 0.63756287 0.10525924
vt 0.63378209 0.12110650
vt 0.62545758 0.10554516
vt 0.61808652 0.11767354
vt 0.61812890 0.12527192
vt 0.60634834 0.13507462
vt 0.61023766 0.11001725
vt 0.61629570 0.13681313
vt 0.63609600 0.13245478
vt 0.65094733 0.12441603
vt 0.61007094 0.09780683
vt 0.62521023 0.09325937
vt 0.62730038 0.08528159
vt 0.60895318 0.08582332
vt 0.62192148 0.07722959
vt 0.12586536 0.08645161
vt 0.12617747 0.09469300
vt 0.12171713 0.07798342
vt 0.13233861 0.07037365
vt 0.12165553 0.07121963
vt 0.37636730 0.00101852
vt 0.12484604 0.06215550
vt 0.14940728 0.07761738
vt 0.15747601 0.08549866
vt 0.15740524 0.07773618
vt 0.16575596 0.07771361
vt 0.16504611 0.06987503
vt 0.15687183 0.06966308
vt 0.17184143 0.07002041
vt 0.17200932 0.07756837
vt 0.17898481 0.07718969
vt 0.16634560 0.08536631
vt 0.32472768 0.31267092
vt 0.57219589 0.04333711
vt 0.40343153 0.38975370
vt 0.40279037 0.36755240
vt 0.39493087 0.38473397
vt 0.39679354 0.39700991
vt 0.38739321 0.38535237
vt 0.38161424 0.39312857
vt 0.38812029 0.40212977
vt 0.37983352 0.40199453
vt 0.37204376 0.40208939
vt 0.37182367 0.39340204
vt 0.38206747 0.41202855
vt 0.39611089 0.41200832
vt 0.38550937 0.37843120
vt 0.37146711 0.41224188
vt 0.60170764 0.04335000
vt 0.36906445 0.18103983
vt 0.74379241 0.23910597
vt 0.90089905 0.25045419
vt 0.21851613 0.03661492
vt 0.65054047 0.11299848
vt 0.05341216 0.04491762
vt 0.56857520 0.27870739
vt 0.62718660 0.30520612
vt 0.57192433 0.17492810
vt 0.77091974 0.33838406
vt 0.53990442 0.38001665
vt 0.12638800 0.13748033
vt 0.90065652 0.22455800
vt 0.18741322 0.13652940
vt 0.89992702 0.18296263
vt 0.36117187 0.29720020
vt 0.50031465 0.01441649
vt 0.49548095 0.00742948
vt 0.49400419 0.00922475
vt 0.49274552 0.00380664
vt 0.20251456 0.38991114
vt 0.13597591 0.26995474
vt 0.40352961 0.41209567
vt 0.40001333 0.27258509
vt 0.31745359 0.36675906
vt 0.12669821 0.24509035
vt 0.34120706 0.16310686
vt 0.33406556 0.17152505
vt 0.80616969 0.40724763
vt 0.72284693 0.41505772
vt 0.85436869 0.27119905
vt 0.84804535 0.27268726
vt 0.85479009 0.27753907
vt 0.84832603 0.28488499
vt 0.85515988 0.28481245
vt 0.86284083 0.27760160
vt 0.06919926 0.12072642
vt 0.02711830 0.21136329
vt 0.74478370 0.25944912
vt 0.12939824 0.21256611
vt 0.04487792 0.15988684
vt 0.71561545 0.42107189
vt 0.72320253 0.42049801
vt 0.72614181 0.41761085
vt 0.50390381 0.01779586
vt 0.75344217 0.35601601
vt 0.51388633 0.38607007
vt 0.86332864 0.28468812
vt 0.87890875 0.02632634
vt 0.15744184 0.09322452
vt 0.72753292 0.02744217
vt 0.70770478 0.42102712
vt 0.71073073 0.12139831
vt 0.88776314 0.09923735
vt 0.11838666 0.06239513
vt 0.12664843 0.16767077
vt 0.82180309 0.26555586
vt 0.59451795 0.24136759
vt 0.03747611 0.16801986
vt 0.02411988 0.17718470
vt 0.02642672 0.20482196
vt 0.01752467 0.18581302
vt 0.01709202 0.17625989
vt 0.72988993 0.41241461
vt 0.17496771 0.18908346
vt 0.61904407 0.15751249
vt 0.45900190 0.36691791
vt 0.49305037 0.33317575
vt 0.17643261 0.30749685
vt 0.42043957 0.34707418
vt 0.64423537 0.07693449
vt 0.00844589 0.17885613
vt 0.40225521 0.36228204
vt 0.89532000 0.09689657
vt 0.89550787 0.10906380
vt 0.69097823 0.06836648
vt 0.31665900 0.29804394
vt 0.33540943 0.00183894
vt 0.74327236 0.41358840
vt 0.24002765 0.00293562
vt 0.27864498 0.00236596
vt 0.21569584 0.00333862
vt 0.39729357 0.13570599
vt 0.38972256 0.12686835
vt 0.56705731 0.08689092
vt 0.57397252 0.09752267
vt 0.41503128 0.16927630
vt 0.01068609 0.34099209
vt 0.42029503 0.22532719
vt 0.38179916 0.11056166
vt 0.58120137 0.03475013
vt 0.56970322 0.03499986
vt 0.58115989 0.02899616
vt 0.59707868 0.02871723
vt 0.58964288 0.02694100
vt 0.58107489 0.02687452
vt 0.57253402 0.02717753
vt 0.11142799 0.07137929
vt 0.86162585 0.18129544
vt 0.52959895 0.28566119
vt 0.86246943 0.27156332
vt 0.56636471 0.19975163
vt 0.16496854 0.18055494
vt 0.82522726 0.38488680
vt 0.74244249 0.08438556
vt 0.42431682 0.17748588
vt 0.59101439 0.11501167
vt 0.11901148 0.00522926
vt 0.87136364 0.27766353
vt 0.87258422 0.28442946
vt 0.88315606 0.28415078
vt 0.57248861 0.02916348
vt 0.17518330 0.33204353
vt 0.68272418 0.07682531
vt 0.88200396 0.27768677
vt 0.54857475 0.35121846
vt 0.18783607 0.11008154
vt 0.18135582 0.11658823
vt 0.09331551 0.07129516
vt 0.70232153 0.12874411
vt 0.01190850 0.27260733
vt 0.79658145 0.38652730
vt 0.86200529 0.23324622
vt 0.74134654 0.02711787
vt 0.34964195 0.36418355
vt 0.62598372 0.14060923
vt 0.44940045 0.24327138
vt 0.07699231 0.00805637
vt 0.12566248 0.10951498
vt 0.00283563 0.04795907
vt 0.62944496 0.02853714
vt 0.63731706 0.02820092
vt 0.65326375 0.02835693
vt 0.64868671 0.02734619
vt 0.61764395 0.02857844
vt 0.11088240 0.06264050
vt 0.89765942 0.09074677
vt 0.18337601 0.15082332
vt 0.46775252 0.38372502
vt 0.42034313 0.37373722
vt 0.42136765 0.36057630
vt 0.17462960 0.10980669
vt 0.17528997 0.11895000
vt 0.16706188 0.11911952
vt 0.79096496 0.03867349
vt 0.77121037 0.03928006
vt 0.79155463 0.03062223
vt 0.76825911 0.03113684
vt 0.74873430 0.03997057
vt 0.78862894 0.02596663
vt 0.80751276 0.02582735
vt 0.76398534 0.02645497
vt 0.78102183 0.02527369
vt 0.80270612 0.02509877
vt 0.80668694 0.03028023
vt 0.59702653 0.08563107
vt 0.45724800 0.27970999
vt 0.29243684 0.00235641
vt 0.18390730 0.30046946
vt 0.17683132 0.30046326
vt 0.17064624 0.30053738
vt 0.00514089 0.04042953
vt 0.00521880 0.03830035
vt 0.00159365 0.04175727
vt 0.00123795 0.03921972
vt 0.01014444 0.03715435
vt 0.00099800 0.03634299
vt 0.01609526 0.03688703
vt 0.70586091 0.37095034
vt 0.73406303 0.02631636
vt 0.02532266 0.28038293
vt 0.01676225 0.28016359
vt 0.02593355 0.03680481
vt 0.84999204 0.02424240
vt 0.84099531 0.02504689
vt 0.33518970 0.00804451
vt 0.08885548 0.33457503
vt 0.09724522 0.32039046
vt 0.07287323 0.33683908
vt 0.82924718 0.08516086
vt 0.37652436 0.36986479
vt 0.66336137 0.12583597
vt 0.09742305 0.33657822
vt 0.08898620 0.35442692
vt 0.09765647 0.35396054
vt 0.09005816 0.38143483
vt 0.09851190 0.38342336
vt 0.09003343 0.39204377
vt 0.08209404 0.39029554
vt 0.07774563 0.40049410
vt 0.07405349 0.39058611
vt 0.09034406 0.40027377
vt 0.07815462 0.40845764
vt 0.06620970 0.40886909
vt 0.09063038 0.40918505
vt 0.09911761 0.40043840
vt 0.09880780 0.40919772
vt 0.10760586 0.40085644
vt 0.11558080 0.41738582
vt 0.11542064 0.40084183
vt 0.13150813 0.40077856
vt 0.12745908 0.41670474
vt 0.14305289 0.40689725
vt 0.12433661 0.42544052
vt 0.14090182 0.40008062
vt 0.14997530 0.39954507
vt 0.14548700 0.39281222
vt 0.15582274 0.39188129
vt 0.13231847 0.42530042
vt 0.14027816 0.41615963
vt 0.14821686 0.38080636
vt 0.14077590 0.38235977
vt 0.11598426 0.42556351
vt 0.11628606 0.43361324
vt 0.12464094 0.43354678
vt 0.12510817 0.44071278
vt 0.11685492 0.44156897
vt 0.11230731 0.44652578
vt 0.10911005 0.44299617
vt 0.10803108 0.44741499
vt 0.10810716 0.43368825
vt 0.13287154 0.43999356
vt 0.13098218 0.44458249
vt 0.09905651 0.41659397
vt 0.16440813 0.39916989
vt 0.14807467 0.36537099
vt 0.10662513 0.38724402
vt 0.11482984 0.38689646
vt 0.11478884 0.36108276
vt 0.12591076 0.37049094
vt 0.12801030 0.35291761
vt 0.11380668 0.34037015
vt 0.12825868 0.38411850
vt 0.09975463 0.44643477
vt 0.16471013 0.39163449
vt 0.12741259 0.39497170
vt 0.13242938 0.43350515
vt 0.10095879 0.44102183
vt 0.06412209 0.40026325
vt 0.07723512 0.41787940
vt 0.09094802 0.41668671
vt 0.09155992 0.42572439
vt 0.08312985 0.42579678
vt 0.08371300 0.43376765
vt 0.07574037 0.43384174
vt 0.09204752 0.43370688
vt 0.09273915 0.44211718
vt 0.08451647 0.44216880
vt 0.10009216 0.42568147
vt 0.06647400 0.41759276
vt 0.07518388 0.42585781
vt 0.14151981 0.36360899
vt 0.09184785 0.44526532
vt 0.09452376 0.41242415
vt 0.09861901 0.39227006
vt 0.10625924 0.36078715
vt 0.08131638 0.36088383
vt 0.07369005 0.37119862
vt 0.06603648 0.37954313
vt 0.10571930 0.32813513
vt 0.28282171 0.15845412
vt 0.90069950 0.23108688
vt 0.47471154 0.00542626
vt 0.12083063 0.14532949
vt 0.59779888 0.02690864
vt 0.60411227 0.02688687
vt 0.60651916 0.02829921
vt 0.60956812 0.02719152
vt 0.10266527 0.07143839
vt 0.68002683 0.13933152
vt 0.17187060 0.06129512
vt 0.90258408 0.37362587
vt 0.90502489 0.37876210
vt 0.90329158 0.38133615
vt 0.89861882 0.38286042
vt 0.89954084 0.39144859
vt 0.89379370 0.39272615
vt 0.90382779 0.38965800
vt 0.89780951 0.37479663
vt 0.89166653 0.37571231
vt 0.89259672 0.38386953
vt 0.38301763 0.17711894
vt 0.38898975 0.10820191
vt 0.41459090 0.17796922
vt 0.61430216 0.03409423
vt 0.56718379 0.21167797
vt 0.25086418 0.41233796
vt 0.11202805 0.08646164
vt 0.62056327 0.26282689
vt 0.12633029 0.19017090
vt 0.42792916 0.29505736
vt 0.30960366 0.37520161
vt 0.29446453 0.37666425
vt 0.84645063 0.26498672
vt 0.31828839 0.28503734
vt 0.08391134 0.07152744
vt 0.50005561 0.05550897
vt 0.10098805 0.30969453
vt 0.76561999 0.10234436
vt 0.01027315 0.28069159
vt 0.89821100 0.12081198
vt 0.23493278 0.05227819
vt 0.52427649 0.02788148
vt 0.54223990 0.02755974
vt 0.75026369 0.02601712
vt 0.75714707 0.10246527
vt 0.30357414 0.17077900
vt 0.58711213 0.37450480
vt 0.16710207 0.11005751
vt 0.74041408 0.03171495
vt 0.59679425 0.03447242
vt 0.43308839 0.22919478
vt 0.05155132 0.36739665
vt 0.07735886 0.00698257
vt 0.58708996 0.33773482
vt 0.20906246 0.00506504
vt 0.37583312 0.38629696
vt 0.84670931 0.10183364
vt 0.00167788 0.04379065
vt 0.70914263 0.10550635
vt 0.78259623 0.09155029
vt 0.01819087 0.26461989
vt 0.89577687 0.11970139
vt 0.47572067 0.04474507
vt 0.04170864 0.27345455
vt 0.15231207 0.00589222
vt 0.15039082 0.00405121
vt 0.52825505 0.06587554
vt 0.11180799 0.07893941
vt 0.89331979 0.28404239
vt 0.58609575 0.25604123
vt 0.04409941 0.28043640
vt 0.49921599 0.03016211
vt 0.29070628 0.42244902
vt 0.65503109 0.30502871
vt 0.76529604 0.02554812
vt 0.39873466 0.22163282
vt 0.28207365 0.15365766
vt 0.82459611 0.13323633
vt 0.87088805 0.03765320
vt 0.11807597 0.05327804
vt 0.00209539 0.05589434
vt 0.50987864 0.11596578
vt 0.51793540 0.12383135
vt 0.11225483 0.44678649
vt 0.52110946 0.29486814
vt 0.88827962 0.11190899
vt 0.84114498 0.28482449
vt 0.41174448 0.08928905
vt 0.89299238 0.27778229
vt 0.88116014 0.27249911
vt 0.89254713 0.27263585
vt 0.89910531 0.27834454
vt 0.89893848 0.27282834
vt 0.89208448 0.26612240
vt 0.90105355 0.27836338
vt 0.71248126 0.29549402
vt 0.15527941 0.05840213
vt 0.33849657 0.13302881
vt 0.69918907 0.02780460
vt 0.06018361 0.04504571
vt 0.37967467 0.17953344
vt 0.22004528 0.20849761
vt 0.87084609 0.04597548
vt 0.46312004 0.17271255
vt 0.83877635 0.02974171
vt 0.35040268 0.15424328
vt 0.34975845 0.16213712
vt 0.07206199 0.00790407
vt 0.79951704 0.27523774
vt 0.17081203 0.31068951
vt 0.73266721 0.05838085
vt 0.25451118 0.33880860
vt 0.42579114 0.33024254
vt 0.89941418 0.28442129
vt 0.38993755 0.06919159
vt 0.82499385 0.35065177
vt 0.48900279 0.39909881
vt 0.56343848 0.37470594
vt 0.12742628 0.32764480
vt 0.84866804 0.29251158
vt 0.00637948 0.28725806
vt 0.21978894 0.40432024
vt 0.34045255 0.17948915
vt 0.23733921 0.33073780
vt 0.70752412 0.14056231
vt 0.05849128 0.41765094
vt 0.38469517 0.31770310
vt 0.66124713 0.02763832
vt 0.06246504 0.39171514
vt 0.14448668 0.06977536
vt 0.63735205 0.30509928
vt 0.36227545 0.40242389
vt 0.05861128 0.42589396
vt 0.74970287 0.04922221
vt 0.74087834 0.04881537
vt 0.84760243 0.08209222
vt 0.04096501 0.12302353
vt 0.62291944 0.02711689
vt 0.68179607 0.40631279
vt 0.55356580 0.29512742
vt 0.24266547 0.28494313
vt 0.50240183 0.17158666
vt 0.05073596 0.43107960
vt 0.05869173 0.43401000
vt 0.04868280 0.44258660
vt 0.05883319 0.44237792
vt 0.05122885 0.44775352
vt 0.05922860 0.44780445
vt 0.06761602 0.44227859
vt 0.06797273 0.44784406
vt 0.07667494 0.44785482
vt 0.05911321 0.44920319
vt 0.04740234 0.44878486
vt 0.04313050 0.43436575
vt 0.02815016 0.44279730
vt 0.04790806 0.41828123
vt 0.02791963 0.43350273
vt 0.01958637 0.44291896
vt 0.01903286 0.43417063
vt 0.01202616 0.44270191
vt 0.01214668 0.44704074
vt 0.00905540 0.44644183
vt 0.01399731 0.43672848
vt 0.01189506 0.43403751
vt 0.01563613 0.43104672
vt 0.01182638 0.42623523
vt 0.00873438 0.43455169
vt 0.00851202 0.41905808
vt 0.01175665 0.41783303
vt 0.00996502 0.44003054
vt 0.00901149 0.44497973
vt 0.01877924 0.40982184
vt 0.01971191 0.44765300
vt 0.02762579 0.41817898
vt 0.75350273 0.37698549
vt 0.34458289 0.15979256
vt 0.04615107 0.04472585
vt 0.06665540 0.35951450
vt 0.67634189 0.02840771
vt 0.16480163 0.38338512
vt 0.43187085 0.08151872
vt 0.88062161 0.26630589
vt 0.02790090 0.35044211
vt 0.37458572 0.21415487
vt 0.13468340 0.16599101
vt 0.51565170 0.02734260
vt 0.36600453 0.12645356
vt 0.36271510 0.14340273
vt 0.88800454 0.03722825
vt 0.70843345 0.06866068
vt 0.32887462 0.17150414
vt 0.42368913 0.16221417
vt 0.36264086 0.42059207
vt 0.39025649 0.18585390
vt 0.19785458 0.15730081
vt 0.79238194 0.39462817
vt 0.30265361 0.38775069
vt 0.63653886 0.02710668
vt 0.89509130 0.03827881
vt 0.89380211 0.03028242
vt 0.89638734 0.03029306
vt 0.88785523 0.03010786
vt 0.89273363 0.02638722
vt 0.14798233 0.42501161
vt 0.37988269 0.42195651
vt 0.19177401 0.13055404
vt 0.50163358 0.13144153
vt 0.42536575 0.28908813
vt 0.38784632 0.42114475
vt 0.89700145 0.03623618
vt 0.89762872 0.03828046
vt 0.89659321 0.04225418
vt 0.07243135 0.00863041
vt 0.07129364 0.01272930
vt 0.17150687 0.40651956
vt 0.35172507 0.14576666
vt 0.38808125 0.42936718
vt 0.37202403 0.42080936
vt 0.37297568 0.42555678
vt 0.37719756 0.42542624
vt 0.36394539 0.42469826
vt 0.36389875 0.42577866
vt 0.34866160 0.42591035
vt 0.35140681 0.42463019
vt 0.22564383 0.32284093
vt 0.38207626 0.06679740
vt 0.38057345 0.42865628
vt 0.16816105 0.00409682
vt 0.44118342 0.18562782
vt 0.00581083 0.09327993
vt 0.19301336 0.20391025
vt 0.45257741 0.07659090
vt 0.15235895 0.26779684
vt 0.19743757 0.06697087
vt 0.19344391 0.39197880
vt 0.17260212 0.39135769
vt 0.08717082 0.21787782
vt 0.30271336 0.00386911
vt 0.31957623 0.00378013
vt 0.16214317 0.29424387
vt 0.87011355 0.23270260
vt 0.16408020 0.06118606
vt 0.10210109 0.06287502
vt 0.29686606 0.16336413
vt 0.66163176 0.38783473
vt 0.51396286 0.13962832
vt 0.42742419 0.37572858
vt 0.66697031 0.35860884
vt 0.11213544 0.18959996
vt 0.23122138 0.16491832
vt 0.88054991 0.23217115
vt 0.06915294 0.01199025
vt 0.10076066 0.43333039
vt 0.89868867 0.26612791
vt 0.12571071 0.20550671
vt 0.54666758 0.39582369
vt 0.05857832 0.37778795
vt 0.85261661 0.35896480
vt 0.03330084 0.15609042
vt 0.02748619 0.35983416
vt 0.02848896 0.38448966
vt 0.01958094 0.37734103
vt 0.01088925 0.38456663
vt 0.03571415 0.38440472
vt 0.01115040 0.35967618
vt 0.02781408 0.39176801
vt 0.03561752 0.39190710
vt 0.02750755 0.40068287
vt 0.03547680 0.40056291
vt 0.04351135 0.39209840
vt 0.04343894 0.40047961
vt 0.01899986 0.40084532
vt 0.22269763 0.15731597
vt 0.01891130 0.39176458
vt 0.01255891 0.40081006
vt 0.01423670 0.40706590
vt 0.45362300 0.10765774
vt 0.20459746 0.23103748
vt 0.40688729 0.23652993
vt 0.34243959 0.26306251
vt 0.00270240 0.09816615
vt 0.04348752 0.38423929
vt 0.05128864 0.38403100
vt 0.01110286 0.37759268
vt 0.00790625 0.37753350
vt 0.37462735 0.14537875
vt 0.85202324 0.15013646
vt 0.57583570 0.19035544
vt 0.68259025 0.06833807
vt 0.40354431 0.28220758
vt 0.16764519 0.21750930
vt 0.45011675 0.33169740
vt 0.56656569 0.10919835
vt 0.05535339 0.40888265
vt 0.15121673 0.41583344
vt 0.77420610 0.17793554
vt 0.35587910 0.16256173
vt 0.23324719 0.29894349
vt 0.19646314 0.14429630
vt 0.73232853 0.04926594
vt 0.44869760 0.29924560
vt 0.12785903 0.27082014
vt 0.87904745 0.02486254
vt 0.89751846 0.05640858
vt 0.12667291 0.44803983
vt 0.17146035 0.36069536
vt 0.78400528 0.18707083
vt 0.50614524 0.34354919
vt 0.44287312 0.41116002
vt 0.00530190 0.22900325
vt 0.49243537 0.27121297
vt 0.04353405 0.32450256
vt 0.55550545 0.22193706
vt 0.58232999 0.10555270
vt 0.00782108 0.36279798
vt 0.87015671 0.22411805
vt 0.55857474 0.36572790
vt 0.53912044 0.40055969
vt 0.69095993 0.40611410
vt 0.68328148 0.41498950
vt 0.75815421 0.09337420
vt 0.59056538 0.09781479
vt 0.33440697 0.00334799
vt 0.00227828 0.08016070
vt 0.43131906 0.17743996
vt 0.77401346 0.16824423
vt 0.39598882 0.42097834
vt 0.87936407 0.03749665
vt 0.75303942 0.41119656
vt 0.71490902 0.02762117
vt 0.04414694 0.40922579
vt 0.07929882 0.34950110
vt 0.73461634 0.17027006
vt 0.03315344 0.26525146
vt 0.36881441 0.02477733
vt 0.15699656 0.42483312
vt 0.89449489 0.04544305
vt 0.70746088 0.41443250
vt 0.17699197 0.29388604
vt 0.06725430 0.43389454
vt 0.14809617 0.43333653
vt 0.15602157 0.43323246
vt 0.16399066 0.43311241
vt 0.15763640 0.43865028
vt 0.17147046 0.42459929
vt 0.17491403 0.43290776
vt 0.17760448 0.43831775
vt 0.17790197 0.44276622
vt 0.15348582 0.44328800
vt 0.15686129 0.44762307
vt 0.18359861 0.44738376
vt 0.19182998 0.44273505
vt 0.18341500 0.42434266
vt 0.14825924 0.43906522
vt 0.59880984 0.11590703
vt 0.80824989 0.21378708
vt 0.30298457 0.00230058
vt 0.31986472 0.00213958
vt 0.20665374 0.14961687
vt 0.11353964 0.27816558
vt 0.12638226 0.22205444
vt 0.18858418 0.12738892
vt 0.00755161 0.34929109
vt 0.54080600 0.02922722
vt 0.10541251 0.34140021
vt 0.04307120 0.30029777
vt 0.78523618 0.09977713
vt 0.07767975 0.28493100
vt 0.89798808 0.10961024
vt 0.89177090 0.23148714
vt 0.62260234 0.06947952
vt 0.05143199 0.37576088
vt 0.19174600 0.28551838
vt 0.15496664 0.36536807
vt 0.83512723 0.41129336
vt 0.00407154 0.17126338
vt 0.55761826 0.04365952
vt 0.70352352 0.02671127
vt 0.88481224 0.36817849
vt 0.18466701 0.19310437
vt 0.53097475 0.38676041
vt 0.04097623 0.13988079
vt 0.89702946 0.36690730
vt 0.01025984 0.39242905
vt 0.00777336 0.39556545
vt 0.00766073 0.38992959
vt 0.14049849 0.44380474
vt 0.19396207 0.41502586
vt 0.12368245 0.19376649
vt 0.68465573 0.02722114
vt 0.05114164 0.39215970
vt 0.00439315 0.18307641
vt 0.46790361 0.39163539
vt 0.33100957 0.21436368
vt 0.54199529 0.40960422
vt 0.18704531 0.07665884
vt 0.42101714 0.35432631
vt 0.42782924 0.36017191
vt 0.01577810 0.41267419
vt 0.76923054 0.30971080
vt 0.87690991 0.09408296
vt 0.77312064 0.10141793
vt 0.11145590 0.14533192
vt 0.14088930 0.34420663
vt 0.73039037 0.32455879
vt 0.69727021 0.17888410
vt 0.00787057 0.38447389
vt 0.86303717 0.07561940
vt 0.43892804 0.12226532
vt 0.74539679 0.35917476
vt 0.46777803 0.41961133
vt 0.53204799 0.08049152
vt 0.00870390 0.20172860
vt 0.00483220 0.20413354
vt 0.47174871 0.00109254
vt 0.12641603 0.14496902
vt 0.90518963 0.38613525
vt 0.04358673 0.37620339
vt 0.30366424 0.18808702
vt 0.72214109 0.40633523
vt 0.16669177 0.09292291
vt 0.07645211 0.44221571
vt 0.90246725 0.34951106
vt 0.87067521 0.39477250
vt 0.87837863 0.38538611
vt 0.87842000 0.39443302
vt 0.87071103 0.40286645
vt 0.87854278 0.40329510
vt 0.88482988 0.40294871
vt 0.88517964 0.39436471
vt 0.88337517 0.41021445
vt 0.89169788 0.40181473
vt 0.88952202 0.40755478
vt 0.88238901 0.41379961
vt 0.88329953 0.41363299
vt 0.87909418 0.41578773
vt 0.89705735 0.40338477
vt 0.89736080 0.40342772
vt 0.87903422 0.41095060
vt 0.74568933 0.41474631
vt 0.58726805 0.41725391
vt 0.06694227 0.42583823
vt 0.80568439 0.35373875
vt 0.45316985 0.09370276
vt 0.19425665 0.43252975
vt 0.17261542 0.08489725
vt 0.34142014 0.32850817
vt 0.73222166 0.04021696
vt 0.18186666 0.12827742
vt 0.32111707 0.20355548
vt 0.23311979 0.28467983
vt 0.69103652 0.07696009
vt 0.19387324 0.43825540
vt 0.20266937 0.43799695
vt 0.19741906 0.13521692
vt 0.90189546 0.34138897
vt 0.55651426 0.02939758
vt 0.16682298 0.12836233
vt 0.17380226 0.10074195
vt 0.16494919 0.41558748
vt 0.85624456 0.35954428
vt 0.34312373 0.27553988
vt 0.87922311 0.03019021
vt 0.02787274 0.44780725
vt 0.02994448 0.44896924
vt 0.78302854 0.14803223
vt 0.64437997 0.18930145
vt 0.12041730 0.09364571
vt 0.87826908 0.37716159
vt 0.48794329 0.00220959
vt 0.57789159 0.27011514
vt 0.89162689 0.29867727
vt 0.89537680 0.29851779
vt 0.89610857 0.29185948
vt 0.89854199 0.29835838
vt 0.89887679 0.30669478
vt 0.89793187 0.29176050
vt 0.89885873 0.28942028
vt 0.89495981 0.30687395
vt 0.26902568 0.35524428
vt 0.82177126 0.02552337
vt 0.08883043 0.02899847
vt 0.61613536 0.14942580
vt 0.70832211 0.09343497
vt 0.58740586 0.42461112
vt 0.66763395 0.40662661
vt 0.83884352 0.09374242
vt 0.49988928 0.41878316
vt 0.89487982 0.02553827
vt 0.57783443 0.37495154
vt 0.85578966 0.08218217
vt 0.89769381 0.02594212
vt 0.29851910 0.42231256
vt 0.89769912 0.33374205
vt 0.74035829 0.04002592
vt 0.36887443 0.30912098
vt 0.62695849 0.29193509
vt 0.62804723 0.41631597
vt 0.57913709 0.42478848
vt 0.12467708 0.05308426
vt 0.59550226 0.42440686
vt 0.59571666 0.37476042
vt 0.33452725 0.17985165
vt 0.40497261 0.42082715
vt 0.13066636 0.22576328
vt 0.89129663 0.31222329
vt 0.89428377 0.31574881
vt 0.01772689 0.21005672
vt 0.89918846 0.31579632
vt 0.89559257 0.32568932
vt 0.89952511 0.32518527
vt 0.13586862 0.06154503
vt 0.60614914 0.03425419
vt 0.86122322 0.39494321
vt 0.29856595 0.43076411
vt 0.01399164 0.08295953
vt 0.35188547 0.29762888
vt 0.07701529 0.13239978
vt 0.14023703 0.43341956
vt 0.12734514 0.25898963
vt 0.18293849 0.18905342
vt 0.85971212 0.41163313
vt 0.11065337 0.05358294
vt 0.20333675 0.44250590
vt 0.21059576 0.43778858
vt 0.21864894 0.44196036
vt 0.21850382 0.43756098
vt 0.22640465 0.43741205
vt 0.22743379 0.44085538
vt 0.22651461 0.44693354
vt 0.23556331 0.44681165
vt 0.23515339 0.44159102
vt 0.24357332 0.43699208
vt 0.20639753 0.44711450
vt 0.90123659 0.33310747
vt 0.89309055 0.33413571
vt 0.89216900 0.32569823
vt 0.67009926 0.02768412
vt 0.03279624 0.27318305
vt 0.18424270 0.29348913
vt 0.01101029 0.35074869
vt 0.28283718 0.42260998
vt 0.72424763 0.04040745
vt 0.54820681 0.33440354
vt 0.07635836 0.01230476
vt 0.67490578 0.41514939
vt 0.81526703 0.02508357
vt 0.32032061 0.17146102
vt 0.74226481 0.27359489
vt 0.88766503 0.02582711
vt 0.55709153 0.37474382
vt 0.56425059 0.02735179
vt 0.54944676 0.02746850
vt 0.19252890 0.00389465
vt 0.67565191 0.42185432
vt 0.14053951 0.43943009
vt 0.69031227 0.42157507
vt 0.31076801 0.17137830
vt 0.17661938 0.35168323
vt 0.40359965 0.42899922
vt 0.54840475 0.34335002
vt 0.69317716 0.41477445
vt 0.88421428 0.29120976
vt 0.08456688 0.44778505
vt 0.16464563 0.36600438
vt 0.64487725 0.29689887
vt 0.86375570 0.29215586
vt 0.87268394 0.41159332
vt 0.86737728 0.40524849
vt 0.86770403 0.41169411
vt 0.86431003 0.40538493
vt 0.86774659 0.41595691
vt 0.02825691 0.40895063
vt 0.16680479 0.10116874
vt 0.25048977 0.44139016
vt 0.25757974 0.44653109
vt 0.26250324 0.44124940
vt 0.28049043 0.44617453
vt 0.28148547 0.44097605
vt 0.27406138 0.43653908
vt 0.28317866 0.43642154
vt 0.30166706 0.44078723
vt 0.29085979 0.43631610
vt 0.30167228 0.43612167
vt 0.31624290 0.44067928
vt 0.31429085 0.43593478
vt 0.31246316 0.44584563
vt 0.32257950 0.44574642
vt 0.32239312 0.43581799
vt 0.33691609 0.44069287
vt 0.33063078 0.43574086
vt 0.33857229 0.43570715
vt 0.33605450 0.44558585
vt 0.34654096 0.43566200
vt 0.29703099 0.44599593
vt 0.25695220 0.43669745
vt 0.19188516 0.07092172
vt 0.83619022 0.02434465
vt 0.88840842 0.34270623
vt 0.88134152 0.33384058
vt 0.41838109 0.42869255
vt 0.33934295 0.42098683
vt 0.50747895 0.39085713
vt 0.87066919 0.27217236
vt 0.89926052 0.39923620
vt 0.29088563 0.43101111
vt 0.90104055 0.24013938
vt 0.33478242 0.42560729
vt 0.20592545 0.01038371
vt 0.83305991 0.33981583
vt 0.83372897 0.32640904
vt 0.03269934 0.03873839
vt 0.03743604 0.03669204
vt 0.04295652 0.44769683
vt 0.39868560 0.18509921
vt 0.39320421 0.00099602
vt 0.54798800 0.02956314
vt 0.01190655 0.40946105
vt 0.00815634 0.40908137
vt 0.00756032 0.40062541
vt 0.43277797 0.24317591
vt 0.87037075 0.26601645
vt 0.49014443 0.00645543
vt 0.81038147 0.27585497
vt 0.87795007 0.36881852
vt 0.88577980 0.38502741
vt 0.36018464 0.15239380
vt 0.00901591 0.44256184
vt 0.86182100 0.41692081
vt 0.86540085 0.41505176
vt 0.84917873 0.31681708
vt 0.50696534 0.38307312
vt 0.90103865 0.28236389
vt 0.35413066 0.44061819
vt 0.34630072 0.44539967
vt 0.35563496 0.44519901
vt 0.36258203 0.44058147
vt 0.37058425 0.44492444
vt 0.37073559 0.44054148
vt 0.37859753 0.44480801
vt 0.37866953 0.44050097
vt 0.38598061 0.44114080
vt 0.38594291 0.44471323
vt 0.38941088 0.44430643
vt 0.38940364 0.44459590
vt 0.40821305 0.44526994
vt 0.39603925 0.44424042
vt 0.40521023 0.44427791
vt 0.42277941 0.44443625
vt 0.42914429 0.44582587
vt 0.43510062 0.44456583
vt 0.44937280 0.44631669
vt 0.44717151 0.44475180
vt 0.45885950 0.44507128
vt 0.46903563 0.44535160
vt 0.47848594 0.44730526
vt 0.48902786 0.44614813
vt 0.49804029 0.44782010
vt 0.51363814 0.44702634
vt 0.52603060 0.44842649
vt 0.52791846 0.44751039
vt 0.54288280 0.44859138
vt 0.53793991 0.44771916
vt 0.54561371 0.44778875
vt 0.55316484 0.44780573
vt 0.56091291 0.44785577
vt 0.58362615 0.44862515
vt 0.56894046 0.44794160
vt 0.57684636 0.44806764
vt 0.58472884 0.44513494
vt 0.59243554 0.44533738
vt 0.59310937 0.44834974
vt 0.60511583 0.44894066
vt 0.60817885 0.44658190
vt 0.60826671 0.44920319
vt 0.61657685 0.44562399
vt 0.60023558 0.44552043
vt 0.61670256 0.44867218
vt 0.62497741 0.44500369
vt 0.63258481 0.44739336
vt 0.63335633 0.44431666
vt 0.64234453 0.44636089
vt 0.64223915 0.44398290
vt 0.64573610 0.44539911
vt 0.64906949 0.44185847
vt 0.65648216 0.43954733
vt 0.66216838 0.43972465
vt 0.66067564 0.43784794
vt 0.66594929 0.43622714
vt 0.67781675 0.43651876
vt 0.68031299 0.43336886
vt 0.67523187 0.43959641
vt 0.69286174 0.43611854
vt 0.69529831 0.43318751
vt 0.70302856 0.43416676
vt 0.71685463 0.42907900
vt 0.71738619 0.43148232
vt 0.72668505 0.42976895
vt 0.72601950 0.42740399
vt 0.71801686 0.42628357
vt 0.73357582 0.42593315
vt 0.73390323 0.42838088
vt 0.74107629 0.42442864
vt 0.74506295 0.42616391
vt 0.74869287 0.42289296
vt 0.74052739 0.42144036
vt 0.73306566 0.42312992
vt 0.75644916 0.42130888
vt 0.75771946 0.42353284
vt 0.76408505 0.41973168
vt 0.77194321 0.41811875
vt 0.77202755 0.42035645
vt 0.78012764 0.41643235
vt 0.78434467 0.41766346
vt 0.72510248 0.42488244
vt 0.70327502 0.42914149
vt 0.66118091 0.44229734
vt 0.69468737 0.43072495
vt 0.35450402 0.43562493
vt 0.82348001 0.02990763
vt 0.48202130 0.00581546
vt 0.86396426 0.41179883
vt 0.69975305 0.42124653
vt 0.86591285 0.33373258
vt 0.83402205 0.31753635
vt 0.89122754 0.31895739
vt 0.88761073 0.33397961
vt 0.50852883 0.42679381
vt 0.87605458 0.33377695
vt 0.89354151 0.29011032
vt 0.65546566 0.03330623
vt 0.88781232 0.02422513
vt 0.41091377 0.36095795
vt 0.10797690 0.42565665
vt 0.14445138 0.44736359
vt 0.01894830 0.27164760
vt 0.01290852 0.27911514
vt 0.90146488 0.39832523
vt 0.77933306 0.40304115
vt 0.02548435 0.27264363
vt 0.06313855 0.02478074
vt 0.97567022 0.84687400
vt 0.97704589 0.83167332
vt 0.97116697 0.84822655
vt 0.97704589 0.86114639
vt 0.96906185 0.86553782
vt 0.91429907 0.33872256
vt 0.91293830 0.35756972
vt 0.92115766 0.35414124
vt 0.90518963 0.34160113
vt 0.90625793 0.32376337
vt 0.92115760 0.32171315
vt 0.98919141 0.76219112
vt 0.98902196 0.77057004
vt 0.99900198 0.76195216
vt 0.99900198 0.77390438
vt 0.02328851 0.67629480
vt 0.03293413 0.64840639
vt 0.02295409 0.65441287
vt 0.03293413 0.66763580
vt 0.98644215 0.83907211
vt 0.99700600 0.84960157
vt 0.99700600 0.83366531
vt 0.98303396 0.84409779
vt 0.99101794 0.86952192
vt 0.99101794 0.85338706
vt 0.98303396 0.86365092
vt 0.98412251 0.84960157
vt 0.00299401 0.59169310
vt 0.01266198 0.60080379
vt 0.01297405 0.58665341
vt 0.00472951 0.61151606
vt 0.01297405 0.61852592
vt 0.96307385 0.46314740
vt 0.94855148 0.44123507
vt 0.95527345 0.44737864
vt 0.93712574 0.46314740
vt 0.98502994 0.60391122
vt 0.97733730 0.60258967
vt 0.97704589 0.61948246
vt 0.98484075 0.61920893
vt 0.98502994 0.62649405
vt 0.35226944 0.47595710
vt 0.33771688 0.47131816
vt 0.33305299 0.47863466
vt 0.35828343 0.46370709
vt 0.34845901 0.45517927
vt 0.35828343 0.47908366
vt 0.32262626 0.47189647
vt 0.31636727 0.47764716
vt 0.97904193 0.93539774
vt 0.98425788 0.94501507
vt 0.98805881 0.93531281
vt 0.99700600 0.93525898
vt 0.99700600 0.94521910
vt 0.88911200 0.44920319
vt 0.87745190 0.44920319
vt 0.88922155 0.43924302
vt 0.88095403 0.43934089
vt 0.86726546 0.44015685
vt 0.98103791 0.07071713
vt 0.96307385 0.07071713
vt 0.96721834 0.05946617
vt 0.98029500 0.05772605
vt 0.96942401 0.04880478
vt 0.96506989 0.92729086
vt 0.97056568 0.91810101
vt 0.98489815 0.92729086
vt 0.98502994 0.91797453
vt 0.98439384 0.90936255
vt 0.98591858 0.12277502
vt 0.99500996 0.12450200
vt 0.99500996 0.11055777
vt 0.97904193 0.11541258
vt 0.03956145 0.75688642
vt 0.04446661 0.76516801
vt 0.04690617 0.75000000
vt 0.03018220 0.77651221
vt 0.02495010 0.76575220
vt 0.04690619 0.78189325
vt 0.03506956 0.78551626
vt 0.04385581 0.78984064
vt 0.93415737 0.08744594
vt 0.93113774 0.10485822
vt 0.94508535 0.08818477
vt 0.93832415 0.11454184
vt 0.95309383 0.10043376
vt 0.95309383 0.08466136
vt 0.06287425 0.58466136
vt 0.06287425 0.56001246
vt 0.05067119 0.55278885
vt 0.04690619 0.56616688
vt 0.96706587 0.65867972
vt 0.97704589 0.65207738
vt 0.96723944 0.63645416
vt 0.97704589 0.66832668
vt 0.03541707 0.79780877
vt 0.04090441 0.80518764
vt 0.02894212 0.81972110
vt 0.04690619 0.81972110
vt 0.93912178 0.42330676
vt 0.91647893 0.43218255
vt 0.92418790 0.44219914
vt 0.93619794 0.43884978
vt 0.90524787 0.43197656
vt 0.91873401 0.44819081
vt 0.90559751 0.44513664
vt 0.91867566 0.46100372
vt 0.89696902 0.43443218
vt 0.89121759 0.42706871
vt 0.92725366 0.45981273
vt 0.92331284 0.46849978
vt 0.93912178 0.47709164
vt 0.98303396 0.45653939
vt 0.97070974 0.46912351
vt 0.98303396 0.46790817
vt 0.96506989 0.46230745
vt 0.97180778 0.45318726
vt 0.95648360 0.89860839
vt 0.95708585 0.90537846
vt 0.93706155 0.89741033
vt 0.93313372 0.90537846
vt 0.62478721 0.00626190
vt 0.60379243 0.02290837
vt 0.60636050 0.00498008
vt 0.62574852 0.02290837
vt 0.98103791 0.70019919
vt 0.96761596 0.70094043
vt 0.96706587 0.71438307
vt 0.98103791 0.71025163
vt 0.96997714 0.72410357
vt 0.98303396 0.04981352
vt 0.99700600 0.04282869
vt 0.98952430 0.04383310
vt 0.99700600 0.05876494
vt 0.18496524 0.88545817
vt 0.17908140 0.89342624
vt 0.15868263 0.88550687
vt 0.20259482 0.89342630
vt 0.42864537 0.46347117
vt 0.44011977 0.47860375
vt 0.43087846 0.48107570
vt 0.41997787 0.46817902
vt 0.41940615 0.45916334
vt 0.41383103 0.46915469
vt 0.41518801 0.47826946
vt 0.40818363 0.46961659
vt 0.41001984 0.47860375
vt 0.01935268 0.01494024
vt 0.00099800 0.01494024
vt 0.02095808 0.00099602
vt 0.00198014 0.00714270
vt 0.24090394 0.97589743
vt 0.22760034 0.97860980
vt 0.23143615 0.96912348
vt 0.22854242 0.99135166
vt 0.23706268 0.99302787
vt 0.25449103 0.99169320
vt 0.21360207 0.97788596
vt 0.21057884 0.99169314
vt 0.98674726 0.56889933
vt 0.99291128 0.56075698
vt 0.99500996 0.57868528
vt 0.98303396 0.57868528
vt 0.99858910 0.19042148
vt 0.98563266 0.20219123
vt 0.98502994 0.19023904
vt 0.99900198 0.20219123
vt 0.65768462 0.96994561
vt 0.67101544 0.96513945
vt 0.66742176 0.97310758
vt 0.68363273 0.96994561
vt 0.96506989 0.15836653
vt 0.97210348 0.16839789
vt 0.98303396 0.15840830
vt 0.98303396 0.17629482
vt 0.97496283 0.62450200
vt 0.97504991 0.60184413
vt 0.96506989 0.60017455
vt 0.97496283 0.59063745
vt 0.90333766 0.31448141
vt 0.90946722 0.29581672
vt 0.91267425 0.31448141
vt 0.90319359 0.30152220
vt 0.92115766 0.31772909
vt 0.71956086 0.02290837
vt 0.69254118 0.02178716
vt 0.70205897 0.01886237
vt 0.68210626 0.00498008
vt 0.67165667 0.00754485
vt 0.67213869 0.02290837
vt 0.56387228 0.00528999
vt 0.57574922 0.01515966
vt 0.57855326 0.00738929
vt 0.59580839 0.01892430
vt 0.59580839 0.00099602
vt 0.23392075 0.44920319
vt 0.23839246 0.46115538
vt 0.22654691 0.46073478
vt 0.25449103 0.46073478
vt 0.93989003 0.12848605
vt 0.93313372 0.14635760
vt 0.94311374 0.13595489
vt 0.93992168 0.15492690
vt 0.93989003 0.16832669
vt 0.27679113 0.47630629
vt 0.26093999 0.47523636
vt 0.28842315 0.46278733
vt 0.27035987 0.45318726
vt 0.25742751 0.46496230
vt 0.28468764 0.47908366
vt 0.24051896 0.47908366
vt 0.98113316 0.10657371
vt 0.99101794 0.10390482
vt 0.98103791 0.09646240
vt 0.98129445 0.08741085
vt 0.99101794 0.08665339
vt 0.90722406 0.98089641
vt 0.92115766 0.98107570
vt 0.89920157 0.96922559
vt 0.92115766 0.96713150
vt 0.42932355 0.98230374
vt 0.45009980 0.97446150
vt 0.44067031 0.99480397
vt 0.42946199 0.97310758
vt 0.40882215 0.98272353
vt 0.41619861 0.99501991
vt 0.40818363 0.99480397
vt 0.94851655 0.05343452
vt 0.94910175 0.03773631
vt 0.93512976 0.04349412
vt 0.93819982 0.02290837
vt 0.94910181 0.07071713
vt 0.01896208 0.85554230
vt 0.01896208 0.83565736
vt 0.01057482 0.85557771
vt 0.00898204 0.84464931
vt 0.03979106 0.63517576
vt 0.05688623 0.65035981
vt 0.04854285 0.62250996
vt 0.03493014 0.66149986
vt 0.05688620 0.67828685
vt 0.98303396 0.75032800
vt 0.99301392 0.74392372
vt 0.98384064 0.73804784
vt 0.99301398 0.75996017
vt 0.83960444 0.94920313
vt 0.85724884 0.94118857
vt 0.85728544 0.94920319
vt 0.84423482 0.93725097
vt 0.83532935 0.94155973
vt 0.90119761 0.12717108
vt 0.90414387 0.13730010
vt 0.91317368 0.12250996
vt 0.91317368 0.14043824
vt 0.31037924 0.47138771
vt 0.31037924 0.45732665
vt 0.29241517 0.46584940
vt 0.29638001 0.45318726
vt 0.29537433 0.48107570
vt 0.91306186 0.05015603
vt 0.90392870 0.05603559
vt 0.91317368 0.07669323
vt 0.90119761 0.04580573
vt 0.91317368 0.03884462
vt 0.32035929 0.99900401
vt 0.32035929 0.98904383
vt 0.30451745 0.99884778
vt 0.30439121 0.98977101
vt 0.98502994 0.53685260
vt 0.99500996 0.55413824
vt 0.99500996 0.53690869
vt 0.98710513 0.55478090
vt 0.96583933 0.76894635
vt 0.97551775 0.77770734
vt 0.96506989 0.77788842
vt 0.97536916 0.76195216
vt 0.98303396 0.77788842
vt 0.39904025 0.46937913
vt 0.38879409 0.47528702
vt 0.39499676 0.48058248
vt 0.38961339 0.45735392
vt 0.37254590 0.47329181
vt 0.37148726 0.46104178
vt 0.36027944 0.46324679
vt 0.36334416 0.48107570
vt 0.36783949 0.45318726
vt 0.41017964 0.46228939
vt 0.41017964 0.45344317
vt 0.98103791 0.02677411
vt 0.97967148 0.01494024
vt 0.96706587 0.02810988
vt 0.97156858 0.03643528
vt 0.97967148 0.03685259
vt 0.64371258 0.99900401
vt 0.65091807 0.98904383
vt 0.65568864 0.99900401
vt 0.64493495 0.99100655
vt 0.09257462 0.46538144
vt 0.09235930 0.47872266
vt 0.07403015 0.46529499
vt 0.11675561 0.47424287
vt 0.08039416 0.47850895
vt 0.06892725 0.48306772
vt 0.10885622 0.46115538
vt 0.12483980 0.46554604
vt 0.14255606 0.46536529
vt 0.14864555 0.47333136
vt 0.06487026 0.47422835
vt 0.13309912 0.48306772
vt 0.15528286 0.47993252
vt 0.16866267 0.48104790
vt 0.06287422 0.59790719
vt 0.04888472 0.60588628
vt 0.06287425 0.61852592
vt 0.04491018 0.59462154
vt 0.86857671 0.94578189
vt 0.88059056 0.95318723
vt 0.85728544 0.95318723
vt 0.89121759 0.94773054
vt 0.87249351 0.93725097
vt 0.52826005 0.01892427
vt 0.51033932 0.01127544
vt 0.54078668 0.01114557
vt 0.51989496 0.00372148
vt 0.54044193 0.00298805
vt 0.54990017 0.01892430
vt 0.50798404 0.00335377
vt 0.09350414 0.80017942
vt 0.07941066 0.80045670
vt 0.09075921 0.80880213
vt 0.08732143 0.81581211
vt 0.07485030 0.80988044
vt 0.09880240 0.81972110
vt 0.09880239 0.78585654
vt 0.99101794 0.15239044
vt 0.99101794 0.13047808
vt 0.98139799 0.14263754
vt 0.98103791 0.13124272
vt 0.97704589 0.14591250
vt 0.96307385 0.13767849
vt 0.96790999 0.15438247
vt 0.97704589 0.12250996
vt 0.92560899 0.92767221
vt 0.93702888 0.93924296
vt 0.92315370 0.93924302
vt 0.94311374 0.92729086
vt 0.03505538 0.73406374
vt 0.04951419 0.73753768
vt 0.03093812 0.74601597
vt 0.05289421 0.74601597
vt 0.98303396 0.63160509
vt 0.97688705 0.63645416
vt 0.97101516 0.62649405
vt 0.96307385 0.63160503
vt 0.95683646 0.94879711
vt 0.93988478 0.95122886
vt 0.94563133 0.93924302
vt 0.94100577 0.96314740
vt 0.92851764 0.94960165
vt 0.91716570 0.96151185
vt 0.96307385 0.96151185
vt 0.97415179 0.81721860
vt 0.99101794 0.80976093
vt 0.98950517 0.82370520
vt 0.97305387 0.82370520
vt 0.55871695 0.98637724
vt 0.55143046 0.97519755
vt 0.56822067 0.97310758
vt 0.54590821 0.98466772
vt 0.55031627 0.99501991
vt 0.57482719 0.99266952
vt 0.58782434 0.99501991
vt 0.27644712 0.96957970
vt 0.29586482 0.97719830
vt 0.31037924 0.96713150
vt 0.31037924 0.98705178
vt 0.00299401 0.70760351
vt 0.01097804 0.73804784
vt 0.01097803 0.70617533
vt 0.00357830 0.72566772
vt 0.64371258 0.43725100
vt 0.64371258 0.42529881
vt 0.63172382 0.42554021
vt 0.62974054 0.43439022
vt 0.85507739 0.00500675
vt 0.87524951 0.02091634
vt 0.85134244 0.01457080
vt 0.83732533 0.00298805
vt 0.83793610 0.02091627
vt 0.76147705 0.94920319
vt 0.79540920 0.93642658
vt 0.78657693 0.94920319
vt 0.78086787 0.93525898
vt 0.77269274 0.93820429
vt 0.47005987 0.96905982
vt 0.46325713 0.97509962
vt 0.46292654 0.96314740
vt 0.45608783 0.96905982
vt 0.98103791 0.07669323
vt 0.98563761 0.06886190
vt 0.99700600 0.07669323
vt 0.99678928 0.06673307
vt 0.99301398 0.17655127
vt 0.98910123 0.16832669
vt 0.98502994 0.18056612
vt 0.98910129 0.18824701
vt 0.73102945 0.00498008
vt 0.74134260 0.02091634
vt 0.73033476 0.01911524
vt 0.72155690 0.00722999
vt 0.74992597 0.01911524
vt 0.75149703 0.00578475
vt 0.96761477 0.25499055
vt 0.97609466 0.26394421
vt 0.97704589 0.24684894
vt 0.96307385 0.24659745
vt 0.97609466 0.23406374
vt 0.97305381 0.09501612
vt 0.96307385 0.08654859
vt 0.96407360 0.10856574
vt 0.97305387 0.07669323
vt 0.35772091 0.98601645
vt 0.36641499 0.97678554
vt 0.37425148 0.99302781
vt 0.34824947 0.97111553
vt 0.33433133 0.97942865
vt 0.33606037 0.99302787
vt 0.97976142 0.38018599
vt 0.97704589 0.38432714
vt 0.98502988 0.39143425
vt 0.98502994 0.36553785
vt 0.09658401 0.98688948
vt 0.08905678 0.99701196
vt 0.08483034 0.98505974
vt 0.09880240 0.99701196
vt 0.00966217 0.58466136
vt 0.01297405 0.57786107
vt 0.00698603 0.57587409
vt 0.00966217 0.57270914
vt 0.96506989 0.57553941
vt 0.97904193 0.58665341
vt 0.97904193 0.56694245
vt 0.96727103 0.56274903
vt 0.77952743 0.01693227
vt 0.76606578 0.01693227
vt 0.77424830 0.00099602
vt 0.78942114 0.00294822
vt 0.75349301 0.00618235
vt 0.52911234 0.97509962
vt 0.54391217 0.98528200
vt 0.52932405 0.98705178
vt 0.50798404 0.98528200
vt 0.17088717 0.98505974
vt 0.17917317 0.98591185
vt 0.16866267 0.99900395
vt 0.18063872 0.99900401
vt 0.98579645 0.89564502
vt 0.99700600 0.90537846
vt 0.98502994 0.90537840
vt 0.99663430 0.88944221
vt 0.96107787 0.39471596
vt 0.97105789 0.37834021
vt 0.96120363 0.37802431
vt 0.97105783 0.40139443
vt 0.96646070 0.36553785
vt 0.08244979 0.45119521
vt 0.08882236 0.46314740
vt 0.07538755 0.46314740
vt 0.06287425 0.45198193
vt 0.95076013 0.40518743
vt 0.93512976 0.41932270
vt 0.94385135 0.38944224
vt 0.95309383 0.41932270
vt 0.82719105 0.94520217
vt 0.81119925 0.94499332
vt 0.81693131 0.93725097
vt 0.80538923 0.95318723
vt 0.83333331 0.95318717
vt 0.01164527 0.89262044
vt 0.01896208 0.90936255
vt 0.01728781 0.87958312
vt 0.00499002 0.87593383
vt 0.00844633 0.86354584
vt 0.01896201 0.86808217
vt 0.98702598 0.21220951
vt 0.97771382 0.20816733
vt 0.97704589 0.21942651
vt 0.98702598 0.22808765
vt 0.02095808 0.92389596
vt 0.01301319 0.91308486
vt 0.01252489 0.92487264
vt 0.02095805 0.93924302
vt 0.01120397 0.93831551
vt 0.00299401 0.92211199
vt 0.00320543 0.91265184
vt 0.00370489 0.90338647
vt 0.98589188 0.02747952
vt 0.99500996 0.03685259
vt 0.99500996 0.02091634
vt 0.98502994 0.03506254
vt 0.00099800 0.96967161
vt 0.00633391 0.97756332
vt 0.02894212 0.95517927
vt 0.02894212 0.99103588
vt 0.00849692 0.95910764
vt 0.05089814 0.73406374
vt 0.04674803 0.72442114
vt 0.04210655 0.72945231
vt 0.05089820 0.69388187
vt 0.03215767 0.71734720
vt 0.03393189 0.68824703
vt 0.02495010 0.70813251
vt 0.90516716 0.07978637
vt 0.91301644 0.09938547
vt 0.91317368 0.07868526
vt 0.90319359 0.09861518
vt 0.91317368 0.11055777
vt 0.95768875 0.47709164
vt 0.95439452 0.46713147
vt 0.96906185 0.47616330
vt 0.94311374 0.47616330
vt 0.11607364 0.88122034
vt 0.11160100 0.88944221
vt 0.11078998 0.87571597
vt 0.12475050 0.88447922
vt 0.09435200 0.87549800
vt 0.09081836 0.88944221
vt 0.01497006 0.50479597
vt 0.02935719 0.52689242
vt 0.03282427 0.51936877
vt 0.03293413 0.49603745
vt 0.03282427 0.47509959
vt 0.93912178 0.08266925
vt 0.94744813 0.07296529
vt 0.95109779 0.08266933
vt 0.93945986 0.07270917
vt 0.97301215 0.22011952
vt 0.97305387 0.20724326
vt 0.96307385 0.21179660
vt 0.97301215 0.18824701
vt 0.96337998 0.19484074
vt 0.20858283 0.99501991
vt 0.18463074 0.99501991
vt 0.19345969 0.97585166
vt 0.19943891 0.96912348
vt 0.62574852 0.43853897
vt 0.60130060 0.43377724
vt 0.60786313 0.44123507
vt 0.62574852 0.42800289
vt 0.60505700 0.42729083
vt 0.59181637 0.43066192
vt 0.99500996 0.72008848
vt 0.98678541 0.72011954
vt 0.99348032 0.71015936
vt 0.97904193 0.72008848
vt 0.99301398 0.30797374
vt 0.98103791 0.30797374
vt 0.98606968 0.30179283
vt 0.98732567 0.31459284
vt 0.98173213 0.32171315
vt 0.26634848 0.99302787
vt 0.27245510 0.98738623
vt 0.26558667 0.98091817
vt 0.27170432 0.97557563
vt 0.26563850 0.97052062
vt 0.27245510 0.96513945
vt 0.26015237 0.96546644
vt 0.25449103 0.96947944
vt 0.99101794 0.66235059
vt 0.99101794 0.63844621
vt 0.98607761 0.66083920
vt 0.98303396 0.64537543
vt 0.31237525 0.46314740
vt 0.32700741 0.45222741
vt 0.33082396 0.46314737
vt 0.33433133 0.45119521
vt 0.97424603 0.90209448
vt 0.98103791 0.90338647
vt 0.98103791 0.88841712
vt 0.96785682 0.90315866
vt 0.96506989 0.89878190
vt 0.96891153 0.88147408
vt 0.05089820 0.97380936
vt 0.05089820 0.95672107
vt 0.03493014 0.96747357
vt 0.04024566 0.99103588
vt 0.04512261 0.95119524
vt 0.08283433 0.94152665
vt 0.09719966 0.94123507
vt 0.09320890 0.94920319
vt 0.10963917 0.94920319
vt 0.11477046 0.94228023
vt 0.99301398 0.79115218
vt 0.98833489 0.77988046
vt 0.98303396 0.78637642
vt 0.98833483 0.79780877
vt 0.39107269 0.97653055
vt 0.39820358 0.99103588
vt 0.37819153 0.99103588
vt 0.37425148 0.97310758
vt 0.91416359 0.00298805
vt 0.89677000 0.01693227
vt 0.89381784 0.00619526
vt 0.87924153 0.00525651
vt 0.93361610 0.00787168
vt 0.92865610 0.01693224
vt 0.94710577 0.01426176
vt 0.99101794 0.97787982
vt 0.97904193 0.97509962
vt 0.98372036 0.99413216
vt 0.99101794 0.99501991
vt 0.97693306 0.47111553
vt 0.96706587 0.48767713
vt 0.97704589 0.49292946
vt 0.97693306 0.50498009
vt 0.09380192 0.13446215
vt 0.08596160 0.14442231
vt 0.08283433 0.13492140
vt 0.09424288 0.14431992
vt 0.10279441 0.14442231
vt 0.97504991 0.73463607
vt 0.97495526 0.72609562
vt 0.96506989 0.73390275
vt 0.96541888 0.74416476
vt 0.97495526 0.75590092
vt 0.96585405 0.75996017
vt 0.79328549 0.43263206
vt 0.79341310 0.42330676
vt 0.78343314 0.43233651
vt 0.79341316 0.43924302
vt 0.04914228 0.52000028
vt 0.04905804 0.54282868
vt 0.05688623 0.54280221
vt 0.04491018 0.52179629
vt 0.05688623 0.50896412
vt 0.10856802 0.85915041
vt 0.10380582 0.84398007
vt 0.08851939 0.86068094
vt 0.11077844 0.87151396
vt 0.08682635 0.84601212
vt 0.09463450 0.83595520
vt 0.10840055 0.82906771
vt 0.11077838 0.81772906
vt 0.78542912 0.44392520
vt 0.75800258 0.44521913
vt 0.75812805 0.43127489
vt 0.74312764 0.44513077
vt 0.73944998 0.43624288
vt 0.73153692 0.44392520
vt 0.92115766 0.92729086
vt 0.89889628 0.95318723
vt 0.91104996 0.92773277
vt 0.91657639 0.95318723
vt 0.89729947 0.94473684
vt 0.88722557 0.93440056
vt 0.16953248 0.93725097
vt 0.17599535 0.94521910
vt 0.16267465 0.94393051
vt 0.18463074 0.94393051
vt 0.20638210 0.47226876
vt 0.19475690 0.47469783
vt 0.19461077 0.46061671
vt 0.20645550 0.45919302
vt 0.19999261 0.45318726
vt 0.20906062 0.45564094
vt 0.21898343 0.46447217
vt 0.22528073 0.47509959
vt 0.23253493 0.47469783
vt 0.99900198 0.39767566
vt 0.99011528 0.39741036
vt 0.99900198 0.40936255
vt 0.98902196 0.40553865
vt 0.79722250 0.01693227
vt 0.81693232 0.00879414
vt 0.82025862 0.01693227
vt 0.79540920 0.00870482
vt 0.81386548 0.00099602
vt 0.82135731 0.00165670
vt 0.01696605 0.46109751
vt 0.00846300 0.49103585
vt 0.01696607 0.48310113
vt 0.00896010 0.45916334
vt 0.00099800 0.47421455
vt 0.00299401 0.81867874
vt 0.01693664 0.81883723
vt 0.01696607 0.80577689
vt 0.01696607 0.83366531
vt 0.98303396 0.34904277
vt 0.96914321 0.34064111
vt 0.96906185 0.35557768
vt 0.98303396 0.33167329
vt 0.97086698 0.28140253
vt 0.97904193 0.30007428
vt 0.97904193 0.28032997
vt 0.97127402 0.30197191
vt 0.96454358 0.30577689
vt 0.96307385 0.27589640
vt 0.62856942 0.97565705
vt 0.63017565 0.99096775
vt 0.60179639 0.96314740
vt 0.60909444 0.97646523
vt 0.61656481 0.98987257
vt 0.60798901 0.99501985
vt 0.60241711 0.98504061
vt 0.63972056 0.99501991
vt 0.19085723 0.95978856
vt 0.17357770 0.95068687
vt 0.17265469 0.95946938
vt 0.19031766 0.95183063
vt 0.19860280 0.94721115
vt 0.19860280 0.96713150
vt 0.01237081 0.78784859
vt 0.00588852 0.77563524
vt 0.00506097 0.78586942
vt 0.01237081 0.77648193
vt 0.01297405 0.76262623
vt 0.00671255 0.76698154
vt 0.00099800 0.76664901
vt 0.00199326 0.75796813
vt 0.87524951 0.97812647
vt 0.87854499 0.96513945
vt 0.88899839 0.97233182
vt 0.88882059 0.98153496
vt 0.88901353 0.96833742
vt 0.88743126 0.99030030
vt 0.90718561 0.99016905
vt 0.90036309 0.99451226
vt 0.88401008 0.99501991
vt 0.87731445 0.99451226
vt 0.04690619 0.01303854
vt 0.03272361 0.02426417
vt 0.04473122 0.00697211
vt 0.04643378 0.02689243
vt 0.03833493 0.00950916
vt 0.01097804 0.02689243
vt 0.74351299 0.95119524
vt 0.74351299 0.93725097
vt 0.73505259 0.94487250
vt 0.72554892 0.93905753
vt 0.90811139 0.38199008
vt 0.92115766 0.37542188
vt 0.90718561 0.37350598
vt 0.90728807 0.39089724
vt 0.92115766 0.40537849
vt 0.49208012 0.99302787
vt 0.47515413 0.99295557
vt 0.47929329 0.97472596
vt 0.45409182 0.98682266
vt 0.49324906 0.98031980
vt 0.48581851 0.96912348
vt 0.50798404 0.99295557
vt 0.03093812 0.95209062
vt 0.01947568 0.95318723
vt 0.01407367 0.94123507
vt 0.00886956 0.94599998
vt 0.00499002 0.95209062
vt 0.84131736 0.96713150
vt 0.86090964 0.96925026
vt 0.84751976 0.98505974
vt 0.86193979 0.98336977
vt 0.87325346 0.98505974
vt 0.82734531 0.44920319
vt 0.80912930 0.44692758
vt 0.81401789 0.43924302
vt 0.79740518 0.44920313
vt 0.98303396 0.43858966
vt 0.99240357 0.44920319
vt 0.98313421 0.44920319
vt 0.99301398 0.43988475
vt 0.98649085 0.43411276
vt 0.98399580 0.43127489
vt 0.90321296 0.24504007
vt 0.91317368 0.24105485
vt 0.90319359 0.23605578
vt 0.91317368 0.26792827
vt 0.99900198 0.33764935
vt 0.99279535 0.33138043
vt 0.99895066 0.32569721
vt 0.98702598 0.33764941
vt 0.91117764 0.46121952
vt 0.89920157 0.46121952
vt 0.90542388 0.45517927
vt 0.90479094 0.46713147
vt 0.99295574 0.35147387
vt 0.98902196 0.34163347
vt 0.98902202 0.35956174
vt 0.99700600 0.34325653
vt 0.18569072 0.46706983
vt 0.16483025 0.47111553
vt 0.17618904 0.46095955
vt 0.15868263 0.46449098
vt 0.18487824 0.45717132
vt 0.18959227 0.45741963
vt 0.19099186 0.46088135
vt 0.19261476 0.47111553
vt 0.96873277 0.43998080
vt 0.97731364 0.44521913
vt 0.97731364 0.42490560
vt 0.96889967 0.41932270
vt 0.97904193 0.42111263
vt 0.96107787 0.42908514
vt 0.95901364 0.96713150
vt 0.96993822 0.97951984
vt 0.95140368 0.97323835
vt 0.95109779 0.98705178
vt 0.96114516 0.98338318
vt 0.97305387 0.98705178
vt 0.07884231 0.91617590
vt 0.08545927 0.90779704
vt 0.08882236 0.89143425
vt 0.08693388 0.91546863
vt 0.08826768 0.92390162
vt 0.08139103 0.92688954
vt 0.08882236 0.92928284
vt 0.98004133 0.25656536
vt 0.99001932 0.25199202
vt 0.98892063 0.26053265
vt 0.99301398 0.26992032
vt 0.97904193 0.26992032
vt 0.92514968 0.99302787
vt 0.93144935 0.98005450
vt 0.93979895 0.99269599
vt 0.93852395 0.96513945
vt 0.94884813 0.97869051
vt 0.94910181 0.99302787
vt 0.06487026 0.73207170
vt 0.06487026 0.71156609
vt 0.05305760 0.72943121
vt 0.05289421 0.71673805
vt 0.05415100 0.70019919
vt 0.81613076 0.98250371
vt 0.82307005 0.96912348
vt 0.82863861 0.97751909
vt 0.81339025 0.97297269
vt 0.80473661 0.98705178
vt 0.79540920 0.98013300
vt 0.82934129 0.98705178
vt 0.00552735 0.52689242
vt 0.00499002 0.51294822
vt 0.01696823 0.51978135
vt 0.02295409 0.52689242
vt 0.59780437 0.98712504
vt 0.58768123 0.98619032
vt 0.59300303 0.99302787
vt 0.58900946 0.97664523
vt 0.58328086 0.98017174
vt 0.57984030 0.97490799
vt 0.58517414 0.97141302
vt 0.59780437 0.97111553
vt 0.49200872 0.43127489
vt 0.50614786 0.43924302
vt 0.48905465 0.43903184
vt 0.47604790 0.43924302
vt 0.51596808 0.43248433
vt 0.55015218 0.97111553
vt 0.55913913 0.96314740
vt 0.56586826 0.97111553
vt 0.54391217 0.96339273
vt 0.97826624 0.95407349
vt 0.98502994 0.96314943
vt 0.98346132 0.94920319
vt 0.97876573 0.95905149
vt 0.97504991 0.96181893
vt 0.98346132 0.97111553
vt 0.01297405 0.63446218
vt 0.00499002 0.64496672
vt 0.01282180 0.64536959
vt 0.01297405 0.65637451
vt 0.00515414 0.65547496
vt 0.82237142 0.42740062
vt 0.80709195 0.43525890
vt 0.79740518 0.42750886
vt 0.82190228 0.43517017
vt 0.80871612 0.42131475
vt 0.85763615 0.42703158
vt 0.86135083 0.43460414
vt 0.88323355 0.43525895
vt 0.53258646 0.43598491
vt 0.52694249 0.42928293
vt 0.53992015 0.42928287
vt 0.52529722 0.44322708
vt 0.51996011 0.43662292
vt 0.90918165 0.41051051
vt 0.90331370 0.40537849
vt 0.89935172 0.41390717
vt 0.90918165 0.41931233
vt 0.90205044 0.42131475
vt 0.88922155 0.41772971
vt 0.44011977 0.43499500
vt 0.43374562 0.43924302
vt 0.42614159 0.43127489
vt 0.41816369 0.43499500
vt 0.97064644 0.54278040
vt 0.96706587 0.53546005
vt 0.96958196 0.55086243
vt 0.97152281 0.53286850
vt 0.97359967 0.55198652
vt 0.97152287 0.55876493
vt 0.97904193 0.53539002
vt 0.98702598 0.41082767
vt 0.98681718 0.39741036
vt 0.98116362 0.40329957
vt 0.97504991 0.40968555
vt 0.98117054 0.41685176
vt 0.98681718 0.41733068
vt 0.97716057 0.87948209
vt 0.96506989 0.87948209
vt 0.97034210 0.87228733
vt 0.98502994 0.86952192
vt 0.91916168 0.02689939
vt 0.91367936 0.03286853
vt 0.91258597 0.02091634
vt 0.90718561 0.02689939
vt 0.70266986 0.00547523
vt 0.70279986 0.01273687
vt 0.71756482 0.00498008
vt 0.69560879 0.00591846
vt 0.71756488 0.01494024
vt 0.96922684 0.33565736
vt 0.97704589 0.32651106
vt 0.96906185 0.32626289
vt 0.97704589 0.31175297
vt 0.90712863 0.22609562
vt 0.91117764 0.21342836
vt 0.90319359 0.21670090
vt 0.90712869 0.20418327
vt 0.97707176 0.68329751
vt 0.97719896 0.67523926
vt 0.96977997 0.67503500
vt 0.96935666 0.68305635
vt 0.98495930 0.67515939
vt 0.96906185 0.68588668
vt 0.97648585 0.68625498
vt 0.98502988 0.66633469
vt 0.98502994 0.68339050
vt 0.14071856 0.45481658
vt 0.13140644 0.45916334
vt 0.13195904 0.45318726
vt 0.12275449 0.45481658
vt 0.06287425 0.50298804
vt 0.06287425 0.48904383
vt 0.05703003 0.49820453
vt 0.05927841 0.49049604
vt 0.05489022 0.49663079
vt 0.99700600 0.24673896
vt 0.98775530 0.24800797
vt 0.99043453 0.23605578
vt 0.98502994 0.24673890
vt 0.54590821 0.01095134
vt 0.55294925 0.00298805
vt 0.55294746 0.01095618
vt 0.56158561 0.00304269
vt 0.56187624 0.01095141
vt 0.96757179 0.52426779
vt 0.97642970 0.52689242
vt 0.97642970 0.51303971
vt 0.97704589 0.50697213
vt 0.96506989 0.52158493
vt 0.97704589 0.72609562
vt 0.99700600 0.73207170
vt 0.97761381 0.73207170
vt 0.99238211 0.72960722
vt 0.98800272 0.70816731
vt 0.99301398 0.70024443
vt 0.98502994 0.69473344
vt 0.98800272 0.69023907
vt 0.84534955 0.98705178
vt 0.86775345 0.99302787
vt 0.84331340 0.99232560
vt 0.85438472 0.98831058
vt 0.86926150 0.99232566
vt 0.99700600 0.53087652
vt 0.99700600 0.51892430
vt 0.98876315 0.53065294
vt 0.98103791 0.51903027
vt 0.99500996 0.59860557
vt 0.99500996 0.58466136
vt 0.98783779 0.59206414
vt 0.98303396 0.58749741
vt 0.28152344 0.99501991
vt 0.28152344 0.98107570
vt 0.27445111 0.98778236
vt 0.28796986 0.98881263
vt 0.29441118 0.98265564
vt 0.02707173 0.47111553
vt 0.03293413 0.46406797
vt 0.02095808 0.46452284
vt 0.02707173 0.45717132
vt 0.50675380 0.97506797
vt 0.50000000 0.97220284
vt 0.50350702 0.98306775
vt 0.50998002 0.96779662
vt 0.50350702 0.96513945
vt 0.70693904 0.94123507
vt 0.70359284 0.93725097
vt 0.71644670 0.93758172
vt 0.71725899 0.93898022
vt 0.72155690 0.93725097
vt 0.24451098 0.48904383
vt 0.22255489 0.48904383
vt 0.24364196 0.48133129
vt 0.23045568 0.48107570
vt 0.47604790 0.43337673
vt 0.46345195 0.44123507
vt 0.46335748 0.43326694
vt 0.45608783 0.43337673
vt 0.98718709 0.66928476
vt 0.99226391 0.68031526
vt 0.99301398 0.66633469
vt 0.98702598 0.67282981
vt 0.99301398 0.68625498
vt 0.57074904 0.43924302
vt 0.56249905 0.42928287
vt 0.57115763 0.43023518
vt 0.55346251 0.43059886
vt 0.55189621 0.43924302
vt 0.57984030 0.43059811
vt 0.95309383 0.00099602
vt 0.97243303 0.00448765
vt 0.96240801 0.01095618
vt 0.98103791 0.01095618
vt 0.15269461 0.46513945
vt 0.15269461 0.45517927
vt 0.14670658 0.45720384
vt 0.13056253 0.94322711
vt 0.14182864 0.94346029
vt 0.13166089 0.95097697
vt 0.14277855 0.95119524
vt 0.12075848 0.95077384
vt 0.15269461 0.95077384
vt 0.45897573 0.99897903
vt 0.44610777 0.99501991
vt 0.46207586 0.99501991
vt 0.45008463 0.99900401
vt 0.64320749 0.01262201
vt 0.63651586 0.02290831
vt 0.63533843 0.01448903
vt 0.63373256 0.00741898
vt 0.64186811 0.00697211
vt 0.64597344 0.00938153
vt 0.65624326 0.02251686
vt 0.65849555 0.01446529
vt 0.66566867 0.02290837
vt 0.95309383 0.92980415
vt 0.96231663 0.93563241
vt 0.96176100 0.92928284
vt 0.97105783 0.93506032
vt 0.96217698 0.94521910
vt 0.97105789 0.94464886
vt 0.10878243 0.45916334
vt 0.10878243 0.45119521
vt 0.10479042 0.45280430
vt 0.56786430 0.01693227
vt 0.55788422 0.01693227
vt 0.56414038 0.01294821
vt 0.45409182 0.45916334
vt 0.44123745 0.45916334
vt 0.45204708 0.44920319
vt 0.43999508 0.44967401
vt 0.43013972 0.45072317
vt 0.97690058 0.20219123
vt 0.97690058 0.18625498
vt 0.97504991 0.18744083
vt 0.97904193 0.20170620
vt 0.75630307 0.90338647
vt 0.75548905 0.90129858
vt 0.76391178 0.90129846
vt 0.76946110 0.89741033
vt 0.32634729 0.98034763
vt 0.31828526 0.98705178
vt 0.31999314 0.97414392
vt 0.31237525 0.98034763
vt 0.31239218 0.97590673
vt 0.31503233 0.97380275
vt 0.31261620 0.96713150
vt 0.00468755 0.68426293
vt 0.01097804 0.69621515
vt 0.00099800 0.69621515
vt 0.82734531 0.98904383
vt 0.81780070 0.99225271
vt 0.81337327 0.98904383
vt 0.81889451 0.99701196
vt 0.71357286 0.44123507
vt 0.70758486 0.44123507
vt 0.70923805 0.43924302
vt 0.78942114 0.99900401
vt 0.79890311 0.99103588
vt 0.80538923 0.99900401
vt 0.00099800 0.89940238
vt 0.00299401 0.88609356
vt 0.00099800 0.88147408
vt 0.98340333 0.50198132
vt 0.97935784 0.50146586
vt 0.98272800 0.51095617
vt 0.98784238 0.50217938
vt 0.97904193 0.51054454
vt 0.98792863 0.49501991
vt 0.99301392 0.50170892
vt 0.99301398 0.51065332
vt 0.29666334 0.99021995
vt 0.29241517 0.99425375
vt 0.30239519 0.99900401
vt 0.30239519 0.98505974
vt 0.93313372 0.26235554
vt 0.93113774 0.25996014
vt 0.93113780 0.26593626
vt 0.45409182 0.97111553
vt 0.44397312 0.97068948
vt 0.45019779 0.96785641
vt 0.43593308 0.96752715
vt 0.42703483 0.96994793
vt 0.42132604 0.96697646
vt 0.40765095 0.96884608
vt 0.40412945 0.96600878
vt 0.39563623 0.96787506
vt 0.39675266 0.96559554
vt 0.39024681 0.96513945
vt 0.38675663 0.96657401
vt 0.38623142 0.97111553
vt 0.37711564 0.97003180
vt 0.37755689 0.96587706
vt 0.37099046 0.96635991
vt 0.37066248 0.96923530
vt 0.36838472 0.96741074
vt 0.36826348 0.96835572
vt 0.03293413 0.68426293
vt 0.03545607 0.67887485
vt 0.04178048 0.68379164
vt 0.03883675 0.67231077
vt 0.04558818 0.67823899
vt 0.05289421 0.68426293
vt 0.65169662 0.98027128
vt 0.64134324 0.97949094
vt 0.64487958 0.98505974
vt 0.64822364 0.97471458
vt 0.63780051 0.97422862
vt 0.65169662 0.96437937
vt 0.64063865 0.96314740
vt 0.63373256 0.96819729
f 279/279 275/275 62/62
f 279/279 62/62 237/237
f 275/275 60/60 62/62
f 60/60 275/275 61/61
f 275/275 276/276 61/61
f 61/61 276/276 63/63
f 276/276 277/277 63/63
f 63/63 277/277 64/64
f 277/277 65/65 64/64
f 277/277 278/278 65/65
f 278/278 274/274 65/65
f 65/65 274/274 66/66
f 274/274 242/242 66/66
f 66/66 242/242 67/67
f 242/242 241/241 68/68
f 242/242 68/68 67/67
f 68/68 241/241 69/69
f 241/241 225/225 69/69
f 225/225 70/70 69/69
f 225/225 59/59 70/70
f 136/136 135/135 133/133
f 135/135 134/134 133/133
f 134/134 132/132 133/133
f 134/134 165/165 132/132
f 165/165 166/166 131/131
f 165/165 131/131 132/132
f 166/166 167/167 130/130
f 166/166 130/130 131/131
f 167/167 168/168 129/129
f 167/167 129/129 130/130
f 129/129 168/168 127/127
f 168/168 169/169 127/127
f 169/169 121/121 127/127
f 317/317 264/264 280/280
f 317/317 308/308 264/264
f 264/264 308/308 240/240
f 308/308 224/224 240/240
f 308/308 306/306 224/224
f 306/306 191/191 224/224
f 306/306 305/305 188/188
f 306/306 188/188 191/191
f 305/305 300/300 188/188
f 188/188 300/300 186/186
f 300/300 303/303 184/184
f 300/300 184/184 186/186
f 303/303 302/302 184/184
f 184/184 302/302 181/181
f 302/302 301/301 181/181
f 301/301 180/180 181/181
f 301/301 297/297 180/180
f 180/180 297/297 178/178
f 297/297 298/298 178/178
f 298/298 299/299 178/178
f 178/178 299/299 176/176
f 299/299 296/296 175/175
f 299/299 175/175 176/176
f 296/296 285/285 175/175
f 175/175 285/285 162/162
f 285/285 284/284 162/162
f 162/162 284/284 163/163
f 284/284 281/281 163/163
f 163/163 281/281 164/164
f 281/281 270/270 164/164
f 270/270 35/35 164/164
f 270/270 239/239 35/35
f 239/239 238/238 25/25
f 239/239 25/25 35/35
f 238/238 237/237 21/21
f 238/238 21/21 25/25
f 237/237 62/62 21/21
f 21/21 62/62 18/18
f 62/62 60/60 19/19
f 62/62 19/19 18/18
f 60/60 61/61 19/19
f 19/19 61/61 17/17
f 61/61 63/63 17/17
f 17/17 63/63 16/16
f 63/63 64/64 16/16
f 64/64 13/13 16/16
f 64/64 65/65 13/13
f 13/13 65/65 12/12
f 65/65 66/66 12/12
f 12/12 66/66 11/11
f 66/66 67/67 11/11
f 11/11 67/67 40/40
f 67/67 68/68 40/40
f 40/40 68/68 42/42
f 68/68 69/69 43/43
f 68/68 43/43 42/42
f 43/43 69/69 45/45
f 69/69 50/50 45/45
f 69/69 70/70 50/50
f 50/50 70/70 51/51
f 70/70 59/59 51/51
f 51/51 59/59 55/55
f 59/59 58/58 55/55
f 58/58 57/57 55/55
f 55/55 57/57 56/56
f 56/56 145/145 146/146
f 145/145 144/144 143/143
f 145/145 143/143 146/146
f 144/144 142/142 143/143
f 143/143 142/142 81/81
f 142/142 141/141 81/81
f 141/141 140/140 84/84
f 140/140 139/139 86/86
f 139/139 138/138 137/137
f 138/138 136/136 137/137
f 137/137 136/136 90/90
f 136/136 133/133 90/90
f 90/90 133/133 92/92
f 133/133 132/132 95/95
f 133/133 95/95 92/92
f 132/132 100/100 95/95
f 132/132 131/131 101/101
f 132/132 101/101 100/100
f 131/131 130/130 102/102
f 131/131 102/102 101/101
f 130/130 129/129 102/102
f 129/129 127/127 128/128
f 129/129 128/128 102/102
f 128/128 127/127 115/115
f 127/127 121/121 115/115
f 121/121 120/120 116/116
f 121/121 116/116 115/115
f 120/120 119/119 116/116
f 311/311 325/325 236/236
f 311/311 236/236 294/294
f 325/325 326/326 236/236
f 236/236 326/326 217/217
f 7118/7118 7409/7409 7410/7410
f 326/326 218/218 217/217
f 7409/7409 7559/7559 7410/7410
f 8775/8775 8776/8776 8777/8777
f 7559/7559 7092/7092 7098/7098
f 7092/7092 7093/7093 7098/7098
f 7098/7098 7093/7093 7097/7097
f 7093/7093 7095/7095 7097/7097
f 214/214 327/327 205/205
f 327/327 315/315 203/203
f 327/327 203/203 205/205
f 315/315 313/313 201/201
f 315/315 201/201 203/203
f 313/313 309/309 201/201
f 201/201 309/309 199/199
f 309/309 292/292 199/199
f 292/292 280/280 198/198
f 292/292 198/198 199/199
f 280/280 264/264 196/196
f 280/280 196/196 198/198
f 264/264 240/240 195/195
f 264/264 195/195 196/196
f 240/240 224/224 195/195
f 195/195 224/224 192/192
f 224/224 191/191 192/192
f 192/192 191/191 189/189
f 191/191 188/188 189/189
f 189/189 188/188 187/187
f 188/188 186/186 187/187
f 187/187 186/186 185/185
f 186/186 184/184 185/185
f 185/185 184/184 183/183
f 184/184 181/181 183/183
f 183/183 181/181 182/182
f 181/181 179/179 182/182
f 181/181 180/180 179/179
f 180/180 178/178 179/179
f 179/179 178/178 177/177
f 178/178 176/176 177/177
f 176/176 175/175 177/177
f 177/177 175/175 190/190
f 175/175 162/162 34/34
f 175/175 34/34 190/190
f 162/162 163/163 31/31
f 162/162 31/31 34/34
f 163/163 164/164 31/31
f 164/164 28/28 31/31
f 164/164 35/35 28/28
f 35/35 26/26 28/28
f 35/35 25/25 26/26
f 17/17 16/16 15/15
f 16/16 13/13 15/15
f 15/15 13/13 14/14
f 13/13 12/12 7/7
f 13/13 7/7 14/14
f 12/12 8/8 7/7
f 12/12 11/11 8/8
f 40/40 42/42 41/41
f 42/42 43/43 41/41
f 41/41 43/43 44/44
f 43/43 45/45 44/44
f 44/44 45/45 47/47
f 45/45 50/50 49/49
f 45/45 49/49 47/47
f 50/50 51/51 49/49
f 49/49 51/51 52/52
f 51/51 55/55 53/53
f 51/51 53/53 52/52
f 55/55 56/56 53/53
f 53/53 56/56 147/147
f 147/147 56/56 146/146
f 141/141 84/84 81/81
f 140/140 86/86 84/84
f 139/139 137/137 86/86
f 137/137 90/90 86/86
f 95/95 100/100 96/96
f 100/100 101/101 99/99
f 100/100 99/99 96/96
f 101/101 102/102 99/99
f 99/99 102/102 103/103
f 102/102 104/104 103/103
f 102/102 128/128 104/104
f 104/104 128/128 108/108
f 128/128 115/115 108/108
f 115/115 111/111 108/108
f 115/115 116/116 114/114
f 115/115 114/114 111/111
f 294/294 236/236 286/286
f 286/286 236/236 223/223
f 236/236 217/217 223/223
f 223/223 217/217 219/219
f 217/217 218/218 219/219
f 219/219 218/218 220/220
f 220/220 218/218 221/221
f 218/218 216/216 221/221
f 221/221 216/216 222/222
f 222/222 216/216 215/215
f 216/216 214/214 215/215
f 215/215 214/214 206/206
f 214/214 205/205 206/206
f 205/205 203/203 204/204
f 205/205 204/204 206/206
f 203/203 201/201 202/202
f 203/203 202/202 204/204
f 201/201 199/199 200/200
f 201/201 200/200 202/202
f 199/199 198/198 197/197
f 199/199 197/197 200/200
f 198/198 196/196 197/197
f 196/196 195/195 194/194
f 196/196 194/194 197/197
f 195/195 192/192 194/194
f 192/192 193/193 194/194
f 192/192 189/189 193/193
f 189/189 187/187 193/193
f 193/193 187/187 213/213
f 187/187 185/185 213/213
f 213/213 185/185 212/212
f 212/212 185/185 211/211
f 185/185 183/183 211/211
f 183/183 210/210 211/211
f 183/183 182/182 210/210
f 182/182 179/179 210/210
f 210/210 179/179 209/209
f 179/179 208/208 209/209
f 179/179 177/177 208/208
f 177/177 207/207 208/208
f 177/177 190/190 207/207
f 190/190 34/34 33/33
f 190/190 33/33 207/207
f 34/34 31/31 33/33
f 33/33 31/31 32/32
f 32/32 31/31 29/29
f 31/31 28/28 29/29
f 29/29 28/28 27/27
f 28/28 26/26 27/27
f 27/27 26/26 22/22
f 26/26 25/25 22/22
f 25/25 21/21 22/22
f 22/22 21/21 20/20
f 21/21 18/18 20/20
f 18/18 19/19 20/20
f 20/20 19/19 160/160
f 19/19 17/17 159/159
f 19/19 159/159 160/160
f 17/17 15/15 159/159
f 159/159 15/15 156/156
f 15/15 14/14 156/156
f 14/14 7/7 156/156
f 7/7 9/9 156/156
f 7/7 8/8 9/9
f 8/8 10/10 9/9
f 8/8 11/11 10/10
f 11/11 40/40 39/39
f 11/11 39/39 10/10
f 40/40 41/41 39/39
f 39/39 41/41 46/46
f 41/41 44/44 46/46
f 44/44 47/47 48/48
f 48/48 47/47 148/148
f 47/47 49/49 71/71
f 47/47 71/71 148/148
f 71/71 49/49 54/54
f 49/49 52/52 54/54
f 52/52 53/53 54/54
f 54/54 53/53 74/74
f 53/53 147/147 76/76
f 53/53 76/76 74/74
f 147/147 146/146 76/76
f 146/146 143/143 76/76
f 76/76 143/143 80/80
f 80/80 143/143 81/81
f 81/81 84/84 83/83
f 84/84 85/85 83/83
f 84/84 86/86 85/85
f 85/85 86/86 87/87
f 87/87 86/86 88/88
f 86/86 90/90 89/89
f 86/86 89/89 88/88
f 90/90 92/92 91/91
f 90/90 91/91 89/89
f 92/92 93/93 91/91
f 92/92 95/95 94/94
f 92/92 94/94 93/93
f 95/95 96/96 94/94
f 103/103 104/104 105/105
f 105/105 104/104 106/106
f 104/104 108/108 106/106
f 286/286 223/223 232/232
f 286/286 232/232 287/287
f 223/223 219/219 226/226
f 223/223 226/226 232/232
f 219/219 220/220 226/226
f 226/226 220/220 230/230
f 220/220 221/221 231/231
f 220/220 231/231 230/230
f 221/221 222/222 234/234
f 221/221 234/234 231/231
f 222/222 215/215 235/235
f 222/222 235/235 234/234
f 215/215 206/206 244/244
f 215/215 244/244 235/235
f 244/244 206/206 251/251
f 206/206 204/204 251/251
f 251/251 204/204 250/250
f 204/204 202/202 250/250
f 250/250 202/202 245/245
f 202/202 200/200 245/245
f 245/245 200/200 246/246
f 246/246 200/200 247/247
f 200/200 197/197 247/247
f 247/247 197/197 248/248
f 197/197 194/194 248/248
f 248/248 194/194 249/249
f 194/194 193/193 249/249
f 249/249 193/193 262/262
f 193/193 213/213 261/261
f 193/193 261/261 262/262
f 213/213 260/260 261/261
f 213/213 212/212 260/260
f 212/212 259/259 260/260
f 212/212 211/211 259/259
f 211/211 258/258 259/259
f 211/211 210/210 258/258
f 258/258 210/210 257/257
f 210/210 209/209 257/257
f 209/209 208/208 256/256
f 209/209 256/256 257/257
f 256/256 208/208 255/255
f 255/255 208/208 254/254
f 208/208 207/207 254/254
f 254/254 207/207 253/253
f 253/253 207/207 252/252
f 207/207 33/33 252/252
f 33/33 243/243 252/252
f 33/33 32/32 243/243
f 32/32 29/29 228/228
f 32/32 228/228 243/243
f 228/228 29/29 227/227
f 29/29 27/27 30/30
f 29/29 30/30 227/227
f 27/27 22/22 24/24
f 27/27 24/24 30/30
f 24/24 22/22 23/23
f 22/22 20/20 23/23
f 20/20 161/161 23/23
f 20/20 160/160 161/161
f 161/161 160/160 36/36
f 160/160 37/37 36/36
f 160/160 159/159 37/37
f 37/37 159/159 158/158
f 159/159 156/156 158/158
f 156/156 157/157 158/158
f 156/156 155/155 157/157
f 156/156 9/9 155/155
f 155/155 9/9 154/154
f 154/154 9/9 153/153
f 9/9 10/10 152/152
f 9/9 152/152 153/153
f 10/10 39/39 151/151
f 10/10 151/151 152/152
f 39/39 46/46 151/151
f 151/151 46/46 150/150
f 46/46 44/44 149/149
f 46/46 149/149 150/150
f 44/44 48/48 149/149
f 48/48 148/148 149/149
f 71/71 54/54 72/72
f 54/54 73/73 72/72
f 54/54 74/74 73/73
f 74/74 75/75 73/73
f 74/74 76/76 75/75
f 76/76 77/77 75/75
f 76/76 78/78 77/77
f 76/76 80/80 79/79
f 76/76 79/79 78/78
f 80/80 81/81 79/79
f 79/79 81/81 82/82
f 81/81 83/83 82/82
f 36/36 37/37 38/38
f 157/157 155/155 173/173
f 7590/7590 7588/7588 7589/7589
f 7589/7589 7588/7588 7587/7587
f 7629/7629 7627/7627 7628/7628
f 282/282 288/288 123/123
f 282/282 123/123 118/118
f 288/288 291/291 123/123
f 123/123 291/291 283/283
f 291/291 312/312 283/283
f 283/283 312/312 318/318
f 7029/7029 6904/6904 6902/6902
f 6902/6902 6904/6904 6903/6903
f 125/125 124/124 123/123
f 123/123 124/124 122/122
f 118/118 123/123 122/122
f 118/118 122/122 117/117
f 283/283 318/318 233/233
f 233/233 318/318 316/316
f 902/902 900/900 901/901
f 901/901 900/900 899/899
f 122/122 124/124 233/233
f 122/122 233/233 117/117
f 117/117 233/233 265/265
f 233/233 316/316 265/265
f 265/265 316/316 322/322
f 900/900 896/896 899/899
f 111/111 112/112 110/110
f 111/111 114/114 113/113
f 111/111 113/113 112/112
f 114/114 117/117 126/126
f 114/114 126/126 113/113
f 117/117 265/265 126/126
f 126/126 265/265 271/271
f 265/265 322/322 271/271
f 271/271 322/322 331/331
f 896/896 898/898 897/897
f 93/93 94/94 295/295
f 93/93 295/295 319/319
f 94/94 96/96 97/97
f 94/94 97/97 273/273
f 94/94 273/273 295/295
f 97/97 96/96 98/98
f 97/97 98/98 268/268
f 97/97 268/268 273/273
f 96/96 99/99 98/98
f 98/98 99/99 263/263
f 98/98 263/263 268/268
f 99/99 103/103 263/263
f 263/263 103/103 269/269
f 103/103 105/105 269/269
f 105/105 107/107 267/267
f 105/105 267/267 269/269
f 105/105 106/106 107/107
f 107/107 106/106 266/266
f 107/107 266/266 267/267
f 106/106 108/108 109/109
f 106/106 109/109 266/266
f 266/266 109/109 229/229
f 108/108 111/111 110/110
f 108/108 110/110 109/109
f 109/109 110/110 229/229
f 229/229 110/110 174/174
f 110/110 112/112 174/174
f 174/174 112/112 172/172
f 112/112 113/113 172/172
f 172/172 113/113 171/171
f 113/113 126/126 170/170
f 113/113 170/170 171/171
f 126/126 271/271 272/272
f 126/126 272/272 170/170
f 271/271 331/331 272/272
f 272/272 331/331 330/330
f 4320/4320 4143/4143 4319/4319
f 4319/4319 4143/4143 3954/3954
f 4143/4143 4162/4162 3824/3824
f 4143/4143 3824/3824 3954/3954
f 4162/4162 4161/4161 3824/3824
f 3824/3824 4161/4161 3820/3820
f 4161/4161 4163/4163 3821/3821
f 4161/4161 3821/3821 3820/3820
f 4163/4163 4141/4141 3821/3821
f 3821/3821 4141/4141 3766/3766
f 4141/4141 4140/4140 3766/3766
f 4140/4140 4058/4058 3767/3767
f 4140/4140 3767/3767 3766/3766
f 4058/4058 4017/4017 3768/3768
f 4058/4058 3768/3768 3767/3767
f 4017/4017 4016/4016 3769/3769
f 4017/4017 3769/3769 3768/3768
f 4016/4016 3947/3947 3769/3769
f 3769/3769 3947/3947 3831/3831
f 3947/3947 3838/3838 3831/3831
f 3831/3831 3838/3838 3832/3832
f 3838/3838 3835/3835 3834/3834
f 3838/3838 3834/3834 3832/3832
f 3835/3835 3836/3836 3833/3833
f 3835/3835 3833/3833 3834/3834
f 3836/3836 3837/3837 3833/3833
f 3836/3836 3840/3840 3839/3839
f 3836/3836 3839/3839 3837/3837
f 3840/3840 3841/3841 3839/3839
f 3840/3840 3864/3864 3841/3841
f 3841/3841 3864/3864 3842/3842
f 3864/3864 3863/3863 3842/3842
f 3863/3863 3862/3862 3843/3843
f 3863/3863 3843/3843 3842/3842
f 3862/3862 3844/3844 3843/3843
f 3862/3862 3861/3861 3844/3844
f 3844/3844 3861/3861 3845/3845
f 3861/3861 3860/3860 3845/3845
f 3845/3845 3860/3860 3846/3846
f 3860/3860 3859/3859 3847/3847
f 3860/3860 3847/3847 3846/3846
f 3847/3847 3859/3859 3848/3848
f 3859/3859 3852/3852 3848/3848
f 3848/3848 3852/3852 3849/3849
f 3852/3852 3851/3851 3849/3849
f 3851/3851 3850/3850 3849/3849
f 3851/3851 3853/3853 3850/3850
f 3850/3850 3853/3853 3854/3854
f 3853/3853 3855/3855 3854/3854
f 3854/3854 3855/3855 3856/3856
f 3855/3855 3858/3858 3856/3856
f 3856/3856 3858/3858 3857/3857
f 3858/3858 3865/3865 3857/3857
f 3858/3858 3866/3866 3868/3868
f 3858/3858 3868/3868 3865/3865
f 3866/3866 3867/3867 3868/3868
f 3866/3866 3870/3870 3867/3867
f 3870/3870 3872/3872 3871/3871
f 3870/3870 3871/3871 3867/3867
f 3872/3872 3949/3949 3873/3873
f 3872/3872 3873/3873 3871/3871
f 3949/3949 4015/4015 3953/3953
f 3949/3949 3953/3953 3873/3873
f 4015/4015 4049/4049 4018/4018
f 4015/4015 4018/4018 3953/3953
f 4049/4049 4059/4059 4018/4018
f 4049/4049 4060/4060 4059/4059
f 4059/4059 4060/4060 4061/4061
f 4060/4060 4073/4073 4061/4061
f 4061/4061 4073/4073 4074/4074
f 4073/4073 4258/4258 4074/4074
f 4177/4177 4175/4175 4176/4176
f 4176/4176 4175/4175 4174/4174
f 4175/4175 4172/4172 4174/4174
f 4174/4174 4172/4172 4173/4173
f 4172/4172 4171/4171 4173/4173
f 4172/4172 4168/4168 4171/4171
f 4171/4171 4168/4168 4170/4170
f 4168/4168 4167/4167 4158/4158
f 4168/4168 4158/4158 4170/4170
f 4167/4167 4159/4159 4158/4158
f 4167/4167 4169/4169 4159/4159
f 4169/4169 4160/4160 4159/4159
f 4169/4169 4229/4229 4178/4178
f 4169/4169 4178/4178 4160/4160
f 4229/4229 4230/4230 4178/4178
f 4178/4178 4230/4230 4179/4179
f 4230/4230 4231/4231 4179/4179
f 4231/4231 4290/4290 4180/4180
f 4231/4231 4180/4180 4179/4179
f 4290/4290 4293/4293 4181/4181
f 4290/4290 4181/4181 4180/4180
f 4293/4293 4294/4294 4181/4181
f 4181/4181 4294/4294 4191/4191
f 4294/4294 4193/4193 4191/4191
f 4294/4294 4318/4318 4193/4193
f 4193/4193 4318/4318 4195/4195
f 4318/4318 4321/4321 4195/4195
f 4195/4195 4321/4321 4197/4197
f 4197/4197 4321/4321 4199/4199
f 4321/4321 4324/4324 4199/4199
f 4199/4199 4324/4324 4201/4201
f 4324/4324 4325/4325 4201/4201
f 4201/4201 4325/4325 4203/4203
f 4325/4325 4337/4337 4205/4205
f 4325/4325 4205/4205 4203/4203
f 4337/4337 4206/4206 4205/4205
f 83/83 85/85 336/336
f 4337/4337 4209/4209 4206/4206
f 85/85 335/335 336/336
f 85/85 87/87 335/335
f 335/335 87/87 334/334
f 87/87 88/88 334/334
f 334/334 88/88 333/333
f 88/88 89/89 329/329
f 88/88 329/329 333/333
f 89/89 91/91 321/321
f 89/89 321/321 329/329
f 329/329 321/321 332/332
f 91/91 93/93 319/319
f 91/91 319/319 321/321
f 321/321 319/319 328/328
f 321/321 328/328 332/332
f 319/319 295/295 324/324
f 319/319 324/324 328/328
f 295/295 273/273 324/324
f 273/273 268/268 320/320
f 273/273 320/320 324/324
f 268/268 263/263 320/320
f 263/263 269/269 314/314
f 263/263 314/314 320/320
f 269/269 267/267 310/310
f 269/269 310/310 314/314
f 267/267 266/266 307/307
f 267/267 307/307 310/310
f 266/266 229/229 307/307
f 229/229 174/174 307/307
f 307/307 174/174 293/293
f 174/174 172/172 293/293
f 293/293 172/172 290/290
f 172/172 171/171 290/290
f 171/171 170/170 289/289
f 171/171 289/289 290/290
f 170/170 272/272 304/304
f 170/170 304/304 289/289
f 272/272 330/330 323/323
f 272/272 323/323 304/304
f 4259/4259 4261/4261 4260/4260
f 7632/7632 7633/7633 7634/7634
f 706/706 711/711 688/688
f 7105/7105 7115/7115 7108/7108
f 7108/7108 7115/7115 7109/7109
f 7379/7379 7380/7380 7381/7381
f 469/469 465/465 453/453
f 899/899 896/896 893/893
f 893/893 896/896 891/891
f 469/469 453/453 454/454
f 454/454 453/453 430/430
f 896/896 897/897 891/891
f 891/891 897/897 892/892
f 454/454 430/430 380/380
f 454/454 380/380 405/405
f 4319/4319 3954/3954 3941/3941
f 4319/4319 3941/3941 4298/4298
f 3954/3954 3824/3824 3941/3941
f 3941/3941 3824/3824 3823/3823
f 3824/3824 3820/3820 3822/3822
f 3824/3824 3822/3822 3823/3823
f 3820/3820 3821/3821 3822/3822
f 3822/3822 3821/3821 3723/3723
f 3821/3821 3766/3766 3723/3723
f 3723/3723 3766/3766 3721/3721
f 3766/3766 3720/3720 3721/3721
f 3766/3766 3767/3767 3718/3718
f 3766/3766 3718/3718 3720/3720
f 3767/3767 3768/3768 3718/3718
f 3768/3768 3769/3769 3718/3718
f 3718/3718 3769/3769 3719/3719
f 3769/3769 3831/3831 3719/3719
f 3719/3719 3831/3831 3722/3722
f 3831/3831 3832/3832 3722/3722
f 3722/3722 3832/3832 3710/3710
f 3832/3832 3834/3834 3710/3710
f 3710/3710 3834/3834 3709/3709
f 3834/3834 3833/3833 3709/3709
f 3709/3709 3833/3833 3693/3693
f 3833/3833 3837/3837 3693/3693
f 3693/3693 3837/3837 3064/3064
f 3837/3837 3839/3839 3064/3064
f 3064/3064 3839/3839 3063/3063
f 3839/3839 3841/3841 3063/3063
f 3063/3063 3841/3841 3501/3501
f 3841/3841 3842/3842 3501/3501
f 3501/3501 3842/3842 2993/2993
f 3842/3842 3843/3843 2993/2993
f 2993/2993 3843/3843 2991/2991
f 3843/3843 3844/3844 2989/2989
f 3843/3843 2989/2989 2991/2991
f 3844/3844 3845/3845 2988/2988
f 3844/3844 2988/2988 2989/2989
f 3845/3845 3846/3846 2988/2988
f 2988/2988 3846/3846 2987/2987
f 3846/3846 3847/3847 2987/2987
f 3847/3847 3848/3848 2986/2986
f 3847/3847 2986/2986 2987/2987
f 3848/3848 3849/3849 2985/2985
f 3848/3848 2985/2985 2986/2986
f 3849/3849 3850/3850 2983/2983
f 3849/3849 2983/2983 2985/2985
f 3850/3850 3854/3854 3003/3003
f 3850/3850 3003/3003 2983/2983
f 3854/3854 3856/3856 3003/3003
f 3003/3003 3856/3856 3005/3005
f 3856/3856 3857/3857 3004/3004
f 3856/3856 3004/3004 3005/3005
f 3857/3857 3865/3865 3004/3004
f 3004/3004 3865/3865 3795/3795
f 3865/3865 3868/3868 3795/3795
f 3795/3795 3868/3868 3869/3869
f 3868/3868 3867/3867 3869/3869
f 3869/3869 3867/3867 3981/3981
f 3981/3981 3867/3867 3982/3982
f 3867/3867 3871/3871 3982/3982
f 3982/3982 3871/3871 4032/4032
f 3871/3871 3873/3873 4032/4032
f 4032/4032 3873/3873 4053/4053
f 3873/3873 3953/3953 4053/4053
f 4053/4053 3953/3953 4069/4069
f 3953/3953 4018/4018 4070/4070
f 3953/3953 4070/4070 4069/4069
f 4018/4018 4059/4059 4105/4105
f 4018/4018 4105/4105 4070/4070
f 4059/4059 4061/4061 4122/4122
f 4059/4059 4122/4122 4105/4105
f 4061/4061 4074/4074 4123/4123
f 4061/4061 4123/4123 4122/4122
f 4074/4074 4253/4253 4124/4124
f 4074/4074 4124/4124 4123/4123
f 4124/4124 4253/4253 4125/4125
f 4253/4253 4254/4254 4125/4125
f 4125/4125 4254/4254 4126/4126
f 4254/4254 4255/4255 4126/4126
f 4255/4255 4127/4127 4126/4126
f 4255/4255 4256/4256 4128/4128
f 4255/4255 4128/4128 4127/4127
f 4256/4256 4257/4257 4128/4128
f 4128/4128 4257/4257 4129/4129
f 4257/4257 4176/4176 4129/4129
f 4129/4129 4176/4176 4130/4130
f 4176/4176 4174/4174 4130/4130
f 4174/4174 4173/4173 4131/4131
f 4174/4174 4131/4131 4130/4130
f 4173/4173 4171/4171 4131/4131
f 4131/4131 4171/4171 4145/4145
f 4171/4171 4170/4170 4145/4145
f 4145/4145 4170/4170 4121/4121
f 4170/4170 4090/4090 4121/4121
f 4170/4170 4158/4158 4090/4090
f 4090/4090 4158/4158 4089/4089
f 4158/4158 4159/4159 4091/4091
f 4158/4158 4091/4091 4089/4089
f 4159/4159 4160/4160 4091/4091
f 4091/4091 4160/4160 4092/4092
f 4160/4160 4178/4178 4092/4092
f 4092/4092 4178/4178 4093/4093
f 4093/4093 4178/4178 4094/4094
f 4178/4178 4179/4179 4094/4094
f 4094/4094 4179/4179 4166/4166
f 4179/4179 4180/4180 4166/4166
f 4180/4180 4181/4181 4166/4166
f 4166/4166 4181/4181 4182/4182
f 4181/4181 4183/4183 4182/4182
f 4181/4181 4191/4191 4183/4183
f 4191/4191 4193/4193 4192/4192
f 4191/4191 4192/4192 4183/4183
f 4193/4193 4195/4195 4194/4194
f 4193/4193 4194/4194 4192/4192
f 4195/4195 4197/4197 4196/4196
f 4195/4195 4196/4196 4194/4194
f 4197/4197 4199/4199 4198/4198
f 4197/4197 4198/4198 4196/4196
f 4199/4199 4200/4200 4198/4198
f 4199/4199 4201/4201 4200/4200
f 4201/4201 4203/4203 4202/4202
f 4201/4201 4202/4202 4200/4200
f 4203/4203 4205/4205 4204/4204
f 4203/4203 4204/4204 4202/4202
f 4205/4205 4206/4206 4204/4204
f 4204/4204 4206/4206 4207/4207
f 4206/4206 4209/4209 4208/4208
f 4206/4206 4208/4208 4207/4207
f 4209/4209 4226/4226 4225/4225
f 4209/4209 4225/4225 4208/4208
f 4225/4225 4226/4226 4240/4240
f 4226/4226 4241/4241 4240/4240
f 4241/4241 4244/4244 4240/4240
f 4240/4240 4244/4244 4245/4245
f 4244/4244 4246/4246 4245/4245
f 4245/4245 4246/4246 4247/4247
f 4246/4246 4338/4338 4247/4247
f 1165/1165 1169/1169 1162/1162
f 1162/1162 1169/1169 1156/1156
f 1169/1169 1173/1173 1156/1156
f 1156/1156 1173/1173 1153/1153
f 1173/1173 1172/1172 1151/1151
f 1173/1173 1151/1151 1153/1153
f 1172/1172 1148/1148 1151/1151
f 1172/1172 1171/1171 1145/1145
f 1172/1172 1145/1145 1148/1148
f 1171/1171 1142/1142 1145/1145
f 1171/1171 1170/1170 1142/1142
f 1170/1170 1168/1168 1139/1139
f 1170/1170 1139/1139 1142/1142
f 1168/1168 1167/1167 1139/1139
f 1139/1139 1167/1167 1135/1135
f 4500/4500 4499/4499 4498/4498
f 4499/4499 4496/4496 4498/4498
f 4498/4498 4496/4496 4497/4497
f 4497/4497 4496/4496 4495/4495
f 4496/4496 4494/4494 4495/4495
f 4495/4495 4494/4494 4492/4492
f 4494/4494 4493/4493 4492/4492
f 4492/4492 4493/4493 4489/4489
f 481/481 435/435 410/410
f 481/481 410/410 482/482
f 7382/7382 7383/7383 7378/7378
f 466/466 423/423 418/418
f 6512/6512 7547/7547 7553/7553
f 8353/8353 8352/8352 8354/8354
f 8353/8353 8349/8349 8352/8352
f 8352/8352 8349/8349 8351/8351
f 8349/8349 8350/8350 8351/8351
f 7166/7166 7163/7163 7164/7164
f 7172/7172 7165/7165 7150/7150
f 7163/7163 7150/7150 7164/7164
f 7164/7164 7150/7150 7165/7165
f 6714/6714 6748/6748 6728/6728
f 6748/6748 6763/6763 6728/6728
f 8725/8725 8726/8726 8721/8721
f 6383/6383 6382/6382 6379/6379
f 6382/6382 6381/6381 6379/6379
f 6381/6381 6713/6713 6356/6356
f 6381/6381 6356/6356 6379/6379
f 7379/7379 7381/7381 7384/7384
f 7379/7379 7384/7384 7376/7376
f 466/466 418/418 409/409
f 409/409 418/418 398/398
f 893/893 891/891 889/889
f 889/889 891/891 890/890
f 667/667 669/669 856/856
f 7513/7513 7517/7517 7515/7515
f 891/891 892/892 890/890
f 890/890 892/892 895/895
f 4274/4274 4043/4043 4065/4065
f 4274/4274 4271/4271 4042/4042
f 4274/4274 4042/4042 4043/4043
f 4271/4271 4272/4272 4010/4010
f 4271/4271 4010/4010 4042/4042
f 4272/4272 4270/4270 4010/4010
f 4270/4270 4266/4266 3966/3966
f 4270/4270 3966/3966 4010/4010
f 4266/4266 4265/4265 3966/3966
f 3966/3966 4265/4265 3965/3965
f 4265/4265 4267/4267 3965/3965
f 4267/4267 3964/3964 3965/3965
f 4267/4267 4268/4268 3964/3964
f 4268/4268 3958/3958 3964/3964
f 4268/4268 4282/4282 3958/3958
f 3958/3958 4282/4282 3957/3957
f 4282/4282 4283/4283 3957/3957
f 3957/3957 4283/4283 3959/3959
f 4283/4283 4284/4284 4132/4132
f 4283/4283 4132/4132 3959/3959
f 1129/1129 1126/1126 1128/1128
f 4488/4488 4455/4455 4456/4456
f 4298/4298 3941/3941 4047/4047
f 4298/4298 4047/4047 4297/4297
f 3941/3941 3823/3823 3874/3874
f 3941/3941 3874/3874 4047/4047
f 3823/3823 3822/3822 3779/3779
f 3823/3823 3779/3779 3874/3874
f 3822/3822 3723/3723 3779/3779
f 3779/3779 3723/3723 3778/3778
f 3723/3723 3721/3721 3703/3703
f 3723/3723 3703/3703 3778/3778
f 3721/3721 3720/3720 3703/3703
f 3703/3703 3720/3720 3701/3701
f 3720/3720 3718/3718 3701/3701
f 3701/3701 3718/3718 3705/3705
f 3718/3718 3719/3719 3705/3705
f 3705/3705 3719/3719 3706/3706
f 3719/3719 3722/3722 3706/3706
f 3706/3706 3722/3722 3707/3707
f 3722/3722 3710/3710 3707/3707
f 3710/3710 3709/3709 3707/3707
f 3709/3709 3693/3693 3708/3708
f 3709/3709 3708/3708 3707/3707
f 3693/3693 3064/3064 3060/3060
f 3693/3693 3060/3060 3708/3708
f 3064/3064 3063/3063 3060/3060
f 3060/3060 3063/3063 3059/3059
f 3063/3063 3501/3501 3059/3059
f 3059/3059 3501/3501 3057/3057
f 3501/3501 2993/2993 3057/3057
f 3057/3057 2993/2993 2994/2994
f 2993/2993 2991/2991 2992/2992
f 2993/2993 2992/2992 2994/2994
f 2992/2992 2991/2991 2990/2990
f 2991/2991 2989/2989 2990/2990
f 2990/2990 2989/2989 2972/2972
f 2989/2989 2988/2988 2972/2972
f 2988/2988 2975/2975 2972/2972
f 2988/2988 2987/2987 2975/2975
f 2975/2975 2987/2987 2977/2977
f 2987/2987 2986/2986 2977/2977
f 2977/2977 2986/2986 2978/2978
f 2986/2986 2985/2985 2978/2978
f 2985/2985 2983/2983 2978/2978
f 2983/2983 2984/2984 2978/2978
f 2983/2983 3003/3003 2984/2984
f 2984/2984 3003/3003 2995/2995
f 3003/3003 3005/3005 2995/2995
f 3005/3005 3004/3004 2995/2995
f 3004/3004 3795/3795 2996/2996
f 3004/3004 2996/2996 2995/2995
f 3795/3795 3869/3869 2997/2997
f 3795/3795 2997/2997 2996/2996
f 3869/3869 3981/3981 2998/2998
f 3869/3869 2998/2998 2997/2997
f 3981/3981 3982/3982 2999/2999
f 3981/3981 2999/2999 2998/2998
f 3982/3982 4032/4032 3000/3000
f 3982/3982 3000/3000 2999/2999
f 4032/4032 4053/4053 3001/3001
f 4032/4032 3001/3001 3000/3000
f 4053/4053 4069/4069 3002/3002
f 4053/4053 3002/3002 3001/3001
f 4069/4069 4070/4070 3002/3002
f 3002/3002 4070/4070 3655/3655
f 4070/4070 4105/4105 3655/3655
f 3655/3655 4105/4105 3656/3656
f 4105/4105 4122/4122 3656/3656
f 4122/4122 4123/4123 3656/3656
f 3656/3656 4123/4123 3657/3657
f 4123/4123 4124/4124 3657/3657
f 4124/4124 4125/4125 3658/3658
f 4124/4124 3658/3658 3657/3657
f 4125/4125 4126/4126 3658/3658
f 4126/4126 3659/3659 3658/3658
f 4126/4126 4127/4127 3659/3659
f 3659/3659 4127/4127 3660/3660
f 4127/4127 4128/4128 3660/3660
f 3660/3660 4128/4128 3661/3661
f 4128/4128 4129/4129 3661/3661
f 4129/4129 4130/4130 3661/3661
f 3661/3661 4130/4130 3668/3668
f 3668/3668 4130/4130 3669/3669
f 4130/4130 4131/4131 3669/3669
f 3669/3669 4131/4131 3670/3670
f 4131/4131 4145/4145 3670/3670
f 3670/3670 4145/4145 3671/3671
f 4145/4145 4121/4121 3671/3671
f 3671/3671 4121/4121 3672/3672
f 4121/4121 4090/4090 3672/3672
f 3672/3672 4090/4090 3673/3673
f 4090/4090 4089/4089 3673/3673
f 3673/3673 4089/4089 3674/3674
f 4089/4089 4091/4091 3675/3675
f 4089/4089 3675/3675 3674/3674
f 3675/3675 4091/4091 3676/3676
f 4091/4091 4092/4092 3676/3676
f 4092/4092 4093/4093 3662/3662
f 4092/4092 3662/3662 3676/3676
f 4093/4093 4094/4094 3663/3663
f 4093/4093 3663/3663 3662/3662
f 4094/4094 4166/4166 3664/3664
f 4094/4094 3664/3664 3663/3663
f 4166/4166 4182/4182 3665/3665
f 4166/4166 3665/3665 3664/3664
f 4182/4182 4183/4183 3666/3666
f 4182/4182 3666/3666 3665/3665
f 4183/4183 3667/3667 3666/3666
f 4183/4183 4192/4192 3667/3667
f 3667/3667 4192/4192 3961/3961
f 4192/4192 4194/4194 4046/4046
f 4192/4192 4046/4046 3961/3961
f 4194/4194 4196/4196 4046/4046
f 4046/4046 4196/4196 4104/4104
f 4196/4196 4198/4198 4104/4104
f 4198/4198 4200/4200 4133/4133
f 4198/4198 4133/4133 4104/4104
f 4133/4133 4200/4200 4134/4134
f 4200/4200 4202/4202 4134/4134
f 4202/4202 4204/4204 4134/4134
f 4134/4134 4204/4204 4146/4146
f 4204/4204 4207/4207 4146/4146
f 4146/4146 4207/4207 4154/4154
f 4207/4207 4208/4208 4154/4154
f 4154/4154 4208/4208 4224/4224
f 4208/4208 4225/4225 4224/4224
f 4224/4224 4225/4225 4227/4227
f 4225/4225 4240/4240 4242/4242
f 4225/4225 4242/4242 4227/4227
f 4240/4240 4245/4245 4243/4243
f 4240/4240 4243/4243 4242/4242
f 4245/4245 4247/4247 4243/4243
f 4243/4243 4247/4247 4273/4273
f 1163/1163 1160/1160 1164/1164
f 1164/1164 1160/1160 1158/1158
f 1126/1126 1134/1134 1127/1127
f 1126/1126 1127/1127 1128/1128
f 1134/1134 1166/1166 1127/1127
f 4446/4446 4479/4479 4440/4440
f 4479/4479 4449/4449 4440/4440
f 4440/4440 4449/4449 4439/4439
f 4449/4449 4489/4489 4450/4450
f 4449/4449 4450/4450 4439/4439
f 405/405 380/380 379/379
f 379/379 380/380 370/370
f 482/482 410/410 422/422
f 7382/7382 7378/7378 7377/7377
f 7382/7382 7377/7377 7550/7550
f 7104/7104 7110/7110 7117/7117
f 7117/7117 7110/7110 7344/7344
f 6349/6349 6347/6347 6713/6713
f 6347/6347 6346/6346 6351/6351
f 6346/6346 6350/6350 6378/6378
f 6346/6346 6378/6378 6351/6351
f 7376/7376 7384/7384 7373/7373
f 7376/7376 7373/7373 7374/7374
f 889/889 890/890 888/888
f 7513/7513 7515/7515 7514/7514
f 7513/7513 7514/7514 7372/7372
f 8757/8757 8758/8758 8759/8759
f 8757/8757 8759/8759 8760/8760
f 409/409 398/398 391/391
f 391/391 398/398 390/390
f 890/890 894/894 888/888
f 888/888 894/894 911/911
f 4275/4275 4047/4047 4048/4048
f 4275/4275 4048/4048 4289/4289
f 1888/1888 3635/3635 1883/1883
f 1883/1883 3635/3635 1885/1885
f 3635/3635 3729/3729 1885/1885
f 1885/1885 3729/3729 1887/1887
f 3729/3729 3730/3730 1887/1887
f 1887/1887 3730/3730 3507/3507
f 3730/3730 3731/3731 3507/3507
f 3731/3731 3506/3506 3507/3507
f 3731/3731 3968/3968 3506/3506
f 3968/3968 3969/3969 3508/3508
f 3968/3968 3508/3508 3506/3506
f 3969/3969 4008/4008 3583/3583
f 3969/3969 3583/3583 3508/3508
f 4008/4008 4022/4022 3588/3588
f 4008/4008 3588/3588 3583/3583
f 3588/3588 4022/4022 3584/3584
f 4022/4022 4033/4033 3584/3584
f 3584/3584 4033/4033 3585/3585
f 4033/4033 4055/4055 3585/3585
f 3585/3585 4055/4055 3586/3586
f 4055/4055 4065/4065 3586/3586
f 3586/3586 4065/4065 3587/3587
f 4065/4065 4043/4043 3587/3587
f 3587/3587 4043/4043 3592/3592
f 4043/4043 4042/4042 3592/3592
f 4042/4042 4010/4010 3593/3593
f 4042/4042 3593/3593 3592/3592
f 3593/3593 4010/4010 3594/3594
f 4010/4010 3966/3966 3594/3594
f 3594/3594 3966/3966 3589/3589
f 3966/3966 3965/3965 3589/3589
f 3965/3965 3590/3590 3589/3589
f 3965/3965 3964/3964 3590/3590
f 3590/3590 3964/3964 3591/3591
f 3964/3964 3958/3958 3591/3591
f 3958/3958 3957/3957 3591/3591
f 3591/3591 3957/3957 3690/3690
f 3957/3957 3959/3959 3807/3807
f 3957/3957 3807/3807 3690/3690
f 3959/3959 4132/4132 4012/4012
f 3959/3959 4012/4012 3807/3807
f 4132/4132 4223/4223 4012/4012
f 4012/4012 4223/4223 4222/4222
f 4451/4451 4446/4446 4445/4445
f 4451/4451 4445/4445 4453/4453
f 4047/4047 3874/3874 4040/4040
f 4047/4047 4040/4040 4048/4048
f 3874/3874 3779/3779 3986/3986
f 3874/3874 3986/3986 4040/4040
f 3779/3779 3778/3778 3986/3986
f 3986/3986 3778/3778 3985/3985
f 3778/3778 3703/3703 3984/3984
f 3778/3778 3984/3984 3985/3985
f 3703/3703 3701/3701 3702/3702
f 3703/3703 3702/3702 3984/3984
f 3701/3701 3700/3700 3702/3702
f 3701/3701 3705/3705 3694/3694
f 3701/3701 3694/3694 3700/3700
f 3705/3705 3706/3706 3694/3694
f 3706/3706 3707/3707 3694/3694
f 3707/3707 3695/3695 3694/3694
f 3707/3707 3708/3708 3695/3695
f 3695/3695 3708/3708 3061/3061
f 3708/3708 3060/3060 3061/3061
f 3061/3061 3060/3060 3051/3051
f 3060/3060 3059/3059 3058/3058
f 3060/3060 3058/3058 3051/3051
f 3059/3059 3057/3057 3058/3058
f 3058/3058 3057/3057 3054/3054
f 3054/3054 3057/3057 3056/3056
f 3057/3057 2994/2994 3056/3056
f 2994/2994 2966/2966 3056/3056
f 2994/2994 2992/2992 2967/2967
f 2994/2994 2967/2967 2966/2966
f 2992/2992 2990/2990 2971/2971
f 2992/2992 2971/2971 2967/2967
f 2990/2990 2972/2972 2971/2971
f 2971/2971 2972/2972 2973/2973
f 2972/2972 2975/2975 2974/2974
f 2972/2972 2974/2974 2973/2973
f 2975/2975 2976/2976 2974/2974
f 2975/2975 2977/2977 2976/2976
f 2977/2977 2978/2978 2976/2976
f 2976/2976 2978/2978 2979/2979
f 2978/2978 2982/2982 2979/2979
f 2982/2982 2978/2978 1765/1765
f 2978/2978 2984/2984 1765/1765
f 2984/2984 1769/1769 1765/1765
f 2984/2984 2995/2995 1769/1769
f 1769/1769 2995/2995 1770/1770
f 2995/2995 2996/2996 1770/1770
f 2996/2996 2997/2997 1805/1805
f 2996/2996 1805/1805 1770/1770
f 2997/2997 2998/2998 1805/1805
f 2998/2998 2999/2999 1805/1805
f 1805/1805 2999/2999 1806/1806
f 2999/2999 3000/3000 1806/1806
f 3000/3000 3001/3001 1806/1806
f 1806/1806 3001/3001 1847/1847
f 3001/3001 3002/3002 1847/1847
f 3002/3002 3655/3655 1847/1847
f 1847/1847 3655/3655 1846/1846
f 3655/3655 3656/3656 1846/1846
f 1846/1846 3656/3656 1844/1844
f 3656/3656 3657/3657 1844/1844
f 1844/1844 3657/3657 1843/1843
f 1843/1843 3657/3657 1842/1842
f 3657/3657 3658/3658 1842/1842
f 3658/3658 1841/1841 1842/1842
f 3658/3658 3659/3659 1841/1841
f 3659/3659 3660/3660 1841/1841
f 1841/1841 3660/3660 1834/1834
f 3660/3660 3661/3661 1832/1832
f 3660/3660 1832/1832 1834/1834
f 3661/3661 3668/3668 1833/1833
f 3661/3661 1833/1833 1832/1832
f 3668/3668 3669/3669 1833/1833
f 3669/3669 3670/3670 1833/1833
f 3670/3670 3671/3671 1836/1836
f 3670/3670 1836/1836 1833/1833
f 3671/3671 3672/3672 1839/1839
f 3671/3671 1839/1839 1836/1836
f 3672/3672 3673/3673 1839/1839
f 3673/3673 3674/3674 1840/1840
f 3673/3673 1840/1840 1839/1839
f 3674/3674 3675/3675 1615/1615
f 3674/3674 1615/1615 1840/1840
f 3675/3675 3676/3676 1614/1614
f 3675/3675 1614/1614 1615/1615
f 3676/3676 1612/1612 1614/1614
f 3676/3676 3662/3662 1612/1612
f 3662/3662 3663/3663 1852/1852
f 3662/3662 1852/1852 1612/1612
f 3663/3663 3664/3664 1852/1852
f 1852/1852 3664/3664 1853/1853
f 3664/3664 1875/1875 1853/1853
f 3664/3664 3665/3665 1875/1875
f 1875/1875 3665/3665 1877/1877
f 3665/3665 3666/3666 1877/1877
f 3666/3666 3667/3667 1877/1877
f 1877/1877 3667/3667 1879/1879
f 3667/3667 3961/3961 1882/1882
f 3667/3667 1882/1882 1879/1879
f 4446/4446 4440/4440 4445/4445
f 4445/4445 4440/4440 4437/4437
f 4440/4440 4439/4439 4437/4437
f 4437/4437 4439/4439 4434/4434
f 475/475 379/379 474/474
f 474/474 379/379 388/388
f 474/474 388/388 421/421
f 4434/4434 4433/4433 4432/4432
f 379/379 370/370 362/362
f 379/379 362/362 388/388
f 8812/8812 8813/8813 8814/8814
f 7550/7550 6961/6961 6960/6960
f 425/425 397/397 386/386
f 8456/8456 8452/8452 8457/8457
f 7563/7563 7117/7117 7344/7344
f 6908/6908 6938/6938 6881/6881
f 6879/6879 6881/6881 6938/6938
f 4841/4841 4843/4843 4856/4856
f 7077/7077 4883/4883 4882/4882
f 7374/7374 7373/7373 7371/7371
f 7374/7374 7371/7371 7375/7375
f 889/889 888/888 887/887
f 887/887 888/888 886/886
f 391/391 390/390 358/358
f 358/358 390/390 373/373
f 358/358 373/373 359/359
f 358/358 359/359 360/360
f 888/888 911/911 886/886
f 886/886 911/911 946/946
f 4289/4289 4048/4048 4071/4071
f 4289/4289 4071/4071 4098/4098
f 1881/1881 1883/1883 1884/1884
f 1883/1883 1885/1885 1884/1884
f 1885/1885 1887/1887 1886/1886
f 1885/1885 1886/1886 1884/1884
f 1887/1887 3507/3507 2104/2104
f 1887/1887 2104/2104 1886/1886
f 3507/3507 3506/3506 2102/2102
f 3507/3507 2102/2102 2104/2104
f 2102/2102 3506/3506 2100/2100
f 3506/3506 3508/3508 2100/2100
f 3508/3508 3583/3583 2099/2099
f 3508/3508 2099/2099 2100/2100
f 3583/3583 3588/3588 2099/2099
f 3588/3588 3584/3584 2099/2099
f 2099/2099 3584/3584 2094/2094
f 3584/3584 3585/3585 2094/2094
f 2094/2094 3585/3585 2092/2092
f 3585/3585 3586/3586 2092/2092
f 2092/2092 3586/3586 2090/2090
f 3586/3586 3587/3587 2090/2090
f 3587/3587 3592/3592 2089/2089
f 3587/3587 2089/2089 2090/2090
f 3592/3592 3593/3593 2109/2109
f 3592/3592 2109/2109 2089/2089
f 3593/3593 3594/3594 2109/2109
f 3594/3594 3589/3589 2110/2110
f 3594/3594 2110/2110 2109/2109
f 3589/3589 2111/2111 2110/2110
f 3589/3589 3590/3590 2111/2111
f 2111/2111 3590/3590 2112/2112
f 3590/3590 3591/3591 2112/2112
f 3591/3591 2113/2113 2112/2112
f 3591/3591 3690/3690 3689/3689
f 3591/3591 3689/3689 2113/2113
f 3690/3690 3807/3807 3806/3806
f 3690/3690 3806/3806 3689/3689
f 3807/3807 4012/4012 3806/3806
f 3806/3806 4012/4012 4011/4011
f 4012/4012 4222/4222 4011/4011
f 4011/4011 4222/4222 4221/4221
f 4453/4453 4445/4445 4454/4454
f 4454/4454 4445/4445 4448/4448
f 4048/4048 4040/4040 4071/4071
f 4071/4071 4040/4040 4062/4062
f 4040/4040 3986/3986 4062/4062
f 4062/4062 3986/3986 4038/4038
f 3986/3986 3985/3985 4038/4038
f 3985/3985 3984/3984 3988/3988
f 3985/3985 3988/3988 4038/4038
f 3984/3984 3702/3702 3987/3987
f 3984/3984 3987/3987 3988/3988
f 3702/3702 3700/3700 3704/3704
f 3702/3702 3704/3704 3987/3987
f 3700/3700 3694/3694 3699/3699
f 3700/3700 3699/3699 3704/3704
f 3694/3694 3697/3697 3699/3699
f 3694/3694 3696/3696 3697/3697
f 3694/3694 3695/3695 3696/3696
f 3695/3695 3061/3061 3062/3062
f 3061/3061 3051/3051 3062/3062
f 3051/3051 3058/3058 3052/3052
f 3058/3058 3054/3054 3052/3052
f 3054/3054 3056/3056 3055/3055
f 3055/3055 3056/3056 2963/2963
f 3056/3056 2966/2966 2963/2963
f 2963/2963 2966/2966 2964/2964
f 2966/2966 2967/2967 2964/2964
f 2964/2964 2967/2967 2968/2968
f 2967/2967 2971/2971 2969/2969
f 2967/2967 2969/2969 2968/2968
f 2971/2971 1785/1785 2969/2969
f 2971/2971 2973/2973 1785/1785
f 2973/2973 2974/2974 1786/1786
f 2973/2973 1786/1786 1785/1785
f 2974/2974 2976/2976 1787/1787
f 2974/2974 1787/1787 1786/1786
f 2976/2976 2980/2980 1787/1787
f 2976/2976 2979/2979 1775/1775
f 2976/2976 1775/1775 2980/2980
f 2979/2979 2981/2981 1775/1775
f 2979/2979 2982/2982 2981/2981
f 2982/2982 1765/1765 1772/1772
f 2982/2982 1772/1772 2981/2981
f 1765/1765 1769/1769 1766/1766
f 1766/1766 1769/1769 1767/1767
f 1769/1769 1770/1770 1767/1767
f 1767/1767 1770/1770 1768/1768
f 1768/1768 1770/1770 1804/1804
f 1770/1770 1805/1805 1804/1804
f 1804/1804 1805/1805 1802/1802
f 1805/1805 1806/1806 1801/1801
f 1805/1805 1801/1801 1802/1802
f 1806/1806 1807/1807 1801/1801
f 1806/1806 1847/1847 1807/1807
f 1847/1847 1810/1810 1807/1807
f 1847/1847 1846/1846 1845/1845
f 1847/1847 1845/1845 1810/1810
f 1846/1846 1844/1844 1845/1845
f 1842/1842 1841/1841 1819/1819
f 1841/1841 1820/1820 1819/1819
f 1841/1841 1834/1834 1820/1820
f 1820/1820 1834/1834 1823/1823
f 1834/1834 1832/1832 1823/1823
f 1823/1823 1832/1832 1831/1831
f 1832/1832 1833/1833 1831/1831
f 1831/1831 1833/1833 1830/1830
f 1833/1833 1835/1835 1830/1830
f 1833/1833 1836/1836 1835/1835
f 1835/1835 1836/1836 1837/1837
f 1836/1836 1839/1839 1837/1837
f 1839/1839 1838/1838 1837/1837
f 1839/1839 1840/1840 1838/1838
f 1838/1838 1840/1840 1617/1617
f 1840/1840 1615/1615 1617/1617
f 1615/1615 1614/1614 1613/1613
f 1614/1614 1612/1612 1613/1613
f 1613/1613 1612/1612 1611/1611
f 1612/1612 1610/1610 1611/1611
f 1612/1612 1852/1852 1851/1851
f 1612/1612 1851/1851 1610/1610
f 1852/1852 1853/1853 1851/1851
f 1875/1875 1877/1877 1876/1876
f 1876/1876 1877/1877 1878/1878
f 1877/1877 1879/1879 1878/1878
f 1878/1878 1879/1879 1880/1880
f 4445/4445 4437/4437 4443/4443
f 4445/4445 4443/4443 4448/4448
f 4437/4437 4434/4434 4435/4435
f 4437/4437 4435/4435 4443/4443
f 4434/4434 4432/4432 4435/4435
f 4435/4435 4432/4432 4430/4430
f 4443/4443 4435/4435 4436/4436
f 4436/4436 4435/4435 4430/4430
f 388/388 362/362 387/387
f 4432/4432 4433/4433 4431/4431
f 4432/4432 4431/4431 4430/4430
f 6960/6960 6961/6961 6959/6959
f 6959/6959 6961/6961 6965/6965
f 7221/7221 7563/7563 7220/7220
f 7220/7220 7563/7563 7330/7330
f 7077/7077 4882/4882 4881/4881
f 6341/6341 6342/6342 6344/6344
f 7375/7375 7371/7371 7571/7571
f 7571/7571 7371/7371 7370/7370
f 386/386 397/397 384/384
f 384/384 397/397 385/385
f 887/887 886/886 885/885
f 885/885 886/886 884/884
f 886/886 946/946 884/884
f 4327/4327 4098/4098 4014/4014
f 4098/4098 4097/4097 4014/4014
f 4014/4014 4097/4097 4013/4013
f 4097/4097 4096/4096 4039/4039
f 4097/4097 4039/4039 4013/4013
f 4096/4096 4095/4095 4039/4039
f 4039/4039 4095/4095 4037/4037
f 4095/4095 4038/4038 4037/4037
f 1880/1880 1881/1881 1867/1867
f 1880/1880 1867/1867 1874/1874
f 1881/1881 1884/1884 2107/2107
f 1881/1881 2107/2107 1867/1867
f 1884/1884 1886/1886 2106/2106
f 1884/1884 2106/2106 2107/2107
f 2106/2106 1886/1886 2105/2105
f 1886/1886 2104/2104 2105/2105
f 2104/2104 2103/2103 2105/2105
f 2104/2104 2102/2102 2103/2103
f 2103/2103 2102/2102 2101/2101
f 2102/2102 2100/2100 2101/2101
f 2101/2101 2100/2100 2098/2098
f 2100/2100 2099/2099 2098/2098
f 2098/2098 2099/2099 2096/2096
f 2099/2099 2094/2094 2096/2096
f 2096/2096 2094/2094 2095/2095
f 2094/2094 2092/2092 2093/2093
f 2094/2094 2093/2093 2095/2095
f 2092/2092 2090/2090 2091/2091
f 2092/2092 2091/2091 2093/2093
f 2090/2090 2088/2088 2091/2091
f 2090/2090 2089/2089 2088/2088
f 2088/2088 2089/2089 2085/2085
f 2089/2089 2109/2109 2084/2084
f 2089/2089 2084/2084 2085/2085
f 2109/2109 2110/2110 2082/2082
f 2109/2109 2082/2082 2084/2084
f 2110/2110 2111/2111 2080/2080
f 2110/2110 2080/2080 2082/2082
f 2111/2111 2112/2112 2078/2078
f 2111/2111 2078/2078 2080/2080
f 2112/2112 2077/2077 2078/2078
f 2112/2112 2113/2113 2077/2077
f 2113/2113 2076/2076 2077/2077
f 2113/2113 3689/3689 2076/2076
f 2076/2076 3689/3689 3691/3691
f 3689/3689 3806/3806 3691/3691
f 3691/3691 3806/3806 3808/3808
f 3806/3806 4011/4011 3808/3808
f 3808/3808 4011/4011 4001/4001
f 4011/4011 4221/4221 4220/4220
f 4011/4011 4220/4220 4001/4001
f 4454/4454 4448/4448 4457/4457
f 4038/4038 3988/3988 4037/4037
f 4037/4037 3988/3988 4035/4035
f 3988/3988 3987/3987 4035/4035
f 4035/4035 3987/3987 4034/4034
f 3987/3987 3704/3704 3717/3717
f 3987/3987 3717/3717 4034/4034
f 3704/3704 3699/3699 3717/3717
f 3717/3717 3699/3699 3716/3716
f 3699/3699 3697/3697 3698/3698
f 3699/3699 3698/3698 3716/3716
f 3697/3697 3696/3696 3698/3698
f 3698/3698 3696/3696 3711/3711
f 3696/3696 3695/3695 3712/3712
f 3696/3696 3712/3712 3711/3711
f 3695/3695 3062/3062 3065/3065
f 3695/3695 3065/3065 3712/3712
f 3065/3065 3062/3062 3050/3050
f 3062/3062 3051/3051 3050/3050
f 3050/3050 3051/3051 3047/3047
f 3051/3051 3052/3052 3047/3047
f 3052/3052 3054/3054 3053/3053
f 3054/3054 3055/3055 3053/3053
f 3055/3055 2963/2963 3053/3053
f 3053/3053 2963/2963 2965/2965
f 2963/2963 2964/2964 2965/2965
f 2964/2964 2968/2968 2970/2970
f 2968/2968 2969/2969 2970/2970
f 2969/2969 1785/1785 1784/1784
f 1785/1785 1782/1782 1784/1784
f 1785/1785 1786/1786 1782/1782
f 1787/1787 2980/2980 1776/1776
f 1776/1776 2980/2980 1775/1775
f 1775/1775 2981/2981 1773/1773
f 2981/2981 1772/1772 1773/1773
f 1768/1768 1804/1804 1796/1796
f 1796/1796 1804/1804 1803/1803
f 1804/1804 1802/1802 1803/1803
f 1801/1801 1807/1807 1808/1808
f 1845/1845 1844/1844 1812/1812
f 1844/1844 1843/1843 1815/1815
f 1844/1844 1815/1815 1812/1812
f 1843/1843 1842/1842 1815/1815
f 1815/1815 1842/1842 1816/1816
f 1816/1816 1842/1842 1817/1817
f 1842/1842 1819/1819 1817/1817
f 1823/1823 1831/1831 1826/1826
f 1831/1831 1830/1830 1826/1826
f 1826/1826 1830/1830 1828/1828
f 1830/1830 1835/1835 1829/1829
f 1830/1830 1829/1829 1828/1828
f 1835/1835 1837/1837 1829/1829
f 1837/1837 1838/1838 1829/1829
f 1617/1617 1615/1615 1616/1616
f 1615/1615 1613/1613 1616/1616
f 1611/1611 1610/1610 1609/1609
f 1610/1610 1851/1851 1608/1608
f 1610/1610 1608/1608 1609/1609
f 1851/1851 1854/1854 1608/1608
f 1851/1851 1853/1853 1854/1854
f 1853/1853 1875/1875 1854/1854
f 1854/1854 1875/1875 1857/1857
f 1875/1875 1876/1876 1857/1857
f 4448/4448 4443/4443 4447/4447
f 4448/4448 4447/4447 4457/4457
f 4443/4443 4436/4436 4447/4447
f 4447/4447 4436/4436 4438/4438
f 387/387 362/362 371/371
f 371/371 362/362 357/357
f 4436/4436 4430/4430 4429/4429
f 4436/4436 4429/4429 4438/4438
f 4430/4430 4431/4431 4428/4428
f 4430/4430 4428/4428 4429/4429
f 6959/6959 6965/6965 6964/6964
f 6959/6959 6964/6964 6963/6963
f 7220/7220 7330/7330 7329/7329
f 7331/7331 7329/7329 7330/7330
f 906/906 903/903 883/883
f 7571/7571 7370/7370 7414/7414
f 8823/8823 8824/8824 8822/8822
f 384/384 385/385 375/375
f 885/885 884/884 883/883
f 883/883 884/884 882/882
f 4327/4327 4014/4014 3980/3980
f 4327/4327 3980/3980 4326/4326
f 4014/4014 4013/4013 3980/3980
f 3980/3980 4013/4013 3979/3979
f 4013/4013 4039/4039 3990/3990
f 4013/4013 3990/3990 3979/3979
f 4039/4039 4037/4037 3990/3990
f 3990/3990 4037/4037 3991/3991
f 4037/4037 4036/4036 3992/3992
f 4037/4037 3992/3992 3991/3991
f 4036/4036 4034/4034 3993/3993
f 4036/4036 3993/3993 3992/3992
f 4034/4034 4007/4007 3993/3993
f 1818/1818 1820/1820 1821/1821
f 1820/1820 1823/1823 1822/1822
f 1820/1820 1822/1822 1821/1821
f 1823/1823 1824/1824 1822/1822
f 1822/1822 1824/1824 1825/1825
f 1824/1824 1826/1826 1825/1825
f 1826/1826 1827/1827 1825/1825
f 1857/1857 1874/1874 1864/1864
f 1864/1864 1874/1874 1865/1865
f 1874/1874 1867/1867 1865/1865
f 1867/1867 2107/2107 1869/1869
f 2107/2107 2106/2106 1869/1869
f 1869/1869 2106/2106 1872/1872
f 2106/2106 2105/2105 1872/1872
f 1872/1872 2105/2105 2114/2114
f 2105/2105 2103/2103 2114/2114
f 2103/2103 2101/2101 2114/2114
f 2114/2114 2101/2101 2051/2051
f 2101/2101 2098/2098 2051/2051
f 2051/2051 2098/2098 2053/2053
f 2098/2098 2096/2096 2053/2053
f 2053/2053 2096/2096 2054/2054
f 2096/2096 2095/2095 2097/2097
f 2096/2096 2097/2097 2054/2054
f 2095/2095 2093/2093 2097/2097
f 2093/2093 2108/2108 2097/2097
f 2093/2093 2091/2091 2108/2108
f 2091/2091 2088/2088 2087/2087
f 2091/2091 2087/2087 2108/2108
f 2088/2088 2085/2085 2087/2087
f 2087/2087 2085/2085 2086/2086
f 2085/2085 2084/2084 2083/2083
f 2085/2085 2083/2083 2086/2086
f 2084/2084 2082/2082 2083/2083
f 2083/2083 2082/2082 2081/2081
f 2082/2082 2080/2080 2081/2081
f 2080/2080 2078/2078 2079/2079
f 2080/2080 2079/2079 2081/2081
f 2078/2078 2077/2077 2075/2075
f 2078/2078 2075/2075 2079/2079
f 2077/2077 2076/2076 2075/2075
f 2075/2075 2076/2076 2074/2074
f 2076/2076 3691/3691 2074/2074
f 2074/2074 3691/3691 2073/2073
f 3691/3691 3808/3808 2073/2073
f 2073/2073 3808/3808 3728/3728
f 3808/3808 4001/4001 3875/3875
f 3808/3808 3875/3875 3728/3728
f 4001/4001 4220/4220 3875/3875
f 3875/3875 4220/4220 4219/4219
f 4457/4457 4459/4459 4460/4460
f 355/355 359/359 363/363
f 4034/4034 3717/3717 4007/4007
f 3717/3717 3716/3716 4007/4007
f 4007/4007 3716/3716 3975/3975
f 3716/3716 3698/3698 3715/3715
f 3716/3716 3715/3715 3975/3975
f 3698/3698 3711/3711 3715/3715
f 3052/3052 3053/3053 3046/3046
f 3052/3052 3046/3046 3047/3047
f 3046/3046 3053/3053 3045/3045
f 3053/3053 2965/2965 3045/3045
f 2965/2965 2964/2964 3006/3006
f 2964/2964 2970/2970 3006/3006
f 2970/2970 2969/2969 3078/3078
f 2969/2969 1784/1784 3078/3078
f 1782/1782 1786/1786 1781/1781
f 1786/1786 1787/1787 1778/1778
f 1786/1786 1778/1778 1781/1781
f 1787/1787 1776/1776 1778/1778
f 1776/1776 1775/1775 1774/1774
f 1775/1775 1773/1773 1774/1774
f 1774/1774 1773/1773 1771/1771
f 1773/1773 1772/1772 1771/1771
f 1771/1771 1772/1772 1763/1763
f 1772/1772 1765/1765 1763/1763
f 1765/1765 1766/1766 1764/1764
f 1765/1765 1764/1764 1763/1763
f 1766/1766 1767/1767 1764/1764
f 1767/1767 1768/1768 1764/1764
f 1764/1764 1768/1768 1674/1674
f 1768/1768 1796/1796 1674/1674
f 1803/1803 1802/1802 1800/1800
f 1802/1802 1801/1801 1800/1800
f 1800/1800 1801/1801 1654/1654
f 1801/1801 1808/1808 1654/1654
f 1808/1808 1807/1807 1810/1810
f 1810/1810 1845/1845 1812/1812
f 1812/1812 1815/1815 1813/1813
f 1815/1815 1816/1816 1814/1814
f 1815/1815 1814/1814 1813/1813
f 1816/1816 1817/1817 1814/1814
f 1828/1828 1829/1829 1622/1622
f 1828/1828 1622/1622 1827/1827
f 1829/1829 1838/1838 1618/1618
f 1838/1838 1617/1617 1618/1618
f 1618/1618 1617/1617 1616/1616
f 1616/1616 1613/1613 1850/1850
f 1613/1613 1611/1611 1850/1850
f 1850/1850 1611/1611 1849/1849
f 1611/1611 1609/1609 1849/1849
f 1608/1608 1854/1854 1855/1855
f 1854/1854 1857/1857 1855/1855
f 4457/4457 4447/4447 4459/4459
f 4459/4459 4447/4447 4452/4452
f 4447/4447 4438/4438 4452/4452
f 4452/4452 4438/4438 4441/4441
f 371/371 357/357 356/356
f 371/371 356/356 431/431
f 4438/4438 4429/4429 4427/4427
f 4438/4438 4427/4427 4441/4441
f 4429/4429 4428/4428 4427/4427
f 4427/4427 4428/4428 4426/4426
f 8818/8818 8821/8821 8819/8819
f 8818/8818 8819/8819 8820/8820
f 906/906 883/883 907/907
f 907/907 883/883 879/879
f 8333/8333 8332/8332 8331/8331
f 8822/8822 8824/8824 8825/8825
f 375/375 385/385 353/353
f 353/353 385/385 348/348
f 883/883 882/882 879/879
f 879/879 882/882 881/881
f 4326/4326 3980/3980 4314/4314
f 4314/4314 3980/3980 3952/3952
f 3980/3980 3979/3979 3952/3952
f 3952/3952 3979/3979 3939/3939
f 3979/3979 3990/3990 3940/3940
f 3979/3979 3940/3940 3939/3939
f 3990/3990 3991/3991 3940/3940
f 3940/3940 3991/3991 3938/3938
f 3991/3991 3992/3992 3938/3938
f 3938/3938 3992/3992 3936/3936
f 3992/3992 3993/3993 3937/3937
f 3992/3992 3937/3937 3936/3936
f 3993/3993 3978/3978 3977/3977
f 3993/3993 3977/3977 3937/3937
f 3978/3978 3976/3976 3977/3977
f 3978/3978 3975/3975 3974/3974
f 3978/3978 3974/3974 3976/3976
f 1814/1814 1817/1817 1641/1641
f 1817/1817 1818/1818 1641/1641
f 1641/1641 1818/1818 1631/1631
f 1818/1818 1821/1821 1629/1629
f 1818/1818 1629/1629 1631/1631
f 1821/1821 1822/1822 1629/1629
f 1629/1629 1822/1822 1628/1628
f 1628/1628 1822/1822 1626/1626
f 1822/1822 1825/1825 1626/1626
f 1626/1626 1825/1825 1625/1625
f 1825/1825 1827/1827 1625/1625
f 1625/1625 1827/1827 1623/1623
f 1827/1827 1622/1622 1623/1623
f 1858/1858 1864/1864 1863/1863
f 1864/1864 1865/1865 1863/1863
f 1865/1865 1866/1866 1863/1863
f 1865/1865 1867/1867 1866/1866
f 1867/1867 1869/1869 1868/1868
f 1867/1867 1868/1868 1866/1866
f 1868/1868 1869/1869 1870/1870
f 1869/1869 1872/1872 1871/1871
f 1869/1869 1871/1871 1870/1870
f 1871/1871 1872/1872 2115/2115
f 1872/1872 2114/2114 2115/2115
f 2114/2114 2051/2051 2115/2115
f 2051/2051 2053/2053 2052/2052
f 2053/2053 2054/2054 2052/2052
f 2052/2052 2054/2054 2055/2055
f 2054/2054 2097/2097 2055/2055
f 2097/2097 2058/2058 2055/2055
f 2097/2097 2108/2108 2058/2058
f 2108/2108 2060/2060 2058/2058
f 2108/2108 2087/2087 2060/2060
f 2060/2060 2087/2087 2061/2061
f 2087/2087 2086/2086 2061/2061
f 2086/2086 2062/2062 2061/2061
f 2086/2086 2083/2083 2062/2062
f 2083/2083 2064/2064 2062/2062
f 2083/2083 2081/2081 2064/2064
f 2064/2064 2081/2081 2066/2066
f 2081/2081 2079/2079 2066/2066
f 2079/2079 2075/2075 2066/2066
f 2066/2066 2075/2075 2068/2068
f 2075/2075 2074/2074 2069/2069
f 2075/2075 2069/2069 2068/2068
f 2074/2074 2073/2073 2069/2069
f 2069/2069 2073/2073 2072/2072
f 2073/2073 3728/3728 2072/2072
f 2072/2072 3728/3728 3727/3727
f 3728/3728 3875/3875 3727/3727
f 3727/3727 3875/3875 3793/3793
f 3875/3875 4219/4219 4023/4023
f 3875/3875 4023/4023 3793/3793
f 4460/4460 4461/4461 4462/4462
f 4460/4460 4462/4462 4463/4463
f 4461/4461 4452/4452 4467/4467
f 4461/4461 4467/4467 4462/4462
f 3975/3975 3715/3715 3974/3974
f 3715/3715 3711/3711 3714/3714
f 3715/3715 3714/3714 3974/3974
f 3711/3711 3712/3712 3713/3713
f 3711/3711 3713/3713 3714/3714
f 3712/3712 3065/3065 3066/3066
f 3712/3712 3066/3066 3713/3713
f 3065/3065 3050/3050 3066/3066
f 3050/3050 3047/3047 3048/3048
f 3048/3048 3047/3047 3013/3013
f 3047/3047 3046/3046 3011/3011
f 3047/3047 3011/3011 3013/3013
f 3046/3046 3045/3045 3009/3009
f 3046/3046 3009/3009 3011/3011
f 3045/3045 2965/2965 3009/3009
f 3009/3009 2965/2965 3008/3008
f 2965/2965 3006/3006 3007/3007
f 2965/2965 3007/3007 3008/3008
f 3006/3006 2970/2970 3069/3069
f 3006/3006 3069/3069 3007/3007
f 2970/2970 3078/3078 3069/3069
f 3078/3078 1784/1784 1783/1783
f 1784/1784 1782/1782 1783/1783
f 1782/1782 1781/1781 1779/1779
f 1782/1782 1779/1779 1783/1783
f 1781/1781 1778/1778 1779/1779
f 1779/1779 1778/1778 1777/1777
f 1778/1778 1776/1776 1777/1777
f 1776/1776 1774/1774 1777/1777
f 1774/1774 1771/1771 1759/1759
f 1771/1771 1761/1761 1759/1759
f 1771/1771 1763/1763 1761/1761
f 1761/1761 1763/1763 1762/1762
f 1763/1763 1764/1764 1762/1762
f 1762/1762 1764/1764 1675/1675
f 1764/1764 1674/1674 1675/1675
f 1674/1674 1796/1796 1797/1797
f 1796/1796 1798/1798 1797/1797
f 1796/1796 1803/1803 1798/1798
f 1803/1803 1800/1800 1798/1798
f 1654/1654 1808/1808 1652/1652
f 1808/1808 1810/1810 1809/1809
f 1808/1808 1809/1809 1652/1652
f 1810/1810 1812/1812 1811/1811
f 1810/1810 1811/1811 1809/1809
f 1812/1812 1813/1813 1647/1647
f 1812/1812 1647/1647 1811/1811
f 1813/1813 1814/1814 1647/1647
f 1829/1829 1618/1618 1621/1621
f 1618/1618 1616/1616 1619/1619
f 1616/1616 1850/1850 1619/1619
f 1619/1619 1850/1850 1848/1848
f 1850/1850 1849/1849 1848/1848
f 1849/1849 1609/1609 1607/1607
f 1609/1609 1608/1608 1607/1607
f 1607/1607 1608/1608 1606/1606
f 1608/1608 1855/1855 1606/1606
f 4452/4452 4442/4442 4467/4467
f 4467/4467 4442/4442 4444/4444
f 4442/4442 4427/4427 4424/4424
f 4442/4442 4424/4424 4444/4444
f 4427/4427 4426/4426 4424/4424
f 4424/4424 4426/4426 4425/4425
f 431/431 356/356 433/433
f 7328/7328 5647/5647 5642/5642
f 5642/5642 5647/5647 5639/5639
f 907/907 879/879 908/908
f 4610/4610 6709/6709 6976/6976
f 6709/6709 6555/6555 6976/6976
f 7324/7324 7570/7570 5638/5638
f 5638/5638 7570/7570 5630/5630
f 353/353 348/348 350/350
f 350/350 348/348 343/343
f 879/879 881/881 880/880
f 4314/4314 3952/3952 4157/4157
f 4157/4157 3952/3952 3935/3935
f 3952/3952 3939/3939 3934/3934
f 3952/3952 3934/3934 3935/3935
f 3939/3939 3940/3940 3934/3934
f 3934/3934 3940/3940 3933/3933
f 3940/3940 3938/3938 3933/3933
f 3933/3933 3938/3938 3896/3896
f 3938/3938 3936/3936 3896/3896
f 3896/3896 3936/3936 3894/3894
f 3936/3936 3937/3937 3895/3895
f 3936/3936 3895/3895 3894/3894
f 3937/3937 3977/3977 3955/3955
f 3937/3937 3955/3955 3895/3895
f 3977/3977 3976/3976 3955/3955
f 3955/3955 3976/3976 3956/3956
f 3976/3976 3973/3973 3790/3790
f 3976/3976 3790/3790 3956/3956
f 3790/3790 3973/3973 3789/3789
f 3973/3973 3714/3714 3789/3789
f 1647/1647 1814/1814 1646/1646
f 1646/1646 1814/1814 1643/1643
f 1643/1643 1814/1814 1642/1642
f 1814/1814 1641/1641 1642/1642
f 1642/1642 1641/1641 1633/1633
f 1641/1641 1631/1631 1633/1633
f 1631/1631 1629/1629 1630/1630
f 1629/1629 1628/1628 1627/1627
f 1629/1629 1627/1627 1630/1630
f 1628/1628 1626/1626 1627/1627
f 1626/1626 1624/1624 1627/1627
f 1626/1626 1625/1625 1624/1624
f 1625/1625 1623/1623 1624/1624
f 1624/1624 1623/1623 1596/1596
f 1623/1623 1622/1622 1596/1596
f 1622/1622 1621/1621 1597/1597
f 1622/1622 1597/1597 1596/1596
f 1621/1621 1620/1620 1597/1597
f 1597/1597 1620/1620 1598/1598
f 1620/1620 1619/1619 1598/1598
f 1619/1619 1848/1848 1598/1598
f 1598/1598 1848/1848 1600/1600
f 1848/1848 1607/1607 1600/1600
f 1600/1600 1607/1607 1602/1602
f 1607/1607 1603/1603 1602/1602
f 1603/1603 1606/1606 1605/1605
f 1606/1606 1855/1855 1856/1856
f 1606/1606 1856/1856 1605/1605
f 1855/1855 1858/1858 1859/1859
f 1855/1855 1859/1859 1856/1856
f 1858/1858 1863/1863 1859/1859
f 1863/1863 1862/1862 1859/1859
f 1863/1863 1866/1866 1862/1862
f 1862/1862 1866/1866 1861/1861
f 1866/1866 1868/1868 1861/1861
f 1861/1861 1868/1868 1873/1873
f 1868/1868 1870/1870 1873/1873
f 1873/1873 1870/1870 2117/2117
f 1870/1870 1871/1871 2116/2116
f 1870/1870 2116/2116 2117/2117
f 1871/1871 2115/2115 2116/2116
f 2116/2116 2115/2115 2050/2050
f 2115/2115 2051/2051 2050/2050
f 2050/2050 2051/2051 2048/2048
f 2051/2051 2052/2052 2048/2048
f 2052/2052 2055/2055 2056/2056
f 2055/2055 2058/2058 2057/2057
f 2055/2055 2057/2057 2056/2056
f 2058/2058 2060/2060 2059/2059
f 2058/2058 2059/2059 2057/2057
f 2060/2060 2061/2061 2059/2059
f 2061/2061 2062/2062 2059/2059
f 2059/2059 2062/2062 2063/2063
f 2063/2063 2062/2062 2035/2035
f 2062/2062 2064/2064 2035/2035
f 2035/2035 2064/2064 2065/2065
f 2064/2064 2066/2066 2065/2065
f 2066/2066 2068/2068 2067/2067
f 2066/2066 2067/2067 2065/2065
f 2068/2068 2069/2069 2067/2067
f 2069/2069 2072/2072 2071/2071
f 2072/2072 3727/3727 2071/2071
f 2071/2071 3727/3727 3654/3654
f 3727/3727 3793/3793 3654/3654
f 3654/3654 3793/3793 3752/3752
f 3793/3793 4023/4023 3960/3960
f 3793/3793 3960/3960 3752/3752
f 4463/4463 4462/4462 4464/4464
f 4463/4463 4464/4464 4465/4465
f 4462/4462 4467/4467 4470/4470
f 4462/4462 4470/4470 4464/4464
f 355/355 363/363 364/364
f 364/364 363/363 368/368
f 3714/3714 3713/3713 3068/3068
f 3713/3713 3066/3066 3068/3068
f 3066/3066 3050/3050 3067/3067
f 3066/3066 3067/3067 3068/3068
f 3050/3050 3048/3048 3049/3049
f 3050/3050 3049/3049 3067/3067
f 3048/3048 3013/3013 3014/3014
f 3048/3048 3014/3014 3049/3049
f 3013/3013 3011/3011 3012/3012
f 3013/3013 3012/3012 3014/3014
f 3011/3011 3009/3009 3010/3010
f 3011/3011 3010/3010 3012/3012
f 3009/3009 3008/3008 3010/3010
f 3008/3008 3007/3007 3070/3070
f 3007/3007 3069/3069 3070/3070
f 3069/3069 3078/3078 3071/3071
f 3069/3069 3071/3071 3070/3070
f 3078/3078 1783/1783 3071/3071
f 3071/3071 1783/1783 1749/1749
f 1783/1783 1750/1750 1749/1749
f 1783/1783 1779/1779 1750/1750
f 1750/1750 1779/1779 1751/1751
f 1779/1779 1777/1777 1751/1751
f 1751/1751 1777/1777 1780/1780
f 1780/1780 1777/1777 1757/1757
f 1777/1777 1774/1774 1757/1757
f 1757/1757 1774/1774 1759/1759
f 1759/1759 1761/1761 1760/1760
f 1761/1761 1762/1762 1676/1676
f 1761/1761 1676/1676 1760/1760
f 1762/1762 1675/1675 1676/1676
f 1676/1676 1675/1675 1673/1673
f 1675/1675 1674/1674 1673/1673
f 1673/1673 1674/1674 1672/1672
f 1674/1674 1797/1797 1672/1672
f 1798/1798 1799/1799 1797/1797
f 1798/1798 1800/1800 1799/1799
f 1800/1800 1654/1654 1799/1799
f 1652/1652 1809/1809 1650/1650
f 1809/1809 1811/1811 1649/1649
f 1809/1809 1649/1649 1650/1650
f 1811/1811 1647/1647 1649/1649
f 4467/4467 4444/4444 4470/4470
f 4470/4470 4444/4444 4458/4458
f 4444/4444 4424/4424 4423/4423
f 4444/4444 4423/4423 4458/4458
f 4424/4424 4425/4425 4423/4423
f 4423/4423 4425/4425 4422/4422
f 433/433 356/356 434/434
f 5642/5642 5639/5639 5641/5641
f 5641/5641 5639/5639 5640/5640
f 908/908 879/879 877/877
f 877/877 879/879 878/878
f 5638/5638 5630/5630 5632/5632
f 5632/5632 5630/5630 5629/5629
f 350/350 343/343 349/349
f 349/349 343/343 342/342
f 879/879 880/880 878/878
f 4157/4157 3935/3935 3912/3912
f 4157/4157 3912/3912 4153/4153
f 3935/3935 3934/3934 3909/3909
f 3935/3935 3909/3909 3912/3912
f 3934/3934 3933/3933 3910/3910
f 3934/3934 3910/3910 3909/3909
f 3933/3933 3896/3896 3890/3890
f 3933/3933 3890/3890 3910/3910
f 3896/3896 3894/3894 3890/3890
f 3890/3890 3894/3894 3891/3891
f 3894/3894 3895/3895 3891/3891
f 3891/3891 3895/3895 3884/3884
f 3895/3895 3955/3955 3884/3884
f 3884/3884 3955/3955 3788/3788
f 3955/3955 3956/3956 3788/3788
f 3788/3788 3956/3956 3786/3786
f 3956/3956 3790/3790 3786/3786
f 3786/3786 3790/3790 3785/3785
f 3790/3790 3789/3789 3784/3784
f 3790/3790 3784/3784 3785/3785
f 3789/3789 3505/3505 3784/3784
f 3784/3784 3505/3505 3783/3783
f 3783/3783 3505/3505 3504/3504
f 3505/3505 3068/3068 3504/3504
f 1643/1643 1642/1642 1635/1635
f 1642/1642 1633/1633 1635/1635
f 1633/1633 1631/1631 1632/1632
f 1631/1631 1630/1630 1632/1632
f 1630/1630 1627/1627 1593/1593
f 1630/1630 1593/1593 1632/1632
f 1627/1627 1624/1624 1594/1594
f 1627/1627 1594/1594 1593/1593
f 1624/1624 1596/1596 1594/1594
f 1594/1594 1596/1596 1595/1595
f 1596/1596 1597/1597 1595/1595
f 1597/1597 1598/1598 1595/1595
f 1595/1595 1598/1598 1599/1599
f 1598/1598 1600/1600 1599/1599
f 1599/1599 1600/1600 1601/1601
f 1600/1600 1602/1602 1601/1601
f 1602/1602 1603/1603 1601/1601
f 1601/1601 1603/1603 1604/1604
f 1603/1603 1605/1605 1604/1604
f 1856/1856 1859/1859 1860/1860
f 1859/1859 1862/1862 1860/1860
f 1862/1862 1861/1861 1860/1860
f 1861/1861 1873/1873 2130/2130
f 2130/2130 1873/1873 1928/1928
f 1873/1873 2117/2117 1930/1930
f 1873/1873 1930/1930 1928/1928
f 2117/2117 2116/2116 1930/1930
f 1930/1930 2116/2116 1931/1931
f 2116/2116 2050/2050 2049/2049
f 2116/2116 2049/2049 1931/1931
f 2049/2049 2050/2050 2048/2048
f 2048/2048 2052/2052 2047/2047
f 2052/2052 2056/2056 2047/2047
f 2056/2056 2044/2044 2047/2047
f 2056/2056 2042/2042 2044/2044
f 2056/2056 2057/2057 2042/2042
f 2042/2042 2057/2057 2039/2039
f 2057/2057 2059/2059 2037/2037
f 2057/2057 2037/2037 2039/2039
f 2059/2059 2036/2036 2037/2037
f 2059/2059 2063/2063 2036/2036
f 2063/2063 2035/2035 2036/2036
f 2036/2036 2035/2035 2034/2034
f 2035/2035 2065/2065 2031/2031
f 2035/2035 2031/2031 2034/2034
f 2065/2065 2067/2067 2031/2031
f 2031/2031 2067/2067 2030/2030
f 2067/2067 2069/2069 2028/2028
f 2067/2067 2028/2028 2030/2030
f 2069/2069 2071/2071 2070/2070
f 2069/2069 2070/2070 2028/2028
f 2071/2071 3654/3654 2070/2070
f 2070/2070 3654/3654 2120/2120
f 3654/3654 3752/3752 2120/2120
f 2120/2120 3752/3752 2118/2118
f 3752/3752 3960/3960 3815/3815
f 3752/3752 3815/3815 2118/2118
f 4465/4465 4464/4464 4466/4466
f 4466/4466 4464/4464 4468/4468
f 4464/4464 4471/4471 4468/4468
f 4468/4468 4471/4471 4473/4473
f 4471/4471 4458/4458 4480/4480
f 4471/4471 4480/4480 4473/4473
f 3068/3068 3067/3067 3018/3018
f 3068/3068 3018/3018 3504/3504
f 3067/3067 3049/3049 3018/3018
f 3018/3018 3049/3049 3016/3016
f 3049/3049 3014/3014 3016/3016
f 3016/3016 3014/3014 3015/3015
f 3014/3014 3012/3012 3015/3015
f 3012/3012 3010/3010 3015/3015
f 3010/3010 3008/3008 3044/3044
f 3008/3008 3070/3070 3073/3073
f 3008/3008 3073/3073 3044/3044
f 3070/3070 3072/3072 3073/3073
f 3070/3070 3071/3071 3072/3072
f 1749/1749 1750/1750 1744/1744
f 1750/1750 1751/1751 1744/1744
f 1744/1744 1751/1751 1752/1752
f 1752/1752 1751/1751 1753/1753
f 1751/1751 1780/1780 1753/1753
f 1753/1753 1780/1780 1755/1755
f 1780/1780 1757/1757 1756/1756
f 1780/1780 1756/1756 1755/1755
f 1757/1757 1759/1759 1758/1758
f 1759/1759 1760/1760 1758/1758
f 1758/1758 1760/1760 1678/1678
f 1760/1760 1676/1676 1678/1678
f 1673/1673 1672/1672 1669/1669
f 1672/1672 1797/1797 1671/1671
f 1672/1672 1671/1671 1669/1669
f 1797/1797 1799/1799 1671/1671
f 1799/1799 1655/1655 1671/1671
f 1799/1799 1654/1654 1655/1655
f 1655/1655 1654/1654 1653/1653
f 1654/1654 1652/1652 1653/1653
f 1652/1652 1650/1650 1651/1651
f 1652/1652 1651/1651 1653/1653
f 1650/1650 1649/1649 1648/1648
f 1650/1650 1648/1648 1651/1651
f 1649/1649 1647/1647 1648/1648
f 4458/4458 4423/4423 4421/4421
f 4458/4458 4421/4421 4480/4480
f 4423/4423 4422/4422 4421/4421
f 434/434 356/356 365/365
f 5641/5641 5640/5640 5644/5644
f 5644/5644 5640/5640 7544/7544
f 877/877 878/878 876/876
f 5632/5632 5629/5629 5650/5650
f 5650/5650 5629/5629 5633/5633
f 349/349 342/342 338/338
f 349/349 338/338 377/377
f 4153/4153 3912/3912 4099/4099
f 4099/4099 3912/3912 3911/3911
f 3912/3912 3909/3909 3911/3911
f 3911/3911 3909/3909 3902/3902
f 3909/3909 3910/3910 3902/3902
f 3902/3902 3910/3910 3901/3901
f 3910/3910 3890/3890 3901/3901
f 3901/3901 3890/3890 3887/3887
f 3890/3890 3891/3891 3883/3883
f 3890/3890 3883/3883 3887/3887
f 3891/3891 3884/3884 3883/3883
f 3884/3884 3788/3788 3883/3883
f 3883/3883 3788/3788 3787/3787
f 3788/3788 3786/3786 3787/3787
f 3787/3787 3786/3786 3750/3750
f 3786/3786 3785/3785 3750/3750
f 3750/3750 3785/3785 3748/3748
f 3785/3785 3784/3784 3748/3748
f 3748/3748 3784/3784 3747/3747
f 3784/3784 3783/3783 3747/3747
f 3747/3747 3783/3783 3749/3749
f 3783/3783 3504/3504 3503/3503
f 3783/3783 3503/3503 3749/3749
f 3504/3504 3018/3018 3502/3502
f 3504/3504 3502/3502 3503/3503
f 3018/3018 3016/3016 3017/3017
f 3018/3018 3017/3017 3502/3502
f 1647/1647 1646/1646 1645/1645
f 1646/1646 1643/1643 1645/1645
f 1645/1645 1643/1643 1644/1644
f 1643/1643 1635/1635 1644/1644
f 1635/1635 1633/1633 1634/1634
f 1633/1633 1632/1632 1634/1634
f 1634/1634 1632/1632 1640/1640
f 1632/1632 1593/1593 1640/1640
f 1593/1593 1594/1594 1592/1592
f 1594/1594 1595/1595 1592/1592
f 1595/1595 1591/1591 1592/1592
f 1595/1595 1599/1599 1591/1591
f 1599/1599 1584/1584 1591/1591
f 1599/1599 1601/1601 1584/1584
f 1584/1584 1601/1601 1582/1582
f 1601/1601 1604/1604 1582/1582
f 1582/1582 1604/1604 1580/1580
f 1604/1604 1605/1605 1580/1580
f 1605/1605 1856/1856 1578/1578
f 1605/1605 1578/1578 1580/1580
f 1856/1856 1860/1860 1579/1579
f 1856/1856 1579/1579 1578/1578
f 1579/1579 1860/1860 1246/1246
f 1860/1860 1861/1861 1246/1246
f 1861/1861 2130/2130 1246/1246
f 2130/2130 1928/1928 1246/1246
f 1928/1928 1930/1930 1929/1929
f 1930/1930 1931/1931 1929/1929
f 1929/1929 1931/1931 1932/1932
f 1931/1931 2049/2049 1933/1933
f 1931/1931 1933/1933 1932/1932
f 2049/2049 2048/2048 2046/2046
f 2049/2049 2046/2046 1933/1933
f 2048/2048 2047/2047 2046/2046
f 2046/2046 2047/2047 2045/2045
f 2047/2047 2044/2044 2045/2045
f 2045/2045 2044/2044 2043/2043
f 2044/2044 2042/2042 2043/2043
f 2043/2043 2042/2042 2041/2041
f 2042/2042 2039/2039 2041/2041
f 2041/2041 2039/2039 2040/2040
f 2040/2040 2039/2039 2038/2038
f 2039/2039 2037/2037 2038/2038
f 2037/2037 2004/2004 2038/2038
f 2037/2037 2036/2036 2004/2004
f 2036/2036 2034/2034 2004/2004
f 2004/2004 2034/2034 2006/2006
f 2006/2006 2034/2034 2033/2033
f 2034/2034 2031/2031 2033/2033
f 2033/2033 2031/2031 2032/2032
f 2031/2031 2030/2030 2029/2029
f 2031/2031 2029/2029 2032/2032
f 2030/2030 2028/2028 2029/2029
f 2029/2029 2028/2028 2026/2026
f 2028/2028 2070/2070 2027/2027
f 2028/2028 2027/2027 2026/2026
f 2070/2070 2120/2120 2027/2027
f 2027/2027 2120/2120 2023/2023
f 2120/2120 2118/2118 2023/2023
f 2023/2023 2118/2118 2022/2022
f 2118/2118 3815/3815 2119/2119
f 2118/2118 2119/2119 2022/2022
f 4466/4466 4468/4468 4469/4469
f 4469/4469 4468/4468 4472/4472
f 4468/4468 4473/4473 4472/4472
f 4472/4472 4473/4473 4474/4474
f 4473/4473 4480/4480 4490/4490
f 4473/4473 4490/4490 4474/4474
f 364/364 368/368 366/366
f 366/366 368/368 372/372
f 3016/3016 3015/3015 3017/3017
f 3017/3017 3015/3015 3019/3019
f 3019/3019 3015/3015 3022/3022
f 3015/3015 3010/3010 3022/3022
f 3010/3010 3044/3044 3022/3022
f 3072/3072 3071/3071 3077/3077
f 3071/3071 1749/1749 1745/1745
f 3071/3071 1745/1745 3077/3077
f 1749/1749 1744/1744 1745/1745
f 1755/1755 1756/1756 1754/1754
f 1756/1756 1757/1757 1682/1682
f 1757/1757 1758/1758 1682/1682
f 1678/1678 1676/1676 1677/1677
f 1676/1676 1673/1673 1668/1668
f 1676/1676 1668/1668 1677/1677
f 1673/1673 1669/1669 1668/1668
f 1668/1668 1669/1669 1667/1667
f 1669/1669 1671/1671 1670/1670
f 1669/1669 1670/1670 1667/1667
f 1670/1670 1671/1671 1657/1657
f 1671/1671 1655/1655 1657/1657
f 1657/1657 1655/1655 1656/1656
f 1655/1655 1653/1653 1656/1656
f 1656/1656 1653/1653 1727/1727
f 1727/1727 1653/1653 1725/1725
f 1653/1653 1651/1651 1725/1725
f 1651/1651 1648/1648 1723/1723
f 1648/1648 1645/1645 1723/1723
f 4480/4480 4421/4421 4490/4490
f 4490/4490 4421/4421 4420/4420
f 4421/4421 4422/4422 4419/4419
f 4421/4421 4419/4419 4420/4420
f 434/434 365/365 436/436
f 436/436 365/365 367/367
f 5644/5644 7544/7544 7481/7481
f 7481/7481 7544/7544 7672/7672
f 877/877 876/876 874/874
f 874/874 876/876 875/875
f 5622/5622 5621/5621 5623/5623
f 5623/5623 5621/5621 7669/7669
f 5650/5650 5633/5633 7674/7674
f 5650/5650 7674/7674 7545/7545
f 377/377 338/338 340/340
f 377/377 340/340 378/378
f 377/377 378/378 376/376
f 4099/4099 3911/3911 4051/4051
f 4051/4051 3911/3911 3913/3913
f 3911/3911 3902/3902 3913/3913
f 3913/3913 3902/3902 3900/3900
f 3902/3902 3901/3901 3900/3900
f 3900/3900 3901/3901 3898/3898
f 3901/3901 3887/3887 3898/3898
f 3898/3898 3887/3887 3885/3885
f 3887/3887 3883/3883 3880/3880
f 3887/3887 3880/3880 3885/3885
f 3883/3883 3787/3787 3881/3881
f 3883/3883 3881/3881 3880/3880
f 3787/3787 3750/3750 3881/3881
f 3881/3881 3750/3750 3746/3746
f 3750/3750 3748/3748 3741/3741
f 3750/3750 3741/3741 3746/3746
f 3748/3748 3747/3747 3741/3741
f 3747/3747 3749/3749 3738/3738
f 3747/3747 3738/3738 3741/3741
f 3749/3749 3503/3503 3738/3738
f 3738/3738 3503/3503 3032/3032
f 3503/3503 3502/3502 3032/3032
f 3502/3502 3017/3017 3032/3032
f 3032/3032 3017/3017 3031/3031
f 1723/1723 1645/1645 1720/1720
f 1723/1723 1720/1720 1719/1719
f 1645/1645 1644/1644 1720/1720
f 1720/1720 1644/1644 1639/1639
f 1644/1644 1635/1635 1636/1636
f 1644/1644 1636/1636 1639/1639
f 1635/1635 1634/1634 1636/1636
f 1636/1636 1634/1634 1555/1555
f 1634/1634 1640/1640 1555/1555
f 1555/1555 1640/1640 1556/1556
f 1640/1640 1593/1593 1560/1560
f 1640/1640 1560/1560 1556/1556
f 1593/1593 1592/1592 1562/1562
f 1593/1593 1562/1562 1560/1560
f 1592/1592 1590/1590 1562/1562
f 1592/1592 1591/1591 1590/1590
f 1590/1590 1591/1591 1589/1589
f 1589/1589 1591/1591 1585/1585
f 1591/1591 1584/1584 1585/1585
f 1585/1585 1584/1584 1583/1583
f 1584/1584 1582/1582 1583/1583
f 1582/1582 1581/1581 1583/1583
f 1582/1582 1580/1580 1581/1581
f 1581/1581 1580/1580 1576/1576
f 1580/1580 1578/1578 1576/1576
f 1576/1576 1578/1578 1577/1577
f 1578/1578 1579/1579 1577/1577
f 1577/1577 1579/1579 1250/1250
f 1250/1250 1579/1579 1247/1247
f 1579/1579 1246/1246 1247/1247
f 1247/1247 1246/1246 1245/1245
f 1246/1246 1928/1928 1244/1244
f 1246/1246 1244/1244 1245/1245
f 1928/1928 1929/1929 1244/1244
f 1932/1932 1933/1933 1934/1934
f 1933/1933 2046/2046 1994/1994
f 1933/1933 1994/1994 1934/1934
f 2046/2046 1995/1995 1994/1994
f 2046/2046 2045/2045 1995/1995
f 2045/2045 2043/2043 1995/1995
f 1995/1995 2043/2043 1996/1996
f 2043/2043 2041/2041 1996/1996
f 1996/1996 2041/2041 1998/1998
f 2041/2041 2040/2040 1998/1998
f 2040/2040 2038/2038 2000/2000
f 2038/2038 2002/2002 2000/2000
f 2038/2038 2004/2004 2002/2002
f 2004/2004 2006/2006 2005/2005
f 2006/2006 2033/2033 2009/2009
f 2033/2033 2032/2032 2009/2009
f 2009/2009 2032/2032 2010/2010
f 2032/2032 2029/2029 2010/2010
f 2026/2026 2027/2027 2024/2024
f 2027/2027 2023/2023 2024/2024
f 2024/2024 2023/2023 2019/2019
f 2023/2023 2022/2022 2019/2019
f 2022/2022 2119/2119 2021/2021
f 2119/2119 4144/4144 2021/2021
f 2021/2021 4144/4144 4026/4026
f 4472/4472 4474/4474 4475/4475
f 4472/4472 4475/4475 4476/4476
f 4474/4474 4478/4478 4475/4475
f 4475/4475 4478/4478 4481/4481
f 1111/1111 1105/1105 1104/1104
f 1111/1111 1104/1104 1112/1112
f 366/366 372/372 381/381
f 381/381 372/372 383/383
f 3017/3017 3019/3019 3020/3020
f 3017/3017 3020/3020 3031/3031
f 3019/3019 3022/3022 3021/3021
f 3019/3019 3021/3021 3020/3020
f 3022/3022 3044/3044 3023/3023
f 3022/3022 3023/3023 3021/3021
f 3044/3044 3073/3073 3023/3023
f 3023/3023 3073/3073 3074/3074
f 3073/3073 3072/3072 3074/3074
f 3074/3074 3072/3072 3077/3077
f 1753/1753 1755/1755 1754/1754
f 1754/1754 1756/1756 1682/1682
f 1682/1682 1758/1758 1680/1680
f 1758/1758 1678/1678 1680/1680
f 1680/1680 1678/1678 1679/1679
f 1678/1678 1677/1677 1679/1679
f 1677/1677 1795/1795 1679/1679
f 1677/1677 1668/1668 1666/1666
f 1677/1677 1666/1666 1795/1795
f 1668/1668 1667/1667 1666/1666
f 1667/1667 1663/1663 1666/1666
f 1667/1667 1670/1670 1660/1660
f 1667/1667 1660/1660 1663/1663
f 1670/1670 1657/1657 1660/1660
f 1660/1660 1657/1657 1659/1659
f 1657/1657 1658/1658 1659/1659
f 1657/1657 1656/1656 1658/1658
f 1727/1727 1725/1725 1726/1726
f 1725/1725 1651/1651 1724/1724
f 1725/1725 1724/1724 1726/1726
f 1651/1651 1723/1723 1719/1719
f 1651/1651 1719/1719 1724/1724
f 4490/4490 4420/4420 4418/4418
f 1108/1108 1109/1109 1103/1103
f 4420/4420 4419/4419 4418/4418
f 4418/4418 4419/4419 4417/4417
f 436/436 367/367 437/437
f 437/437 367/367 382/382
f 7481/7481 7672/7672 7482/7482
f 8781/8781 8785/8785 8784/8784
f 874/874 875/875 872/872
f 8786/8786 8787/8787 8788/8788
f 5619/5619 7674/7674 5620/5620
f 376/376 378/378 389/389
f 389/389 378/378 401/401
f 4051/4051 3913/3913 4050/4050
f 4050/4050 3913/3913 3914/3914
f 3913/3913 3900/3900 3899/3899
f 3913/3913 3899/3899 3914/3914
f 3900/3900 3898/3898 3899/3899
f 3899/3899 3898/3898 3897/3897
f 3898/3898 3885/3885 3897/3897
f 3897/3897 3885/3885 3886/3886
f 3885/3885 3880/3880 3882/3882
f 3885/3885 3882/3882 3886/3886
f 3880/3880 3881/3881 3879/3879
f 3880/3880 3879/3879 3882/3882
f 3881/3881 3746/3746 3879/3879
f 3879/3879 3746/3746 3743/3743
f 3746/3746 3741/3741 3740/3740
f 3746/3746 3740/3740 3743/3743
f 3741/3741 3738/3738 3740/3740
f 3740/3740 3738/3738 3739/3739
f 3738/3738 3032/3032 3028/3028
f 3738/3738 3028/3028 3739/3739
f 3032/3032 3031/3031 3028/3028
f 3028/3028 3031/3031 3025/3025
f 3031/3031 3020/3020 3025/3025
f 1555/1555 1556/1556 1554/1554
f 1554/1554 1556/1556 1557/1557
f 1556/1556 1560/1560 1557/1557
f 1557/1557 1560/1560 1559/1559
f 1560/1560 1562/1562 1561/1561
f 1560/1560 1561/1561 1559/1559
f 1561/1561 1562/1562 1563/1563
f 1562/1562 1590/1590 1563/1563
f 1590/1590 1588/1588 1563/1563
f 1590/1590 1589/1589 1588/1588
f 1589/1589 1587/1587 1588/1588
f 1589/1589 1585/1585 1587/1587
f 1587/1587 1585/1585 1586/1586
f 1585/1585 1583/1583 1586/1586
f 1586/1586 1583/1583 1889/1889
f 1583/1583 1581/1581 1574/1574
f 1583/1583 1574/1574 1889/1889
f 1581/1581 1576/1576 1575/1575
f 1581/1581 1575/1575 1574/1574
f 1247/1247 1245/1245 1248/1248
f 1932/1932 1934/1934 1935/1935
f 1994/1994 1995/1995 1993/1993
f 1995/1995 1996/1996 1993/1993
f 1993/1993 1996/1996 1997/1997
f 1996/1996 1998/1998 1997/1997
f 1998/1998 2040/2040 2000/2000
f 2000/2000 2002/2002 2001/2001
f 2001/2001 2002/2002 2003/2003
f 2002/2002 2004/2004 2003/2003
f 2004/2004 2005/2005 2003/2003
f 2005/2005 2006/2006 2007/2007
f 2006/2006 2009/2009 2007/2007
f 2007/2007 2009/2009 2008/2008
f 2009/2009 2010/2010 2008/2008
f 2029/2029 2026/2026 2012/2012
f 2029/2029 2012/2012 2010/2010
f 2026/2026 2024/2024 2025/2025
f 2026/2026 2025/2025 2012/2012
f 2024/2024 2019/2019 2025/2025
f 2022/2022 2021/2021 2019/2019
f 2019/2019 2021/2021 2020/2020
f 2021/2021 4026/4026 2020/2020
f 2020/2020 4026/4026 3946/3946
f 4476/4476 4475/4475 4477/4477
f 3946/3946 4249/4249 4107/4107
f 4475/4475 4481/4481 4482/4482
f 4482/4482 4481/4481 4483/4483
f 1112/1112 1104/1104 1113/1113
f 1113/1113 1104/1104 1107/1107
f 381/381 383/383 392/392
f 392/392 383/383 395/395
f 3020/3020 3021/3021 3025/3025
f 3025/3025 3021/3021 3024/3024
f 3021/3021 3023/3023 3024/3024
f 3077/3077 1745/1745 1747/1747
f 1747/1747 1745/1745 1746/1746
f 1745/1745 1744/1744 1391/1391
f 1745/1745 1391/1391 1746/1746
f 1744/1744 1752/1752 1743/1743
f 1744/1744 1743/1743 1391/1391
f 1752/1752 1753/1753 1743/1743
f 1753/1753 1754/1754 1743/1743
f 1743/1743 1754/1754 1684/1684
f 1754/1754 1682/1682 1684/1684
f 1684/1684 1682/1682 1683/1683
f 1682/1682 1680/1680 1681/1681
f 1682/1682 1681/1681 1683/1683
f 1680/1680 1679/1679 1681/1681
f 1681/1681 1679/1679 1794/1794
f 1679/1679 1795/1795 1794/1794
f 1794/1794 1795/1795 1793/1793
f 1795/1795 1666/1666 1664/1664
f 1795/1795 1664/1664 1793/1793
f 1666/1666 1663/1663 1664/1664
f 1659/1659 1658/1658 1732/1732
f 1658/1658 1656/1656 1729/1729
f 1658/1658 1729/1729 1732/1732
f 1656/1656 1727/1727 1729/1729
f 1729/1729 1727/1727 1728/1728
f 1727/1727 1726/1726 1728/1728
f 1724/1724 1719/1719 1718/1718
f 1103/1103 1109/1109 1106/1106
f 1106/1106 1109/1109 1110/1110
f 4418/4418 4417/4417 4414/4414
f 4414/4414 4417/4417 4415/4415
f 437/437 382/382 394/394
f 437/437 394/394 470/470
f 8781/8781 8784/8784 8783/8783
f 7671/7671 5637/5637 5613/5613
f 874/874 872/872 873/873
f 5619/5619 5620/5620 5617/5617
f 5619/5619 5617/5617 5611/5611
f 5612/5612 5611/5611 5617/5617
f 389/389 401/401 400/400
f 400/400 401/401 407/407
f 4050/4050 3914/3914 3919/3919
f 3914/3914 3899/3899 3919/3919
f 3919/3919 3899/3899 3904/3904
f 3899/3899 3897/3897 3903/3903
f 3899/3899 3903/3903 3904/3904
f 3897/3897 3886/3886 3888/3888
f 3897/3897 3888/3888 3903/3903
f 3886/3886 3882/3882 3888/3888
f 3888/3888 3882/3882 3889/3889
f 3882/3882 3879/3879 3889/3889
f 3879/3879 3743/3743 3745/3745
f 3879/3879 3745/3745 3889/3889
f 3743/3743 3740/3740 3744/3744
f 3743/3743 3744/3744 3745/3745
f 3740/3740 3739/3739 3742/3742
f 3740/3740 3742/3742 3744/3744
f 3739/3739 3028/3028 3742/3742
f 3742/3742 3028/3028 3029/3029
f 3028/3028 3027/3027 3029/3029
f 3028/3028 3025/3025 3027/3027
f 3027/3027 3025/3025 3026/3026
f 1719/1719 1720/1720 1717/1717
f 1720/1720 1639/1639 1717/1717
f 1717/1717 1639/1639 1721/1721
f 1721/1721 1639/1639 1638/1638
f 1639/1639 1636/1636 1637/1637
f 1639/1639 1637/1637 1638/1638
f 1636/1636 1555/1555 1637/1637
f 1637/1637 1555/1555 1552/1552
f 1555/1555 1553/1553 1552/1552
f 1555/1555 1554/1554 1553/1553
f 1554/1554 1557/1557 1558/1558
f 1557/1557 1559/1559 1558/1558
f 1561/1561 1563/1563 1564/1564
f 1563/1563 1588/1588 1564/1564
f 1564/1564 1588/1588 1566/1566
f 1588/1588 1587/1587 1566/1566
f 1566/1566 1587/1587 1586/1586
f 1575/1575 1576/1576 1254/1254
f 1576/1576 1577/1577 1254/1254
f 1254/1254 1577/1577 1252/1252
f 1577/1577 1250/1250 1252/1252
f 1250/1250 1247/1247 1249/1249
f 1247/1247 1248/1248 1249/1249
f 1248/1248 1245/1245 1216/1216
f 1935/1935 1934/1934 1937/1937
f 1934/1934 1994/1994 1990/1990
f 1934/1934 1990/1990 1937/1937
f 1994/1994 1993/1993 1991/1991
f 1994/1994 1991/1991 1990/1990
f 1993/1993 1992/1992 1991/1991
f 1993/1993 1997/1997 1992/1992
f 1992/1992 1997/1997 1999/1999
f 1997/1997 1998/1998 1999/1999
f 1999/1999 1998/1998 1983/1983
f 1998/1998 2000/2000 1983/1983
f 2000/2000 2001/2001 1983/1983
f 1983/1983 2001/2001 1981/1981
f 2001/2001 2003/2003 1980/1980
f 2001/2001 1980/1980 1981/1981
f 2003/2003 2005/2005 1977/1977
f 2003/2003 1977/1977 1980/1980
f 2005/2005 2007/2007 1975/1975
f 2005/2005 1975/1975 1977/1977
f 2007/2007 2008/2008 1975/1975
f 1975/1975 2008/2008 1974/1974
f 2008/2008 2010/2010 1974/1974
f 2010/2010 2011/2011 1974/1974
f 2010/2010 2012/2012 2011/2011
f 2012/2012 2025/2025 2013/2013
f 2012/2012 2013/2013 2011/2011
f 2025/2025 2019/2019 2013/2013
f 2013/2013 2019/2019 2014/2014
f 2019/2019 2020/2020 2018/2018
f 2019/2019 2018/2018 2014/2014
f 2020/2020 3946/3946 2018/2018
f 2018/2018 3946/3946 3755/3755
f 3946/3946 4107/4107 4009/4009
f 3946/3946 4009/4009 3755/3755
f 4482/4482 4483/4483 4484/4484
f 4482/4482 4484/4484 4485/4485
f 1113/1113 1107/1107 1114/1114
f 1114/1114 1107/1107 1115/1115
f 392/392 395/395 396/396
f 392/392 396/396 403/403
f 3025/3025 3024/3024 3026/3026
f 3026/3026 3024/3024 3030/3030
f 3024/3024 3023/3023 3030/3030
f 3030/3030 3023/3023 3033/3033
f 3023/3023 3074/3074 3033/3033
f 3033/3033 3074/3074 3075/3075
f 3074/3074 3077/3077 3075/3075
f 3075/3075 3077/3077 2962/2962
f 3077/3077 1747/1747 2962/2962
f 1391/1391 1743/1743 1687/1687
f 1743/1743 1684/1684 1687/1687
f 1687/1687 1684/1684 1686/1686
f 1684/1684 1683/1683 1685/1685
f 1684/1684 1685/1685 1686/1686
f 1683/1683 1681/1681 1685/1685
f 1681/1681 1788/1788 1685/1685
f 1681/1681 1794/1794 1788/1788
f 1793/1793 1664/1664 1665/1665
f 1664/1664 1662/1662 1665/1665
f 1664/1664 1663/1663 1662/1662
f 1663/1663 1660/1660 1662/1662
f 1660/1660 1659/1659 1661/1661
f 1660/1660 1661/1661 1662/1662
f 1659/1659 1732/1732 1661/1661
f 1728/1728 1726/1726 1735/1735
f 1726/1726 1724/1724 1735/1735
f 1724/1724 1718/1718 1735/1735
f 473/473 393/393 402/402
f 4345/4345 4344/4344 4343/4343
f 7452/7452 7451/7451 7424/7424
f 7424/7424 7451/7451 5634/5634
f 873/873 872/872 869/869
f 869/869 872/872 870/870
f 400/400 407/407 408/408
f 408/408 407/407 412/412
f 4050/4050 3919/3919 4064/4064
f 4064/4064 3919/3919 3920/3920
f 3919/3919 3904/3904 3920/3920
f 3920/3920 3904/3904 3905/3905
f 3904/3904 3903/3903 3893/3893
f 3904/3904 3893/3893 3905/3905
f 3903/3903 3888/3888 3893/3893
f 3888/3888 3889/3889 3892/3892
f 3888/3888 3892/3892 3893/3893
f 3892/3892 3889/3889 3906/3906
f 3889/3889 3745/3745 3906/3906
f 3906/3906 3745/3745 3818/3818
f 3745/3745 3744/3744 3817/3817
f 3745/3745 3817/3817 3818/3818
f 3744/3744 3819/3819 3817/3817
f 3744/3744 3742/3742 3816/3816
f 3744/3744 3816/3816 3819/3819
f 3742/3742 3029/3029 3816/3816
f 3029/3029 3027/3027 3816/3816
f 3816/3816 3027/3027 3038/3038
f 3027/3027 3026/3026 3038/3038
f 3038/3038 3026/3026 3037/3037
f 1554/1554 1558/1558 1548/1548
f 1558/1558 1547/1547 1548/1548
f 1558/1558 1559/1559 1547/1547
f 1559/1559 1561/1561 1546/1546
f 1559/1559 1546/1546 1547/1547
f 1561/1561 1545/1545 1546/1546
f 1561/1561 1564/1564 1545/1545
f 1545/1545 1564/1564 1565/1565
f 1564/1564 1566/1566 1565/1565
f 1566/1566 1586/1586 1570/1570
f 1566/1566 1570/1570 1569/1569
f 1586/1586 1889/1889 1572/1572
f 1586/1586 1572/1572 1570/1570
f 1889/1889 1574/1574 1572/1572
f 1252/1252 1250/1250 1251/1251
f 1250/1250 1249/1249 1251/1251
f 1216/1216 1245/1245 1217/1217
f 1245/1245 1244/1244 1243/1243
f 1245/1245 1243/1243 1217/1217
f 1244/1244 1929/1929 1242/1242
f 1244/1244 1242/1242 1243/1243
f 1929/1929 1932/1932 1242/1242
f 1242/1242 1932/1932 1241/1241
f 1932/1932 1935/1935 1936/1936
f 1932/1932 1936/1936 1241/1241
f 1935/1935 1937/1937 1936/1936
f 1990/1990 1991/1991 1988/1988
f 1991/1991 1992/1992 1988/1988
f 1988/1988 1992/1992 1986/1986
f 1992/1992 1999/1999 1986/1986
f 1986/1986 1999/1999 1984/1984
f 1999/1999 1983/1983 1984/1984
f 1984/1984 1983/1983 1982/1982
f 1983/1983 1981/1981 1982/1982
f 1981/1981 1980/1980 1979/1979
f 1981/1981 1979/1979 1982/1982
f 1980/1980 1977/1977 1979/1979
f 1979/1979 1977/1977 1978/1978
f 1977/1977 1975/1975 1976/1976
f 1977/1977 1976/1976 1978/1978
f 1975/1975 1974/1974 1973/1973
f 1975/1975 1973/1973 1976/1976
f 1974/1974 1972/1972 1973/1973
f 1974/1974 2011/2011 1972/1972
f 2011/2011 1971/1971 1972/1972
f 2011/2011 2013/2013 1971/1971
f 2013/2013 2014/2014 1971/1971
f 1971/1971 2014/2014 2015/2015
f 2014/2014 2018/2018 2017/2017
f 2014/2014 2017/2017 2015/2015
f 2018/2018 3755/3755 2017/2017
f 2017/2017 3755/3755 3753/3753
f 3755/3755 4009/4009 3945/3945
f 3755/3755 3945/3945 3753/3753
f 4485/4485 4484/4484 4486/4486
f 4009/4009 4150/4150 3945/3945
f 4484/4484 4491/4491 4487/4487
f 4484/4484 4487/4487 4486/4486
f 403/403 396/396 413/413
f 403/403 413/413 415/415
f 3026/3026 3030/3030 3037/3037
f 3030/3030 3033/3033 3034/3034
f 3030/3030 3034/3034 3035/3035
f 3033/3033 3075/3075 3076/3076
f 3033/3033 3076/3076 3034/3034
f 3075/3075 2961/2961 3076/3076
f 3075/3075 2962/2962 2961/2961
f 2962/2962 1747/1747 1748/1748
f 1747/1747 1746/1746 1748/1748
f 1748/1748 1746/1746 1388/1388
f 1746/1746 1391/1391 1390/1390
f 1746/1746 1390/1390 1388/1388
f 1391/1391 1687/1687 1392/1392
f 1687/1687 1688/1688 1392/1392
f 1687/1687 1686/1686 1688/1688
f 1686/1686 1689/1689 1688/1688
f 1686/1686 1685/1685 1689/1689
f 1685/1685 1788/1788 1689/1689
f 1689/1689 1788/1788 1789/1789
f 1788/1788 1794/1794 1790/1790
f 1788/1788 1790/1790 1789/1789
f 1794/1794 1793/1793 1790/1790
f 1793/1793 1665/1665 1790/1790
f 1790/1790 1665/1665 1791/1791
f 1665/1665 1662/1662 1792/1792
f 1665/1665 1792/1792 1791/1791
f 1792/1792 1662/1662 1734/1734
f 1662/1662 1661/1661 1734/1734
f 1734/1734 1661/1661 1733/1733
f 1661/1661 1732/1732 1731/1731
f 1661/1661 1731/1731 1733/1733
f 1732/1732 1729/1729 1731/1731
f 1731/1731 1729/1729 1730/1730
f 1729/1729 1728/1728 1715/1715
f 1729/1729 1715/1715 1730/1730
f 1728/1728 1735/1735 1715/1715
f 1715/1715 1735/1735 1714/1714
f 1714/1714 1735/1735 1716/1716
f 1735/1735 1718/1718 1716/1716
f 4343/4343 4344/4344 4342/4342
f 4343/4343 4342/4342 4341/4341
f 7424/7424 5634/5634 7418/7418
f 7418/7418 5634/5634 7417/7417
f 869/869 870/870 871/871
f 408/408 412/412 420/420
f 420/420 412/412 417/417
f 4064/4064 3920/3920 3922/3922
f 4064/4064 3922/3922 4147/4147
f 3920/3920 3905/3905 3921/3921
f 3920/3920 3921/3921 3922/3922
f 3905/3905 3893/3893 3915/3915
f 3905/3905 3915/3915 3921/3921
f 3915/3915 3893/3893 3908/3908
f 3893/3893 3892/3892 3907/3907
f 3893/3893 3907/3907 3908/3908
f 3892/3892 3906/3906 3907/3907
f 3907/3907 3906/3906 3931/3931
f 3906/3906 3818/3818 3931/3931
f 3931/3931 3818/3818 3932/3932
f 3818/3818 3817/3817 3932/3932
f 3932/3932 3817/3817 3830/3830
f 3817/3817 3819/3819 3830/3830
f 3819/3819 3816/3816 3827/3827
f 3827/3827 3816/3816 3828/3828
f 3816/3816 3038/3038 3828/3828
f 3828/3828 3038/3038 3826/3826
f 3038/3038 3037/3037 3511/3511
f 3038/3038 3511/3511 3826/3826
f 1717/1717 1722/1722 1712/1712
f 1717/1717 1721/1721 1722/1722
f 1721/1721 1638/1638 1530/1530
f 1638/1638 1637/1637 1530/1530
f 1637/1637 1552/1552 1530/1530
f 1552/1552 1553/1553 1551/1551
f 1553/1553 1554/1554 1551/1551
f 1554/1554 1548/1548 1551/1551
f 1548/1548 1547/1547 1544/1544
f 1547/1547 1546/1546 1544/1544
f 1572/1572 1574/1574 1573/1573
f 1574/1574 1575/1575 1573/1573
f 1575/1575 1254/1254 1573/1573
f 1254/1254 1252/1252 1253/1253
f 1252/1252 1251/1251 1253/1253
f 1251/1251 1249/1249 1210/1210
f 1249/1249 1248/1248 1215/1215
f 1249/1249 1215/1215 1210/1210
f 1248/1248 1216/1216 1215/1215
f 1215/1215 1216/1216 1214/1214
f 1216/1216 1217/1217 1214/1214
f 1217/1217 1243/1243 1218/1218
f 1243/1243 1242/1242 1218/1218
f 1241/1241 1936/1936 1240/1240
f 1936/1936 1937/1937 1938/1938
f 1936/1936 1938/1938 1240/1240
f 1937/1937 1990/1990 1938/1938
f 1938/1938 1990/1990 1940/1940
f 1990/1990 1988/1988 1940/1940
f 1988/1988 1986/1986 1987/1987
f 1986/1986 1984/1984 1985/1985
f 1986/1986 1985/1985 1987/1987
f 1984/1984 1982/1982 1985/1985
f 1985/1985 1982/1982 1948/1948
f 1948/1948 1982/1982 2121/2121
f 1982/1982 1979/1979 2124/2124
f 1982/1982 2124/2124 2121/2121
f 1979/1979 1978/1978 2124/2124
f 2124/2124 1978/1978 2126/2126
f 1978/1978 1976/1976 2128/2128
f 1978/1978 2128/2128 2126/2126
f 1976/1976 1973/1973 2129/2129
f 1976/1976 2129/2129 2128/2128
f 1972/1972 1970/1970 1973/1973
f 1972/1972 1971/1971 1970/1970
f 1970/1970 1971/1971 1969/1969
f 1969/1969 1971/1971 1964/1964
f 1971/1971 2015/2015 1964/1964
f 2015/2015 2017/2017 2016/2016
f 2017/2017 3753/3753 3603/3603
f 2017/2017 3603/3603 2016/2016
f 3753/3753 3945/3945 3754/3754
f 3753/3753 3754/3754 3603/3603
f 3945/3945 4150/4150 4000/4000
f 3945/3945 4000/4000 3754/3754
f 4150/4150 4151/4151 4000/4000
f 4000/4000 4151/4151 4044/4044
f 415/415 413/413 451/451
f 4151/4151 4313/4313 4044/4044
f 3037/3037 3042/3042 3511/3511
f 3037/3037 3030/3030 3036/3036
f 3037/3037 3036/3036 3042/3042
f 3030/3030 3035/3035 3036/3036
f 3036/3036 3035/3035 3039/3039
f 3035/3035 3034/3034 2958/2958
f 3035/3035 2958/2958 3039/3039
f 3034/3034 3076/3076 2959/2959
f 3034/3034 2959/2959 2958/2958
f 3076/3076 2961/2961 2959/2959
f 2961/2961 2962/2962 2960/2960
f 2961/2961 2960/2960 2959/2959
f 2962/2962 1748/1748 2960/2960
f 1388/1388 1390/1390 1386/1386
f 1390/1390 1391/1391 1386/1386
f 1391/1391 1392/1392 1386/1386
f 1386/1386 1392/1392 1387/1387
f 1392/1392 1688/1688 1393/1393
f 1392/1392 1393/1393 1387/1387
f 1688/1688 1689/1689 1690/1690
f 1690/1690 1689/1689 1742/1742
f 1689/1689 1789/1789 1742/1742
f 1742/1742 1789/1789 1741/1741
f 1789/1789 1790/1790 1741/1741
f 1790/1790 1740/1740 1741/1741
f 1790/1790 1791/1791 1740/1740
f 1791/1791 1792/1792 1740/1740
f 1740/1740 1792/1792 1739/1739
f 1792/1792 1734/1734 1739/1739
f 1739/1739 1734/1734 1736/1736
f 1734/1734 1733/1733 1737/1737
f 1734/1734 1737/1737 1736/1736
f 1733/1733 1731/1731 1738/1738
f 1733/1733 1738/1738 1737/1737
f 1731/1731 1730/1730 1738/1738
f 1730/1730 1715/1715 1713/1713
f 1730/1730 1713/1713 1738/1738
f 1715/1715 1714/1714 1713/1713
f 1714/1714 1716/1716 1712/1712
f 1714/1714 1712/1712 1713/1713
f 7418/7418 7417/7417 7419/7419
f 7419/7419 7417/7417 7675/7675
f 4636/4636 4640/4640 4638/4638
f 869/869 871/871 868/868
f 420/420 417/417 426/426
f 420/420 426/426 427/427
f 427/427 426/426 439/439
f 4299/4299 4052/4052 3877/3877
f 4147/4147 3922/3922 3923/3923
f 3922/3922 3921/3921 3923/3923
f 3908/3908 3907/3907 3929/3929
f 3907/3907 3931/3931 3929/3929
f 3929/3929 3931/3931 3930/3930
f 3931/3931 3932/3932 3930/3930
f 3830/3830 3819/3819 3829/3829
f 3819/3819 3827/3827 3829/3829
f 3829/3829 3827/3827 3518/3518
f 3827/3827 3828/3828 3826/3826
f 3827/3827 3826/3826 3517/3517
f 3827/3827 3517/3517 3518/3518
f 1712/1712 1722/1722 1706/1706
f 1722/1722 1721/1721 1529/1529
f 1721/1721 1530/1530 1529/1529
f 1529/1529 1530/1530 1528/1528
f 1530/1530 1552/1552 1531/1531
f 1530/1530 1531/1531 1528/1528
f 1552/1552 1551/1551 1531/1531
f 1531/1531 1551/1551 1550/1550
f 1551/1551 1548/1548 1550/1550
f 1550/1550 1548/1548 1549/1549
f 1548/1548 1544/1544 1549/1549
f 1546/1546 1545/1545 1544/1544
f 1545/1545 1565/1565 1543/1543
f 1545/1545 1543/1543 1544/1544
f 1543/1543 1565/1565 1567/1567
f 1565/1565 1566/1566 1567/1567
f 1566/1566 1569/1569 1568/1568
f 1566/1566 1568/1568 1567/1567
f 1569/1569 1570/1570 1261/1261
f 1569/1569 1261/1261 1568/1568
f 1261/1261 1570/1570 1571/1571
f 1570/1570 1572/1572 1571/1571
f 1572/1572 1573/1573 1571/1571
f 1571/1571 1573/1573 1256/1256
f 1573/1573 1254/1254 1256/1256
f 1256/1256 1254/1254 1255/1255
f 1254/1254 1253/1253 1255/1255
f 1253/1253 1251/1251 1927/1927
f 1251/1251 1210/1210 1927/1927
f 1214/1214 1217/1217 1218/1218
f 1218/1218 1242/1242 1239/1239
f 1242/1242 1241/1241 1239/1239
f 1241/1241 1240/1240 1239/1239
f 1940/1940 1988/1988 1989/1989
f 1988/1988 1987/1987 1989/1989
f 1987/1987 1985/1985 1945/1945
f 1945/1945 1985/1985 1946/1946
f 1985/1985 1948/1948 1946/1946
f 1948/1948 2121/2121 2122/2122
f 2121/2121 2124/2124 2123/2123
f 2121/2121 2123/2123 2122/2122
f 2124/2124 2126/2126 2125/2125
f 2124/2124 2125/2125 2123/2123
f 2126/2126 2128/2128 2127/2127
f 2126/2126 2127/2127 2125/2125
f 2128/2128 2129/2129 2127/2127
f 2129/2129 1973/1973 1961/1961
f 1973/1973 1970/1970 1961/1961
f 1961/1961 1970/1970 1962/1962
f 1970/1970 1969/1969 1962/1962
f 1969/1969 1964/1964 1962/1962
f 1964/1964 2015/2015 1967/1967
f 2015/2015 2016/2016 1967/1967
f 2016/2016 3603/3603 1967/1967
f 1967/1967 3603/3603 3602/3602
f 3603/3603 3754/3754 3686/3686
f 3603/3603 3686/3686 3602/3602
f 3754/3754 4000/4000 3686/3686
f 3686/3686 4000/4000 3782/3782
f 4000/4000 4044/4044 3800/3800
f 4000/4000 3800/3800 3782/3782
f 4044/4044 4313/4313 3877/3877
f 4044/4044 3877/3877 3800/3800
f 3826/3826 3511/3511 3517/3517
f 3517/3517 3511/3511 3514/3514
f 3511/3511 3042/3042 3510/3510
f 3511/3511 3510/3510 3514/3514
f 3042/3042 3036/3036 3041/3041
f 3042/3042 3041/3041 3510/3510
f 3036/3036 3039/3039 3040/3040
f 3036/3036 3040/3040 3041/3041
f 3039/3039 2958/2958 2956/2956
f 3039/3039 2956/2956 3040/3040
f 2958/2958 2959/2959 2957/2957
f 2958/2958 2957/2957 2956/2956
f 2959/2959 2960/2960 2957/2957
f 2957/2957 2960/2960 1389/1389
f 2960/2960 1748/1748 1389/1389
f 1748/1748 1388/1388 1389/1389
f 1389/1389 1388/1388 1383/1383
f 1388/1388 1386/1386 1383/1383
f 1383/1383 1386/1386 1381/1381
f 1386/1386 1387/1387 1381/1381
f 1381/1381 1387/1387 1379/1379
f 1387/1387 1393/1393 1379/1379
f 1393/1393 1688/1688 1495/1495
f 1688/1688 1690/1690 1691/1691
f 1688/1688 1691/1691 1495/1495
f 1690/1690 1742/1742 1691/1691
f 1691/1691 1742/1742 1692/1692
f 1742/1742 1741/1741 1692/1692
f 1692/1692 1741/1741 1693/1693
f 1741/1741 1740/1740 1694/1694
f 1741/1741 1694/1694 1693/1693
f 1740/1740 1739/1739 1694/1694
f 1694/1694 1739/1739 1695/1695
f 1739/1739 1697/1697 1695/1695
f 1739/1739 1736/1736 1697/1697
f 1697/1697 1736/1736 1698/1698
f 1736/1736 1737/1737 1698/1698
f 1737/1737 1738/1738 1700/1700
f 1737/1737 1700/1700 1698/1698
f 1738/1738 1713/1713 1703/1703
f 1738/1738 1703/1703 1700/1700
f 1713/1713 1705/1705 1703/1703
f 1713/1713 1712/1712 1705/1705
f 1705/1705 1712/1712 1706/1706
f 463/463 456/456 442/442
f 463/463 442/442 438/438
f 868/868 871/871 859/859
f 4147/4147 3923/3923 4248/4248
f 3923/3923 3921/3921 3916/3916
f 3921/3921 3915/3915 3916/3916
f 3916/3916 3915/3915 3917/3917
f 3915/3915 3908/3908 3917/3917
f 3917/3917 3908/3908 3925/3925
f 3908/3908 3929/3929 3925/3925
f 3925/3925 3929/3929 3926/3926
f 3929/3929 3930/3930 3927/3927
f 3929/3929 3927/3927 3926/3926
f 3930/3930 3932/3932 3927/3927
f 3927/3927 3932/3932 3928/3928
f 3932/3932 3830/3830 3928/3928
f 3830/3830 3829/3829 3928/3928
f 3928/3928 3829/3829 3688/3688
f 3829/3829 3518/3518 3528/3528
f 3829/3829 3528/3528 3688/3688
f 1706/1706 1722/1722 1711/1711
f 1706/1706 1711/1711 1707/1707
f 1722/1722 1529/1529 1711/1711
f 1528/1528 1531/1531 1532/1532
f 1531/1531 1533/1533 1532/1532
f 1531/1531 1550/1550 1533/1533
f 1533/1533 1550/1550 1537/1537
f 1550/1550 1549/1549 1537/1537
f 1549/1549 1539/1539 1537/1537
f 1549/1549 1544/1544 1540/1540
f 1549/1549 1540/1540 1539/1539
f 1540/1540 1544/1544 1541/1541
f 1544/1544 1543/1543 1541/1541
f 1543/1543 1567/1567 1542/1542
f 1543/1543 1542/1542 1541/1541
f 1567/1567 1568/1568 1542/1542
f 1261/1261 1571/1571 1259/1259
f 1571/1571 1256/1256 1259/1259
f 1255/1255 1253/1253 1926/1926
f 1253/1253 1927/1927 1926/1926
f 1210/1210 1215/1215 1211/1211
f 1215/1215 1214/1214 1211/1211
f 1211/1211 1214/1214 1212/1212
f 1214/1214 1218/1218 1212/1212
f 1212/1212 1218/1218 1219/1219
f 1218/1218 1239/1239 1219/1219
f 1219/1219 1239/1239 1238/1238
f 1239/1239 1240/1240 1238/1238
f 1989/1989 1942/1942 1940/1940
f 1989/1989 1987/1987 1942/1942
f 1987/1987 1945/1945 1942/1942
f 1942/1942 1945/1945 1944/1944
f 1945/1945 1946/1946 1944/1944
f 1946/1946 1948/1948 1947/1947
f 1948/1948 2122/2122 1949/1949
f 1948/1948 1949/1949 1947/1947
f 2122/2122 2123/2123 1949/1949
f 1949/1949 2123/2123 1952/1952
f 2123/2123 2125/2125 1952/1952
f 1952/1952 2125/2125 1953/1953
f 2125/2125 2127/2127 1953/1953
f 1953/1953 2127/2127 1955/1955
f 2127/2127 2129/2129 1955/1955
f 1955/1955 2129/2129 1956/1956
f 2129/2129 1961/1961 1956/1956
f 1956/1956 1961/1961 1959/1959
f 1961/1961 1962/1962 1959/1959
f 1959/1959 1962/1962 1963/1963
f 1962/1962 1964/1964 1963/1963
f 1964/1964 1965/1965 1963/1963
f 1964/1964 1967/1967 1966/1966
f 1964/1964 1966/1966 1965/1965
f 1967/1967 3602/3602 1968/1968
f 1967/1967 1968/1968 1966/1966
f 3602/3602 3686/3686 1968/1968
f 1968/1968 3686/3686 3687/3687
f 3686/3686 3782/3782 3687/3687
f 3687/3687 3782/3782 3796/3796
f 3782/3782 3800/3800 3799/3799
f 3782/3782 3799/3799 3796/3796
f 3800/3800 3877/3877 3799/3799
f 3799/3799 3877/3877 3876/3876
f 3877/3877 4052/4052 3876/3876
f 3876/3876 4052/4052 3963/3963
f 3518/3518 3517/3517 3515/3515
f 3517/3517 3516/3516 3515/3515
f 3517/3517 3514/3514 3516/3516
f 3514/3514 3510/3510 3509/3509
f 3510/3510 3041/3041 3509/3509
f 3509/3509 3041/3041 3043/3043
f 3041/3041 3040/3040 3043/3043
f 3040/3040 2956/2956 3043/3043
f 2956/2956 2957/2957 2954/2954
f 2957/2957 1385/1385 2954/2954
f 2957/2957 1389/1389 1385/1385
f 1389/1389 1383/1383 1385/1385
f 1383/1383 1381/1381 1382/1382
f 1382/1382 1381/1381 1380/1380
f 1381/1381 1379/1379 1380/1380
f 1379/1379 1393/1393 1394/1394
f 1393/1393 1495/1495 1394/1394
f 1495/1495 1691/1691 1496/1496
f 1691/1691 1692/1692 1499/1499
f 1691/1691 1499/1499 1496/1496
f 1692/1692 1500/1500 1499/1499
f 1692/1692 1693/1693 1502/1502
f 1692/1692 1502/1502 1500/1500
f 1693/1693 1694/1694 1502/1502
f 1502/1502 1694/1694 1503/1503
f 1694/1694 1695/1695 1503/1503
f 1503/1503 1695/1695 1505/1505
f 1695/1695 1697/1697 1696/1696
f 1695/1695 1696/1696 1505/1505
f 1697/1697 1698/1698 1696/1696
f 1696/1696 1698/1698 1699/1699
f 1698/1698 1700/1700 1699/1699
f 1699/1699 1700/1700 1701/1701
f 1700/1700 1703/1703 1702/1702
f 1700/1700 1702/1702 1701/1701
f 1703/1703 1705/1705 1704/1704
f 1703/1703 1704/1704 1702/1702
f 1705/1705 1706/1706 1704/1704
f 1704/1704 1706/1706 1707/1707
f 4638/4638 4640/4640 4641/4641
f 4638/4638 4641/4641 4643/4643
f 5024/5024 4643/4643 4641/4641
f 868/868 859/859 858/858
f 438/438 442/442 441/441
f 4248/4248 3923/3923 3924/3924
f 3923/3923 3916/3916 3918/3918
f 3923/3923 3918/3918 3924/3924
f 3916/3916 3917/3917 3918/3918
f 3917/3917 3925/3925 3530/3530
f 3925/3925 3926/3926 3530/3530
f 3530/3530 3926/3926 3531/3531
f 3926/3926 3927/3927 3532/3532
f 3926/3926 3532/3532 3531/3531
f 3927/3927 3928/3928 3533/3533
f 3927/3927 3533/3533 3532/3532
f 3533/3533 3928/3928 3529/3529
f 3928/3928 3688/3688 3529/3529
f 1520/1520 1707/1707 1522/1522
f 1707/1707 1711/1711 1522/1522
f 1711/1711 1529/1529 1523/1523
f 1711/1711 1523/1523 1522/1522
f 1529/1529 1528/1528 1526/1526
f 1529/1529 1526/1526 1523/1523
f 1528/1528 1532/1532 1527/1527
f 1528/1528 1527/1527 1526/1526
f 1532/1532 1533/1533 1534/1534
f 1532/1532 1534/1534 1527/1527
f 1534/1534 1533/1533 1535/1535
f 1533/1533 1537/1537 1535/1535
f 1535/1535 1537/1537 1536/1536
f 1536/1536 1537/1537 1538/1538
f 1537/1537 1539/1539 1538/1538
f 1540/1540 1541/1541 1266/1266
f 1541/1541 1542/1542 1266/1266
f 1266/1266 1542/1542 1264/1264
f 1264/1264 1542/1542 1262/1262
f 1542/1542 1568/1568 1262/1262
f 1568/1568 1261/1261 1262/1262
f 1262/1262 1261/1261 1260/1260
f 1261/1261 1259/1259 1260/1260
f 1259/1259 1258/1258 1260/1260
f 1259/1259 1256/1256 1258/1258
f 1256/1256 1255/1255 1257/1257
f 1256/1256 1257/1257 1258/1258
f 1255/1255 1926/1926 1257/1257
f 1926/1926 1927/1927 1209/1209
f 1927/1927 1210/1210 1209/1209
f 1209/1209 1210/1210 1208/1208
f 1210/1210 1211/1211 1208/1208
f 1212/1212 1219/1219 1220/1220
f 1219/1219 1238/1238 1237/1237
f 1238/1238 1235/1235 1237/1237
f 1238/1238 1240/1240 1235/1235
f 1235/1235 1240/1240 1939/1939
f 1240/1240 1938/1938 1939/1939
f 1938/1938 1940/1940 1939/1939
f 1939/1939 1940/1940 1941/1941
f 1940/1940 1942/1942 1941/1941
f 1941/1941 1942/1942 1943/1943
f 1942/1942 1944/1944 1943/1943
f 1944/1944 1946/1946 1947/1947
f 1947/1947 1949/1949 1950/1950
f 1949/1949 1952/1952 1951/1951
f 1949/1949 1951/1951 1950/1950
f 1952/1952 1953/1953 1951/1951
f 1951/1951 1953/1953 1954/1954
f 1953/1953 1955/1955 1954/1954
f 1955/1955 1956/1956 1954/1954
f 1954/1954 1956/1956 1957/1957
f 1957/1957 1956/1956 1958/1958
f 1956/1956 1959/1959 1958/1958
f 1958/1958 1959/1959 1960/1960
f 1959/1959 1963/1963 1960/1960
f 1960/1960 1963/1963 2146/2146
f 1963/1963 1965/1965 2147/2147
f 1963/1963 2147/2147 2146/2146
f 1965/1965 1966/1966 2147/2147
f 1966/1966 2150/2150 2147/2147
f 1966/1966 1968/1968 2150/2150
f 1968/1968 3687/3687 2153/2153
f 1968/1968 2153/2153 2150/2150
f 3687/3687 3796/3796 2153/2153
f 2153/2153 3796/3796 2154/2154
f 3796/3796 3799/3799 2154/2154
f 2154/2154 3799/3799 3499/3499
f 3799/3799 3876/3876 3500/3500
f 3799/3799 3500/3500 3499/3499
f 3876/3876 3963/3963 3500/3500
f 3500/3500 3963/3963 3685/3685
f 3688/3688 3528/3528 3529/3529
f 3529/3529 3528/3528 3527/3527
f 3528/3528 3518/3518 3513/3513
f 3528/3528 3513/3513 3527/3527
f 3518/3518 3515/3515 3513/3513
f 3513/3513 3515/3515 3512/3512
f 3515/3515 3516/3516 3512/3512
f 3516/3516 3514/3514 3512/3512
f 3512/3512 3514/3514 3194/3194
f 3514/3514 3509/3509 3194/3194
f 3194/3194 3509/3509 3166/3166
f 3509/3509 3043/3043 3166/3166
f 3166/3166 3043/3043 2953/2953
f 3043/3043 2956/2956 2953/2953
f 2956/2956 2954/2954 2953/2953
f 1385/1385 1383/1383 1384/1384
f 1383/1383 1382/1382 1384/1384
f 1496/1496 1499/1499 1497/1497
f 1500/1500 1502/1502 1501/1501
f 1502/1502 1503/1503 1501/1501
f 1501/1501 1503/1503 1504/1504
f 1503/1503 1505/1505 1504/1504
f 1504/1504 1505/1505 1506/1506
f 1505/1505 1696/1696 1506/1506
f 1506/1506 1696/1696 1510/1510
f 1696/1696 1699/1699 1512/1512
f 1696/1696 1512/1512 1510/1510
f 1699/1699 1701/1701 1512/1512
f 1512/1512 1701/1701 1710/1710
f 1701/1701 1702/1702 1710/1710
f 1702/1702 1704/1704 1708/1708
f 1704/1704 1520/1520 1708/1708
f 1704/1704 1707/1707 1520/1520
f 868/868 858/858 867/867
f 858/858 859/859 860/860
f 441/441 442/442 443/443
f 443/443 442/442 444/444
f 4248/4248 3924/3924 4264/4264
f 4264/4264 3924/3924 3948/3948
f 3924/3924 3918/3918 3240/3240
f 3924/3924 3240/3240 3948/3948
f 3918/3918 3917/3917 3240/3240
f 3240/3240 3917/3917 3238/3238
f 3917/3917 3530/3530 3238/3238
f 3530/3530 3531/3531 3235/3235
f 3530/3530 3235/3235 3238/3238
f 3531/3531 3532/3532 3235/3235
f 3235/3235 3532/3532 3233/3233
f 3532/3532 3533/3533 3233/3233
f 3533/3533 3529/3529 3234/3234
f 3533/3533 3234/3234 3233/3233
f 1520/1520 1522/1522 1521/1521
f 1522/1522 1523/1523 1521/1521
f 1521/1521 1523/1523 1524/1524
f 1523/1523 1526/1526 1525/1525
f 1523/1523 1525/1525 1524/1524
f 1526/1526 1527/1527 1277/1277
f 1526/1526 1277/1277 1525/1525
f 1527/1527 1275/1275 1277/1277
f 1527/1527 1534/1534 1275/1275
f 1534/1534 1535/1535 1273/1273
f 1535/1535 1536/1536 1273/1273
f 1539/1539 1540/1540 1270/1270
f 1539/1539 1270/1270 1538/1538
f 1540/1540 1266/1266 1270/1270
f 1270/1270 1266/1266 1267/1267
f 1267/1267 1266/1266 1265/1265
f 1266/1266 1264/1264 1265/1265
f 1264/1264 1262/1262 1263/1263
f 1264/1264 1263/1263 1265/1265
f 1262/1262 1260/1260 1263/1263
f 1263/1263 1260/1260 1922/1922
f 1260/1260 1258/1258 1924/1924
f 1260/1260 1924/1924 1922/1922
f 1258/1258 1925/1925 1924/1924
f 1258/1258 1257/1257 1925/1925
f 1257/1257 1926/1926 1204/1204
f 1926/1926 1209/1209 1204/1204
f 1204/1204 1209/1209 1205/1205
f 1209/1209 1208/1208 1205/1205
f 1211/1211 1212/1212 1208/1208
f 1208/1208 1212/1212 1213/1213
f 1212/1212 1220/1220 1213/1213
f 1235/1235 1939/1939 1234/1234
f 1939/1939 1941/1941 2131/2131
f 1939/1939 2131/2131 1234/1234
f 1941/1941 1943/1943 2131/2131
f 2131/2131 1943/1943 2132/2132
f 1943/1943 2133/2133 2132/2132
f 1943/1943 1944/1944 2133/2133
f 1944/1944 1947/1947 2133/2133
f 1947/1947 2135/2135 2133/2133
f 1950/1950 1951/1951 2136/2136
f 1951/1951 1954/1954 2136/2136
f 2136/2136 1954/1954 2138/2138
f 2138/2138 1954/1954 2140/2140
f 1954/1954 1957/1957 2140/2140
f 1957/1957 1958/1958 2140/2140
f 2140/2140 1958/1958 2142/2142
f 1958/1958 1960/1960 2142/2142
f 2142/2142 1960/1960 2144/2144
f 1960/1960 2146/2146 2144/2144
f 2146/2146 2147/2147 2144/2144
f 2144/2144 2147/2147 2148/2148
f 2147/2147 2150/2150 2148/2148
f 2150/2150 2151/2151 2148/2148
f 2150/2150 2153/2153 2152/2152
f 2150/2150 2152/2152 2151/2151
f 2153/2153 2154/2154 2152/2152
f 2154/2154 3499/3499 2152/2152
f 2152/2152 3499/3499 3498/3498
f 3499/3499 3500/3500 3498/3498
f 3498/3498 3500/3500 3537/3537
f 3500/3500 3685/3685 3537/3537
f 3537/3537 3685/3685 3609/3609
f 3529/3529 3527/3527 3523/3523
f 3529/3529 3523/3523 3234/3234
f 3527/3527 3513/3513 3174/3174
f 3527/3527 3174/3174 3523/3523
f 3513/3513 3512/3512 3171/3171
f 3513/3513 3171/3171 3174/3174
f 3171/3171 3512/3512 3169/3169
f 3512/3512 3194/3194 3169/3169
f 3169/3169 3194/3194 3167/3167
f 3194/3194 3166/3166 3167/3167
f 3167/3167 3166/3166 3165/3165
f 3166/3166 2953/2953 2955/2955
f 3166/3166 2955/2955 3165/3165
f 2953/2953 2954/2954 2955/2955
f 2955/2955 2954/2954 1899/1899
f 2954/2954 1385/1385 1899/1899
f 1899/1899 1385/1385 1384/1384
f 1384/1384 1382/1382 1374/1374
f 1374/1374 1382/1382 1375/1375
f 1375/1375 1382/1382 1376/1376
f 1382/1382 1380/1380 1376/1376
f 1376/1376 1380/1380 1377/1377
f 1380/1380 1379/1379 1377/1377
f 1394/1394 1495/1495 1494/1494
f 1495/1495 1496/1496 1494/1494
f 1494/1494 1496/1496 1497/1497
f 1497/1497 1499/1499 1498/1498
f 1499/1499 1500/1500 1487/1487
f 1499/1499 1487/1487 1498/1498
f 1500/1500 1501/1501 1487/1487
f 1501/1501 1504/1504 1507/1507
f 1504/1504 1506/1506 1507/1507
f 1510/1510 1512/1512 1511/1511
f 1511/1511 1512/1512 1513/1513
f 1512/1512 1710/1710 1513/1513
f 1710/1710 1709/1709 1513/1513
f 1710/1710 1702/1702 1709/1709
f 1702/1702 1708/1708 1709/1709
f 1708/1708 1520/1520 1518/1518
f 867/867 858/858 861/861
f 858/858 860/860 861/861
f 861/861 860/860 862/862
f 4264/4264 3948/3948 3241/3241
f 4264/4264 3241/3241 4239/4239
f 3948/3948 3240/3240 3241/3241
f 3241/3241 3240/3240 3239/3239
f 3240/3240 3238/3238 3239/3239
f 3239/3239 3238/3238 3237/3237
f 3238/3238 3235/3235 3237/3237
f 3237/3237 3235/3235 3236/3236
f 3235/3235 3224/3224 3236/3236
f 3235/3235 3233/3233 3224/3224
f 3224/3224 3233/3233 3231/3231
f 3233/3233 3234/3234 3231/3231
f 3231/3231 3234/3234 3232/3232
f 1520/1520 1521/1521 1519/1519
f 1275/1275 1534/1534 1273/1273
f 1273/1273 1536/1536 1272/1272
f 1536/1536 1538/1538 1272/1272
f 1538/1538 1270/1270 1272/1272
f 1267/1267 1265/1265 1268/1268
f 1265/1265 1263/1263 1921/1921
f 1265/1265 1921/1921 1268/1268
f 1921/1921 1263/1263 1923/1923
f 1263/1263 1922/1922 1923/1923
f 1925/1925 1257/1257 1924/1924
f 1924/1924 1257/1257 1202/1202
f 1257/1257 1204/1204 1202/1202
f 1208/1208 1207/1207 1205/1205
f 1208/1208 1213/1213 1207/1207
f 1220/1220 1219/1219 1213/1213
f 1213/1213 1219/1219 1221/1221
f 1219/1219 1237/1237 1221/1221
f 1221/1221 1237/1237 1224/1224
f 1237/1237 1235/1235 1236/1236
f 1237/1237 1236/1236 1224/1224
f 1235/1235 1234/1234 1229/1229
f 1235/1235 1229/1229 1236/1236
f 1234/1234 2131/2131 1232/1232
f 1234/1234 1232/1232 1229/1229
f 2131/2131 2132/2132 1232/1232
f 1232/1232 2132/2132 2134/2134
f 2132/2132 2133/2133 2134/2134
f 2134/2134 2133/2133 2215/2215
f 2133/2133 2135/2135 2215/2215
f 1947/1947 1950/1950 2135/2135
f 1950/1950 2136/2136 2135/2135
f 2135/2135 2136/2136 2137/2137
f 2136/2136 2138/2138 2137/2137
f 2137/2137 2138/2138 2139/2139
f 2138/2138 2140/2140 2139/2139
f 2140/2140 2141/2141 2139/2139
f 2140/2140 2142/2142 2141/2141
f 2141/2141 2142/2142 2143/2143
f 2142/2142 2144/2144 2143/2143
f 2143/2143 2144/2144 2145/2145
f 2144/2144 2148/2148 2149/2149
f 2144/2144 2149/2149 2145/2145
f 2149/2149 2148/2148 2563/2563
f 2148/2148 2151/2151 2563/2563
f 2151/2151 2152/2152 2563/2563
f 2152/2152 3498/3498 2564/2564
f 2152/2152 2564/2564 2563/2563
f 3498/3498 3537/3537 3538/3538
f 3498/3498 3538/3538 2564/2564
f 3537/3537 3609/3609 3538/3538
f 3538/3538 3609/3609 3604/3604
f 3234/3234 3523/3523 3232/3232
f 3232/3232 3523/3523 3519/3519
f 3523/3523 3174/3174 3519/3519
f 3519/3519 3174/3174 3173/3173
f 3174/3174 3171/3171 3173/3173
f 3173/3173 3171/3171 3172/3172
f 3171/3171 3169/3169 3170/3170
f 3171/3171 3170/3170 3172/3172
f 3169/3169 3167/3167 3168/3168
f 3169/3169 3168/3168 3170/3170
f 3167/3167 3165/3165 3168/3168
f 2955/2955 1899/1899 3079/3079
f 3079/3079 1899/1899 2952/2952
f 1899/1899 1370/1370 2952/2952
f 1899/1899 1384/1384 1370/1370
f 1384/1384 1374/1374 1370/1370
f 1377/1377 1379/1379 1378/1378
f 1379/1379 1394/1394 1378/1378
f 1378/1378 1394/1394 1395/1395
f 1394/1394 1494/1494 1395/1395
f 1501/1501 1507/1507 1486/1486
f 1501/1501 1486/1486 1487/1487
f 1486/1486 1507/1507 1508/1508
f 1507/1507 1506/1506 1509/1509
f 1507/1507 1509/1509 1508/1508
f 1506/1506 1510/1510 1509/1509
f 1510/1510 1511/1511 1509/1509
f 1513/1513 1709/1709 1515/1515
f 1709/1709 1708/1708 1515/1515
f 1708/1708 1518/1518 1515/1515
f 909/909 861/861 863/863
f 861/861 862/862 863/863
f 863/863 862/862 864/864
f 443/443 444/444 445/445
f 4239/4239 3241/3241 3243/3243
f 4239/4239 3243/3243 4232/4232
f 3241/3241 3239/3239 3243/3243
f 3243/3243 3239/3239 3242/3242
f 3239/3239 3237/3237 3242/3242
f 3242/3242 3237/3237 3221/3221
f 3237/3237 3236/3236 3223/3223
f 3237/3237 3223/3223 3221/3221
f 3236/3236 3224/3224 3223/3223
f 3224/3224 3231/3231 3225/3225
f 3231/3231 3232/3232 3225/3225
f 3225/3225 3232/3232 3230/3230
f 1519/1519 1521/1521 1285/1285
f 1519/1519 1285/1285 1286/1286
f 1521/1521 1524/1524 1281/1281
f 1521/1521 1281/1281 1285/1285
f 1524/1524 1525/1525 1279/1279
f 1524/1524 1279/1279 1281/1281
f 1525/1525 1277/1277 1279/1279
f 1279/1279 1277/1277 1278/1278
f 1277/1277 1275/1275 1276/1276
f 1277/1277 1276/1276 1278/1278
f 1275/1275 1273/1273 1274/1274
f 1275/1275 1274/1274 1276/1276
f 1273/1273 1272/1272 1271/1271
f 1273/1273 1271/1271 1274/1274
f 1272/1272 1270/1270 1271/1271
f 1270/1270 1267/1267 1269/1269
f 1270/1270 1269/1269 1271/1271
f 1267/1267 1268/1268 1269/1269
f 1923/1923 1922/1922 1201/1201
f 1922/1922 1924/1924 1201/1201
f 1924/1924 1202/1202 1201/1201
f 1202/1202 1204/1204 1203/1203
f 1204/1204 1205/1205 1203/1203
f 1203/1203 1205/1205 1206/1206
f 1206/1206 1205/1205 1207/1207
f 1207/1207 1213/1213 1222/1222
f 1213/1213 1221/1221 1222/1222
f 1224/1224 1236/1236 1226/1226
f 1236/1236 1229/1229 1226/1226
f 1229/1229 1232/1232 1231/1231
f 1232/1232 1233/1233 1231/1231
f 1232/1232 2134/2134 1233/1233
f 2134/2134 2215/2215 2216/2216
f 2215/2215 2135/2135 2210/2210
f 2215/2215 2210/2210 2216/2216
f 2210/2210 2135/2135 2217/2217
f 2135/2135 2137/2137 2217/2217
f 2219/2219 2139/2139 2222/2222
f 2139/2139 2141/2141 2222/2222
f 2222/2222 2141/2141 2231/2231
f 2141/2141 2143/2143 2231/2231
f 2231/2231 2143/2143 2232/2232
f 2143/2143 2145/2145 2232/2232
f 2145/2145 2149/2149 2468/2468
f 2145/2145 2468/2468 2232/2232
f 2149/2149 2563/2563 2468/2468
f 2563/2563 2558/2558 2468/2468
f 2563/2563 2560/2560 2558/2558
f 2563/2563 2564/2564 2560/2560
f 2560/2560 2564/2564 2562/2562
f 2564/2564 3538/3538 2562/2562
f 2562/2562 3538/3538 3539/3539
f 3538/3538 3604/3604 3539/3539
f 3539/3539 3604/3604 3605/3605
f 3232/3232 3519/3519 3185/3185
f 3232/3232 3185/3185 3230/3230
f 3519/3519 3173/3173 3185/3185
f 3185/3185 3173/3173 3184/3184
f 3173/3173 3172/3172 3184/3184
f 3184/3184 3172/3172 3190/3190
f 3172/3172 3170/3170 3190/3190
f 3190/3190 3170/3170 3176/3176
f 3170/3170 3168/3168 3176/3176
f 3176/3176 3168/3168 3175/3175
f 3168/3168 3163/3163 3175/3175
f 3168/3168 3165/3165 3163/3163
f 3163/3163 3165/3165 3164/3164
f 3165/3165 2955/2955 3164/3164
f 2955/2955 3079/3079 3164/3164
f 1370/1370 1374/1374 1369/1369
f 1374/1374 1375/1375 1369/1369
f 1375/1375 1376/1376 1369/1369
f 1369/1369 1376/1376 1366/1366
f 1376/1376 1377/1377 1366/1366
f 1377/1377 1378/1378 1366/1366
f 1395/1395 1494/1494 1493/1493
f 1494/1494 1497/1497 1489/1489
f 1494/1494 1489/1489 1493/1493
f 1497/1497 1498/1498 1489/1489
f 1498/1498 1487/1487 1489/1489
f 1489/1489 1487/1487 1488/1488
f 1487/1487 1485/1485 1488/1488
f 1487/1487 1486/1486 1485/1485
f 1486/1486 1508/1508 1483/1483
f 1486/1486 1483/1483 1485/1485
f 1508/1508 1509/1509 1483/1483
f 1509/1509 1482/1482 1483/1483
f 1509/1509 1511/1511 1481/1481
f 1509/1509 1481/1481 1482/1482
f 1511/1511 1513/1513 1481/1481
f 1481/1481 1513/1513 1514/1514
f 1513/1513 1515/1515 1514/1514
f 1515/1515 1517/1517 1516/1516
f 1515/1515 1518/1518 1465/1465
f 1515/1515 1465/1465 1517/1517
f 1518/1518 1519/1519 1465/1465
f 863/863 864/864 865/865
f 445/445 444/444 446/446
f 446/446 444/444 448/448
f 4232/4232 3243/3243 4139/4139
f 4139/4139 3243/3243 3245/3245
f 3243/3243 3242/3242 3244/3244
f 3243/3243 3244/3244 3245/3245
f 3242/3242 3247/3247 3244/3244
f 3242/3242 3221/3221 3247/3247
f 3223/3223 3224/3224 3222/3222
f 3224/3224 3225/3225 3222/3222
f 3225/3225 3230/3230 3226/3226
f 1519/1519 1286/1286 1288/1288
f 1281/1281 1279/1279 1280/1280
f 1279/1279 1278/1278 1280/1280
f 1274/1274 1271/1271 1915/1915
f 1915/1915 1271/1271 1917/1917
f 1271/1271 1919/1919 1917/1917
f 1271/1271 1269/1269 1919/1919
f 1269/1269 1268/1268 1920/1920
f 1268/1268 1921/1921 1920/1920
f 1920/1920 1921/1921 2172/2172
f 1921/1921 1923/1923 2172/2172
f 1923/1923 1201/1201 1194/1194
f 1201/1201 1198/1198 1194/1194
f 1201/1201 1202/1202 1198/1198
f 1198/1198 1202/1202 1200/1200
f 1202/1202 1203/1203 1200/1200
f 1222/1222 1221/1221 1223/1223
f 1221/1221 1224/1224 1223/1223
f 1223/1223 1224/1224 1225/1225
f 1224/1224 1226/1226 1225/1225
f 1226/1226 1229/1229 1228/1228
f 1228/1228 1229/1229 1230/1230
f 1229/1229 1231/1231 1230/1230
f 1233/1233 2134/2134 2214/2214
f 2134/2134 2216/2216 2209/2209
f 2134/2134 2209/2209 2214/2214
f 2216/2216 2210/2210 2209/2209
f 2217/2217 2137/2137 2234/2234
f 2137/2137 2139/2139 2218/2218
f 2137/2137 2218/2218 2234/2234
f 2139/2139 2219/2219 2218/2218
f 2219/2219 2222/2222 2220/2220
f 2231/2231 2232/2232 2230/2230
f 2232/2232 2233/2233 2230/2230
f 2232/2232 2468/2468 2459/2459
f 2232/2232 2459/2459 2233/2233
f 2468/2468 2558/2558 2459/2459
f 2558/2558 2560/2560 2559/2559
f 2559/2559 2560/2560 2561/2561
f 2560/2560 2562/2562 2561/2561
f 2562/2562 3539/3539 3543/3543
f 3539/3539 3605/3605 3543/3543
f 3543/3543 3605/3605 3610/3610
f 3230/3230 3185/3185 3183/3183
f 3185/3185 3184/3184 3183/3183
f 3184/3184 3190/3190 3179/3179
f 3190/3190 3176/3176 3179/3179
f 3164/3164 3079/3079 3157/3157
f 3157/3157 3079/3079 3080/3080
f 3079/3079 2952/2952 1372/1372
f 3079/3079 1372/1372 3080/3080
f 2952/2952 1370/1370 1372/1372
f 1372/1372 1370/1370 1371/1371
f 1370/1370 1369/1369 1368/1368
f 1370/1370 1368/1368 1371/1371
f 1369/1369 1367/1367 1368/1368
f 1369/1369 1366/1366 1367/1367
f 1366/1366 1378/1378 1364/1364
f 1395/1395 1493/1493 1491/1491
f 1493/1493 1489/1489 1491/1491
f 1491/1491 1489/1489 1490/1490
f 1489/1489 1440/1440 1490/1490
f 1489/1489 1488/1488 1440/1440
f 1488/1488 1485/1485 1441/1441
f 1441/1441 1485/1485 1442/1442
f 1485/1485 1483/1483 1442/1442
f 1442/1442 1483/1483 1484/1484
f 1483/1483 1479/1479 1484/1484
f 1483/1483 1482/1482 1479/1479
f 1482/1482 1481/1481 1479/1479
f 1479/1479 1481/1481 1480/1480
f 1514/1514 1515/1515 1468/1468
f 1515/1515 1516/1516 1468/1468
f 1465/1465 1519/1519 1288/1288
f 6568/6568 6566/6566 6562/6562
f 6563/6563 6562/6562 6564/6564
f 6564/6564 6562/6562 6566/6566
f 863/863 865/865 866/866
f 866/866 865/865 904/904
f 459/459 461/461 460/460
f 4139/4139 3245/3245 4054/4054
f 4054/4054 3245/3245 3246/3246
f 3245/3245 3244/3244 3220/3220
f 3245/3245 3220/3220 3246/3246
f 3244/3244 3247/3247 3219/3219
f 3244/3244 3219/3219 3220/3220
f 3247/3247 3221/3221 3219/3219
f 3219/3219 3221/3221 3218/3218
f 3221/3221 3223/3223 3222/3222
f 3221/3221 3222/3222 3218/3218
f 3222/3222 3225/3225 3202/3202
f 3225/3225 3199/3199 3202/3202
f 3225/3225 3226/3226 3199/3199
f 3199/3199 3226/3226 3227/3227
f 3226/3226 3228/3228 3227/3227
f 1288/1288 1286/1286 1287/1287
f 1286/1286 1285/1285 1282/1282
f 1286/1286 1282/1282 1287/1287
f 1285/1285 1281/1281 1282/1282
f 1282/1282 1281/1281 1280/1280
f 1278/1278 1276/1276 1284/1284
f 1278/1278 1284/1284 1280/1280
f 1276/1276 1274/1274 1284/1284
f 1274/1274 1915/1915 1916/1916
f 1274/1274 1916/1916 1284/1284
f 1916/1916 1915/1915 1918/1918
f 1915/1915 1917/1917 1918/1918
f 1918/1918 1917/1917 2156/2156
f 1269/1269 1920/1920 1919/1919
f 2172/2172 1923/1923 1193/1193
f 1923/1923 1194/1194 1193/1193
f 1193/1193 1194/1194 1195/1195
f 1194/1194 1198/1198 1196/1196
f 1194/1194 1196/1196 1195/1195
f 1198/1198 1199/1199 1196/1196
f 1198/1198 1200/1200 1199/1199
f 1200/1200 1203/1203 2180/2180
f 1203/1203 1206/1206 2180/2180
f 1206/1206 1207/1207 2184/2184
f 2184/2184 1207/1207 2155/2155
f 1207/1207 1222/1222 2155/2155
f 1222/1222 1223/1223 2186/2186
f 1225/1225 1226/1226 1227/1227
f 1226/1226 1228/1228 1227/1227
f 1230/1230 1231/1231 2213/2213
f 1231/1231 1233/1233 2213/2213
f 2213/2213 1233/1233 2205/2205
f 1233/1233 2214/2214 2205/2205
f 2214/2214 2209/2209 2205/2205
f 2205/2205 2209/2209 2206/2206
f 2209/2209 2210/2210 2208/2208
f 2209/2209 2208/2208 2206/2206
f 2210/2210 2217/2217 2236/2236
f 2210/2210 2236/2236 2208/2208
f 2217/2217 2234/2234 2236/2236
f 2234/2234 2235/2235 2236/2236
f 2234/2234 2218/2218 2235/2235
f 2218/2218 2219/2219 2220/2220
f 2220/2220 2222/2222 2223/2223
f 2222/2222 2231/2231 2223/2223
f 2223/2223 2231/2231 2228/2228
f 2231/2231 2230/2230 2228/2228
f 2230/2230 2229/2229 2228/2228
f 2230/2230 2233/2233 2229/2229
f 2233/2233 2457/2457 2229/2229
f 2233/2233 2459/2459 2458/2458
f 2459/2459 2460/2460 2458/2458
f 2459/2459 2558/2558 2557/2557
f 2558/2558 2559/2559 2557/2557
f 2561/2561 2562/2562 2567/2567
f 2562/2562 3543/3543 2567/2567
f 2567/2567 3543/3543 3544/3544
f 3543/3543 3610/3610 3611/3611
f 3543/3543 3611/3611 3544/3544
f 3183/3183 3184/3184 3181/3181
f 3184/3184 3179/3179 3181/3181
f 3179/3179 3176/3176 3178/3178
f 3176/3176 3175/3175 3177/3177
f 3176/3176 3177/3177 3178/3178
f 3175/3175 3163/3163 3177/3177
f 3177/3177 3163/3163 3159/3159
f 3163/3163 3164/3164 3157/3157
f 3163/3163 3157/3157 3159/3159
f 1367/1367 1366/1366 1365/1365
f 1366/1366 1364/1364 1365/1365
f 1364/1364 1378/1378 1363/1363
f 1378/1378 1395/1395 1396/1396
f 1378/1378 1396/1396 1363/1363
f 1395/1395 1491/1491 1396/1396
f 1396/1396 1491/1491 1492/1492
f 1488/1488 1441/1441 1440/1440
f 1442/1442 1484/1484 1478/1478
f 1484/1484 1479/1479 1478/1478
f 1478/1478 1479/1479 1477/1477
f 1479/1479 1480/1480 1477/1477
f 1480/1480 1481/1481 1473/1473
f 1481/1481 1514/1514 1471/1471
f 1481/1481 1471/1471 1473/1473
f 1514/1514 1468/1468 1471/1471
f 1468/1468 1516/1516 1466/1466
f 1516/1516 1517/1517 1466/1466
f 1517/1517 1465/1465 1466/1466
f 1466/1466 1465/1465 1464/1464
f 1465/1465 1288/1288 1464/1464
f 942/942 866/866 940/940
f 940/940 866/866 905/905
f 866/866 904/904 905/905
f 905/905 904/904 912/912
f 4054/4054 3246/3246 4019/4019
f 4019/4019 3246/3246 3216/3216
f 3246/3246 3220/3220 3217/3217
f 3246/3246 3217/3217 3216/3216
f 3220/3220 3219/3219 3217/3217
f 3219/3219 3218/3218 3217/3217
f 3217/3217 3218/3218 3203/3203
f 3218/3218 3222/3222 3203/3203
f 3222/3222 3202/3202 3203/3203
f 3202/3202 3199/3199 3201/3201
f 3227/3227 3228/3228 3229/3229
f 3228/3228 3183/3183 3229/3229
f 1282/1282 1280/1280 1283/1283
f 1280/1280 1284/1284 1283/1283
f 2156/2156 1917/1917 2160/2160
f 1917/1917 1919/1919 2168/2168
f 1917/1917 2168/2168 2160/2160
f 1919/1919 1920/1920 2168/2168
f 2168/2168 1920/1920 2169/2169
f 1920/1920 2172/2172 2169/2169
f 2169/2169 2172/2172 2173/2173
f 2172/2172 1193/1193 2173/2173
f 1195/1195 1197/1197 1193/1193
f 1195/1195 1196/1196 1197/1197
f 1196/1196 1199/1199 2179/2179
f 1199/1199 1200/1200 2179/2179
f 2180/2180 1206/1206 2182/2182
f 1206/1206 2184/2184 2182/2182
f 2186/2186 1223/1223 2188/2188
f 1223/1223 1225/1225 2190/2190
f 1223/1223 2190/2190 2188/2188
f 1225/1225 1227/1227 2190/2190
f 1227/1227 1228/1228 2211/2211
f 1228/1228 1230/1230 2211/2211
f 2211/2211 1230/1230 2212/2212
f 1230/1230 2213/2213 2212/2212
f 2213/2213 2201/2201 2212/2212
f 2213/2213 2205/2205 2201/2201
f 2201/2201 2205/2205 2202/2202
f 2205/2205 2206/2206 2204/2204
f 2205/2205 2204/2204 2202/2202
f 2204/2204 2206/2206 2207/2207
f 2206/2206 2208/2208 2207/2207
f 2208/2208 2236/2236 2237/2237
f 2236/2236 2235/2235 2237/2237
f 2235/2235 3496/3496 2237/2237
f 2235/2235 2218/2218 3496/3496
f 2220/2220 2223/2223 2224/2224
f 2457/2457 2233/2233 2458/2458
f 2460/2460 2459/2459 2553/2553
f 2459/2459 2557/2557 2553/2553
f 2557/2557 2559/2559 2565/2565
f 2559/2559 2561/2561 2565/2565
f 2565/2565 2561/2561 2566/2566
f 2561/2561 2567/2567 2566/2566
f 2566/2566 2567/2567 3486/3486
f 2567/2567 3544/3544 3486/3486
f 3486/3486 3544/3544 3545/3545
f 3544/3544 3611/3611 3545/3545
f 3545/3545 3611/3611 3601/3601
f 3611/3611 4218/4218 3601/3601
f 3181/3181 3179/3179 3180/3180
f 3179/3179 3178/3178 3180/3180
f 3180/3180 3178/3178 3191/3191
f 3178/3178 3177/3177 3160/3160
f 3178/3178 3160/3160 3191/3191
f 3177/3177 3159/3159 3160/3160
f 3160/3160 3159/3159 3158/3158
f 3159/3159 3157/3157 3158/3158
f 3157/3157 3156/3156 3158/3158
f 3157/3157 3080/3080 3156/3156
f 3156/3156 3080/3080 3081/3081
f 3080/3080 1372/1372 1373/1373
f 3080/3080 1373/1373 3081/3081
f 1372/1372 1371/1371 1373/1373
f 1371/1371 1368/1368 1358/1358
f 1371/1371 1358/1358 1373/1373
f 1368/1368 1367/1367 1359/1359
f 1368/1368 1359/1359 1358/1358
f 1367/1367 1365/1365 1359/1359
f 1365/1365 1364/1364 1361/1361
f 1364/1364 1363/1363 1361/1361
f 1492/1492 1491/1491 1436/1436
f 1491/1491 1490/1490 1436/1436
f 1436/1436 1490/1490 1437/1437
f 1490/1490 1440/1440 1437/1437
f 1437/1437 1440/1440 1438/1438
f 1440/1440 1441/1441 1438/1438
f 1441/1441 1442/1442 1438/1438
f 1438/1438 1442/1442 1443/1443
f 1442/1442 1478/1478 1443/1443
f 1443/1443 1478/1478 1476/1476
f 1478/1478 1477/1477 1476/1476
f 1477/1477 1474/1474 1476/1476
f 1477/1477 1480/1480 1474/1474
f 1480/1480 1473/1473 1474/1474
f 1468/1468 1466/1466 1467/1467
f 1466/1466 1464/1464 1467/1467
f 6276/6276 6275/6275 6697/6697
f 905/905 912/912 913/913
f 4019/4019 3216/3216 3215/3215
f 4019/4019 3215/3215 4020/4020
f 3216/3216 3217/3217 3207/3207
f 3216/3216 3207/3207 3215/3215
f 3217/3217 3205/3205 3207/3207
f 3217/3217 3203/3203 3205/3205
f 3205/3205 3203/3203 3204/3204
f 3199/3199 3227/3227 3198/3198
f 3227/3227 3229/3229 3198/3198
f 1287/1287 1282/1282 1290/1290
f 1282/1282 1283/1283 2266/2266
f 1284/1284 1916/1916 2157/2157
f 1916/1916 1918/1918 2157/2157
f 2157/2157 1918/1918 2158/2158
f 1918/1918 2156/2156 2158/2158
f 2156/2156 2160/2160 2158/2158
f 2173/2173 1193/1193 2174/2174
f 2174/2174 1193/1193 2255/2255
f 1193/1193 1197/1197 2255/2255
f 1197/1197 2175/2175 2255/2255
f 1197/1197 1196/1196 2175/2175
f 2175/2175 1196/1196 2176/2176
f 1196/1196 2179/2179 2177/2177
f 1196/1196 2177/2177 2176/2176
f 2155/2155 1222/1222 2185/2185
f 1222/1222 2186/2186 2185/2185
f 2207/2207 2208/2208 2240/2240
f 2208/2208 2237/2237 2240/2240
f 2240/2240 2237/2237 2239/2239
f 2237/2237 2238/2238 2239/2239
f 2237/2237 3496/3496 2238/2238
f 2218/2218 2220/2220 2221/2221
f 2220/2220 2224/2224 2221/2221
f 2224/2224 2223/2223 2225/2225
f 2223/2223 2228/2228 2226/2226
f 2223/2223 2226/2226 2225/2225
f 2228/2228 2229/2229 2226/2226
f 2458/2458 2460/2460 2461/2461
f 2461/2461 2460/2460 2467/2467
f 2460/2460 2553/2553 2467/2467
f 2553/2553 2557/2557 2555/2555
f 2557/2557 2565/2565 2555/2555
f 2565/2565 2566/2566 2555/2555
f 3486/3486 3545/3545 3546/3546
f 3545/3545 3601/3601 3551/3551
f 3545/3545 3551/3551 3546/3546
f 3601/3601 4218/4218 4142/4142
f 3601/3601 4142/4142 3551/3551
f 3181/3181 3180/3180 3182/3182
f 3158/3158 3156/3156 3195/3195
f 1373/1373 1358/1358 1357/1357
f 1357/1357 1358/1358 1356/1356
f 1358/1358 1359/1359 1356/1356
f 1359/1359 1365/1365 1361/1361
f 1361/1361 1363/1363 1362/1362
f 1363/1363 1396/1396 1362/1362
f 1362/1362 1396/1396 1397/1397
f 1396/1396 1492/1492 1397/1397
f 1492/1492 1436/1436 1397/1397
f 1436/1436 1437/1437 1435/1435
f 1437/1437 1438/1438 1435/1435
f 1438/1438 1439/1439 1435/1435
f 1438/1438 1443/1443 1439/1439
f 1443/1443 1444/1444 1439/1439
f 1443/1443 1476/1476 1444/1444
f 1444/1444 1476/1476 1475/1475
f 1476/1476 1474/1474 1475/1475
f 1475/1475 1474/1474 1472/1472
f 1474/1474 1473/1473 1472/1472
f 1473/1473 1471/1471 1472/1472
f 1472/1472 1471/1471 1470/1470
f 1471/1471 1468/1468 1470/1470
f 1468/1468 1467/1467 1469/1469
f 1468/1468 1469/1469 1470/1470
f 1469/1469 1467/1467 1890/1890
f 1467/1467 1464/1464 1463/1463
f 1467/1467 1463/1463 1890/1890
f 1464/1464 1288/1288 1289/1289
f 1464/1464 1289/1289 1463/1463
f 1288/1288 1287/1287 1289/1289
f 1289/1289 1287/1287 1290/1290
f 940/940 905/905 941/941
f 941/941 905/905 914/914
f 5996/5996 6009/6009 5998/5998
f 905/905 913/913 914/914
f 914/914 913/913 915/915
f 4020/4020 3215/3215 3214/3214
f 4020/4020 3214/3214 4021/4021
f 3215/3215 3207/3207 3214/3214
f 3207/3207 3205/3205 3206/3206
f 3205/3205 3204/3204 3206/3206
f 3204/3204 3203/3203 3141/3141
f 3203/3203 3202/3202 3141/3141
f 3202/3202 3201/3201 3141/3141
f 3141/3141 3201/3201 3200/3200
f 3201/3201 3199/3199 3200/3200
f 3200/3200 3199/3199 3142/3142
f 3199/3199 3198/3198 3142/3142
f 3198/3198 3229/3229 3197/3197
f 3229/3229 3182/3182 3187/3187
f 3229/3229 3187/3187 3197/3197
f 3182/3182 3186/3186 3187/3187
f 3186/3186 3180/3180 3188/3188
f 1290/1290 1282/1282 1914/1914
f 1282/1282 2266/2266 1914/1914
f 2266/2266 1283/1283 2265/2265
f 2265/2265 1283/1283 2264/2264
f 1283/1283 1284/1284 2263/2263
f 1283/1283 2263/2263 2264/2264
f 1284/1284 2157/2157 2263/2263
f 2263/2263 2157/2157 2262/2262
f 2157/2157 2158/2158 2159/2159
f 2157/2157 2159/2159 2262/2262
f 2158/2158 2160/2160 2159/2159
f 2159/2159 2160/2160 2161/2161
f 2161/2161 2160/2160 2165/2165
f 2160/2160 2168/2168 2165/2165
f 2168/2168 2169/2169 2165/2165
f 2169/2169 2173/2173 2170/2170
f 2173/2173 2174/2174 2170/2170
f 2179/2179 1200/1200 2181/2181
f 1200/1200 2180/2180 2181/2181
f 2180/2180 2182/2182 2181/2181
f 2182/2182 2184/2184 2253/2253
f 2184/2184 2155/2155 2253/2253
f 2155/2155 2185/2185 2253/2253
f 2185/2185 2186/2186 2187/2187
f 2186/2186 2188/2188 2187/2187
f 2190/2190 1227/1227 2191/2191
f 1227/1227 2211/2211 2192/2192
f 1227/1227 2192/2192 2191/2191
f 2211/2211 2212/2212 2192/2192
f 2192/2192 2212/2212 2195/2195
f 2212/2212 2201/2201 2195/2195
f 2195/2195 2201/2201 2198/2198
f 2201/2201 2202/2202 2200/2200
f 2201/2201 2200/2200 2198/2198
f 2202/2202 2204/2204 2203/2203
f 2202/2202 2203/2203 2200/2200
f 2204/2204 2207/2207 2203/2203
f 2240/2240 2239/2239 2241/2241
f 2239/2239 2238/2238 2241/2241
f 2225/2225 2226/2226 2227/2227
f 2227/2227 2226/2226 2455/2455
f 2226/2226 2229/2229 2455/2455
f 2455/2455 2229/2229 2469/2469
f 2229/2229 2457/2457 2469/2469
f 2457/2457 2458/2458 2469/2469
f 2469/2469 2458/2458 2462/2462
f 2458/2458 2461/2461 2462/2462
f 2467/2467 2553/2553 2554/2554
f 2553/2553 2555/2555 2528/2528
f 2553/2553 2528/2528 2554/2554
f 2555/2555 2527/2527 2528/2528
f 2555/2555 2566/2566 2556/2556
f 2555/2555 2556/2556 2527/2527
f 2566/2566 3486/3486 3485/3485
f 2566/2566 3485/3485 2556/2556
f 3486/3486 3546/3546 3485/3485
f 3485/3485 3546/3546 3547/3547
f 3546/3546 3551/3551 3547/3547
f 3547/3547 3551/3551 3550/3550
f 3551/3551 4142/4142 3550/3550
f 3180/3180 3191/3191 3188/3188
f 3191/3191 3160/3160 3162/3162
f 3191/3191 3162/3162 3188/3188
f 3160/3160 3158/3158 3161/3161
f 3160/3160 3161/3161 3162/3162
f 3158/3158 3195/3195 3161/3161
f 3161/3161 3195/3195 3196/3196
f 3195/3195 3156/3156 3196/3196
f 3196/3196 3156/3156 3155/3155
f 3156/3156 3081/3081 3082/3082
f 3156/3156 3082/3082 3155/3155
f 3081/3081 1373/1373 1355/1355
f 3081/3081 1355/1355 3082/3082
f 1373/1373 1357/1357 1355/1355
f 1357/1357 1356/1356 1355/1355
f 1356/1356 1359/1359 1351/1351
f 1359/1359 1361/1361 1360/1360
f 1359/1359 1360/1360 1351/1351
f 1361/1361 1362/1362 1360/1360
f 1397/1397 1436/1436 1432/1432
f 1432/1432 1436/1436 1433/1433
f 1436/1436 1435/1435 1433/1433
f 1435/1435 1434/1434 1433/1433
f 1435/1435 1439/1439 1434/1434
f 1439/1439 1445/1445 1434/1434
f 1439/1439 1444/1444 1445/1445
f 1444/1444 1897/1897 1445/1445
f 1444/1444 1475/1475 1897/1897
f 1475/1475 1896/1896 1897/1897
f 1475/1475 1472/1472 1896/1896
f 1896/1896 1472/1472 1894/1894
f 1472/1472 1470/1470 1894/1894
f 1894/1894 1470/1470 1895/1895
f 1470/1470 1469/1469 1895/1895
f 1895/1895 1469/1469 1891/1891
f 1469/1469 1890/1890 1891/1891
f 1463/1463 1289/1289 1291/1291
f 1289/1289 1290/1290 1291/1291
f 4021/4021 3214/3214 3213/3213
f 3214/3214 3207/3207 3208/3208
f 3214/3214 3208/3208 3213/3213
f 3207/3207 3206/3206 3208/3208
f 3208/3208 3206/3206 3209/3209
f 3206/3206 3204/3204 3139/3139
f 3206/3206 3139/3139 3209/3209
f 3204/3204 3141/3141 3139/3139
f 3197/3197 3187/3187 3147/3147
f 3187/3187 3186/3186 3147/3147
f 3147/3147 3186/3186 3149/3149
f 3186/3186 3188/3188 3149/3149
f 2266/2266 2265/2265 1914/1914
f 2262/2262 2261/2261 2263/2263
f 2262/2262 2159/2159 2261/2261
f 2261/2261 2159/2159 2162/2162
f 2159/2159 2161/2161 2162/2162
f 2161/2161 2165/2165 2163/2163
f 2161/2161 2163/2163 2162/2162
f 2165/2165 2169/2169 2166/2166
f 2165/2165 2166/2166 2163/2163
f 2169/2169 2170/2170 2166/2166
f 2170/2170 2174/2174 2256/2256
f 2174/2174 2255/2255 2256/2256
f 2255/2255 2175/2175 2178/2178
f 2175/2175 2176/2176 2178/2178
f 2176/2176 2177/2177 2178/2178
f 2177/2177 2179/2179 2181/2181
f 2198/2198 2200/2200 2199/2199
f 2200/2200 2203/2203 2199/2199
f 2199/2199 2203/2203 2243/2243
f 2203/2203 2207/2207 2243/2243
f 2207/2207 2240/2240 2243/2243
f 2243/2243 2240/2240 2242/2242
f 2240/2240 2241/2241 2242/2242
f 3496/3496 2218/2218 2448/2448
f 2218/2218 2221/2221 2448/2448
f 2221/2221 2224/2224 2453/2453
f 2224/2224 2225/2225 2227/2227
f 2224/2224 2227/2227 2453/2453
f 2227/2227 2455/2455 2454/2454
f 2455/2455 2469/2469 2456/2456
f 2455/2455 2456/2456 2454/2454
f 2469/2469 2470/2470 2456/2456
f 2469/2469 2462/2462 2470/2470
f 2461/2461 2467/2467 2466/2466
f 2467/2467 2554/2554 2466/2466
f 2528/2528 2527/2527 2526/2526
f 2556/2556 3485/3485 3484/3484
f 2556/2556 3484/3484 2527/2527
f 3485/3485 3547/3547 3541/3541
f 3485/3485 3541/3541 3484/3484
f 3547/3547 3550/3550 3541/3541
f 3541/3541 3550/3550 3549/3549
f 3550/3550 4142/4142 3549/3549
f 3549/3549 4142/4142 4110/4110
f 3188/3188 3189/3189 3149/3149
f 3188/3188 3162/3162 3189/3189
f 3189/3189 3162/3162 3192/3192
f 3162/3162 3161/3161 3193/3193
f 3162/3162 3193/3193 3192/3192
f 3161/3161 3196/3196 3193/3193
f 1355/1355 1356/1356 1352/1352
f 1356/1356 1351/1351 1352/1352
f 1432/1432 1433/1433 1430/1430
f 1432/1432 1430/1430 1431/1431
f 1433/1433 1434/1434 1430/1430
f 1434/1434 1445/1445 1446/1446
f 1446/1446 1445/1445 1447/1447
f 1445/1445 1897/1897 1447/1447
f 1447/1447 1897/1897 1898/1898
f 1897/1897 1896/1896 1453/1453
f 1897/1897 1453/1453 1898/1898
f 1453/1453 1896/1896 1893/1893
f 1896/1896 1894/1894 1893/1893
f 1893/1893 1894/1894 1892/1892
f 1894/1894 1895/1895 1892/1892
f 1895/1895 1891/1891 1892/1892
f 1892/1892 1891/1891 1457/1457
f 1891/1891 1890/1890 1462/1462
f 1891/1891 1462/1462 1457/1457
f 1890/1890 1463/1463 1462/1462
f 1462/1462 1463/1463 1461/1461
f 1463/1463 1291/1291 1461/1461
f 941/941 914/914 917/917
f 917/917 914/914 916/916
f 5998/5998 6009/6009 6010/6010
f 4694/4694 7223/7223 4771/4771
f 914/914 915/915 916/916
f 916/916 915/915 919/919
f 4021/4021 3213/3213 4028/4028
f 3213/3213 3208/3208 3210/3210
f 3208/3208 3209/3209 3210/3210
f 3139/3139 3141/3141 3138/3138
f 3141/3141 3200/3200 3142/3142
f 3142/3142 3198/3198 3143/3143
f 3143/3143 3198/3198 3144/3144
f 3198/3198 3197/3197 3145/3145
f 3198/3198 3145/3145 3144/3144
f 3197/3197 3147/3147 3145/3145
f 3147/3147 3149/3149 3148/3148
f 1292/1292 1290/1290 1293/1293
f 1290/1290 1914/1914 1293/1293
f 1293/1293 1914/1914 1913/1913
f 1914/1914 2265/2265 2267/2267
f 1914/1914 2267/2267 1913/1913
f 2265/2265 2264/2264 2268/2268
f 2265/2265 2268/2268 2267/2267
f 2264/2264 2263/2263 2268/2268
f 2268/2268 2263/2263 2270/2270
f 2263/2263 2261/2261 2270/2270
f 2261/2261 2162/2162 2260/2260
f 2162/2162 2163/2163 2164/2164
f 2163/2163 2258/2258 2164/2164
f 2163/2163 2167/2167 2258/2258
f 2163/2163 2166/2166 2167/2167
f 2166/2166 2170/2170 2171/2171
f 2170/2170 2256/2256 2171/2171
f 2255/2255 2178/2178 2256/2256
f 2178/2178 2177/2177 2254/2254
f 2177/2177 2181/2181 2254/2254
f 2254/2254 2181/2181 2183/2183
f 2181/2181 2182/2182 2183/2183
f 2183/2183 2182/2182 2252/2252
f 2182/2182 2253/2253 2252/2252
f 2185/2185 2187/2187 2189/2189
f 2187/2187 2188/2188 2189/2189
f 2188/2188 2190/2190 2249/2249
f 2188/2188 2249/2249 2189/2189
f 2190/2190 2191/2191 2249/2249
f 2191/2191 2192/2192 2193/2193
f 2192/2192 2195/2195 2193/2193
f 2243/2243 2242/2242 2244/2244
f 3496/3496 2448/2448 2238/2238
f 2227/2227 2454/2454 2453/2453
f 2462/2462 2461/2461 2463/2463
f 2461/2461 2466/2466 2463/2463
f 2554/2554 2528/2528 2529/2529
f 2554/2554 2529/2529 2466/2466
f 2528/2528 2526/2526 2529/2529
f 3484/3484 3541/3541 3542/3542
f 3541/3541 3549/3549 3542/3542
f 3149/3149 3189/3189 3150/3150
f 3189/3189 3192/3192 3150/3150
f 3193/3193 3196/3196 3153/3153
f 3196/3196 3155/3155 3154/3154
f 3196/3196 3154/3154 3153/3153
f 3155/3155 3082/3082 3154/3154
f 3082/3082 1355/1355 1354/1354
f 1355/1355 1353/1353 1354/1354
f 1355/1355 1352/1352 1353/1353
f 1353/1353 1352/1352 1342/1342
f 1352/1352 1351/1351 1342/1342
f 1351/1351 1360/1360 1350/1350
f 1360/1360 1362/1362 1350/1350
f 1350/1350 1362/1362 1349/1349
f 1362/1362 1397/1397 1398/1398
f 1362/1362 1398/1398 1349/1349
f 1397/1397 1432/1432 1398/1398
f 1430/1430 1434/1434 1429/1429
f 1434/1434 1446/1446 1429/1429
f 1446/1446 1447/1447 1448/1448
f 1447/1447 1449/1449 1448/1448
f 1447/1447 1898/1898 1449/1449
f 1898/1898 1453/1453 1451/1451
f 1893/1893 1454/1454 1453/1453
f 1893/1893 1892/1892 1455/1455
f 1893/1893 1455/1455 1454/1454
f 1892/1892 1457/1457 1455/1455
f 1457/1457 1462/1462 1460/1460
f 1462/1462 1461/1461 1460/1460
f 5998/5998 6010/6010 6011/6011
f 8114/8114 8115/8115 8116/8116
f 4701/4701 7047/7047 6204/6204
f 4028/4028 3213/3213 3211/3211
f 3213/3213 3210/3210 3211/3211
f 3210/3210 3209/3209 3140/3140
f 3209/3209 3139/3139 3140/3140
f 3141/3141 3142/3142 3138/3138
f 3138/3138 3142/3142 3143/3143
f 3145/3145 3147/3147 3146/3146
f 3147/3147 3148/3148 3146/3146
f 3148/3148 3149/3149 2947/2947
f 1460/1460 1461/1461 1295/1295
f 1461/1461 1292/1292 1295/1295
f 1295/1295 1292/1292 1294/1294
f 1292/1292 1293/1293 1294/1294
f 2270/2270 2261/2261 2272/2272
f 2272/2272 2261/2261 2273/2273
f 2261/2261 2260/2260 2273/2273
f 2260/2260 2162/2162 2259/2259
f 2162/2162 2164/2164 2259/2259
f 2167/2167 2166/2166 2257/2257
f 2166/2166 2171/2171 2257/2257
f 2171/2171 2256/2256 2389/2389
f 2256/2256 2391/2391 2389/2389
f 2256/2256 2178/2178 2391/2391
f 2178/2178 2254/2254 2391/2391
f 2391/2391 2254/2254 3493/3493
f 2254/2254 2395/2395 3493/3493
f 2254/2254 2183/2183 2395/2395
f 2253/2253 2185/2185 2250/2250
f 2185/2185 2189/2189 2250/2250
f 2189/2189 2249/2249 2413/2413
f 2249/2249 2191/2191 2194/2194
f 2249/2249 2194/2194 2413/2413
f 2191/2191 2193/2193 2194/2194
f 2195/2195 2196/2196 2193/2193
f 2195/2195 2198/2198 2196/2196
f 2198/2198 2199/2199 2196/2196
f 2199/2199 2243/2243 2246/2246
f 2243/2243 2245/2245 2246/2246
f 2243/2243 2244/2244 2245/2245
f 2242/2242 2241/2241 2443/2443
f 2241/2241 2238/2238 2443/2443
f 2238/2238 2448/2448 2443/2443
f 2448/2448 2221/2221 2449/2449
f 2221/2221 2453/2453 2449/2449
f 2453/2453 2450/2450 2449/2449
f 2453/2453 2454/2454 2450/2450
f 2454/2454 2456/2456 2450/2450
f 2466/2466 2529/2529 2525/2525
f 2529/2529 2526/2526 2525/2525
f 2525/2525 2526/2526 2524/2524
f 2526/2526 2527/2527 2524/2524
f 2527/2527 3484/3484 3483/3483
f 3484/3484 3542/3542 3540/3540
f 3484/3484 3540/3540 3483/3483
f 3542/3542 3549/3549 3548/3548
f 3542/3542 3548/3548 3540/3540
f 3549/3549 4110/4110 3548/3548
f 3548/3548 4110/4110 4109/4109
f 3149/3149 3150/3150 2947/2947
f 3150/3150 3192/3192 3152/3152
f 3192/3192 3193/3193 3152/3152
f 3193/3193 3153/3153 3152/3152
f 3154/3154 3082/3082 2950/2950
f 3082/3082 1354/1354 2950/2950
f 1353/1353 1342/1342 1354/1354
f 1351/1351 1350/1350 1342/1342
f 1398/1398 1432/1432 1400/1400
f 1432/1432 1431/1431 1400/1400
f 1431/1431 1430/1430 1400/1400
f 1400/1400 1430/1430 1428/1428
f 1430/1430 1429/1429 1428/1428
f 1429/1429 1427/1427 1428/1428
f 1429/1429 1446/1446 1427/1427
f 1446/1446 1448/1448 1427/1427
f 1449/1449 1898/1898 1450/1450
f 1898/1898 1451/1451 1450/1450
f 1451/1451 1453/1453 1452/1452
f 1453/1453 1454/1454 1452/1452
f 1454/1454 1455/1455 1420/1420
f 1454/1454 1420/1420 1452/1452
f 1455/1455 1456/1456 1420/1420
f 1455/1455 1457/1457 1456/1456
f 1456/1456 1457/1457 1458/1458
f 1457/1457 1460/1460 1458/1458
f 916/916 919/919 920/920
f 4028/4028 3211/3211 4027/4027
f 3211/3211 3210/3210 3140/3140
f 3140/3140 3139/3139 3132/3132
f 3139/3139 3138/3138 3132/3132
f 3132/3132 3138/3138 3137/3137
f 3138/3138 3143/3143 2940/2940
f 3138/3138 2940/2940 3137/3137
f 3143/3143 3144/3144 2940/2940
f 3144/3144 3145/3145 2942/2942
f 3144/3144 2942/2942 2940/2940
f 3145/3145 3146/3146 2942/2942
f 3148/3148 2947/2947 3146/3146
f 1420/1420 1417/1417 1415/1415
f 1460/1460 1295/1295 1459/1459
f 1294/1294 1293/1293 1912/1912
f 1293/1293 1913/1913 1912/1912
f 1913/1913 2267/2267 3490/3490
f 3490/3490 2267/2267 3489/3489
f 2267/2267 2268/2268 2269/2269
f 2268/2268 2270/2270 2269/2269
f 2269/2269 2270/2270 2271/2271
f 2270/2270 2272/2272 2271/2271
f 2273/2273 2260/2260 2259/2259
f 2258/2258 2167/2167 2385/2385
f 2167/2167 2257/2257 2385/2385
f 2389/2389 2391/2391 2390/2390
f 3493/3493 2395/2395 2393/2393
f 2183/2183 2252/2252 2396/2396
f 2252/2252 2253/2253 2250/2250
f 2252/2252 2250/2250 2396/2396
f 2250/2250 2189/2189 2251/2251
f 2189/2189 2413/2413 2251/2251
f 2194/2194 2193/2193 2197/2197
f 2193/2193 2196/2196 2197/2197
f 2196/2196 2199/2199 2246/2246
f 2244/2244 2242/2242 2432/2432
f 2242/2242 2443/2443 2432/2432
f 2443/2443 2437/2437 2432/2432
f 2437/2437 2443/2443 2444/2444
f 2444/2444 2443/2443 2440/2440
f 2443/2443 2448/2448 2445/2445
f 2443/2443 2445/2445 2440/2440
f 2448/2448 2449/2449 2445/2445
f 2445/2445 2449/2449 2447/2447
f 2449/2449 2450/2450 2447/2447
f 2450/2450 2451/2451 2447/2447
f 2450/2450 2452/2452 2451/2451
f 2450/2450 2456/2456 2452/2452
f 2524/2524 2527/2527 2523/2523
f 2527/2527 3483/3483 2523/2523
f 3483/3483 3540/3540 3581/3581
f 3540/3540 3548/3548 3582/3582
f 3540/3540 3582/3582 3581/3581
f 3548/3548 4109/4109 3582/3582
f 3150/3150 3152/3152 3151/3151
f 3150/3150 3151/3151 2947/2947
f 3152/3152 3153/3153 2949/2949
f 3152/3152 2949/2949 3151/3151
f 3153/3153 3154/3154 2949/2949
f 3154/3154 2950/2950 2949/2949
f 2950/2950 1354/1354 1339/1339
f 1354/1354 1338/1338 1339/1339
f 1354/1354 1342/1342 1338/1338
f 1338/1338 1342/1342 1336/1336
f 1336/1336 1342/1342 1343/1343
f 1342/1342 1350/1350 1348/1348
f 1342/1342 1348/1348 1343/1343
f 1350/1350 1349/1349 1348/1348
f 1348/1348 1349/1349 1347/1347
f 1349/1349 1398/1398 1399/1399
f 1349/1349 1399/1399 1347/1347
f 1398/1398 1400/1400 1399/1399
f 1399/1399 1400/1400 1401/1401
f 1400/1400 1428/1428 1401/1401
f 1401/1401 1428/1428 1426/1426
f 1428/1428 1427/1427 1426/1426
f 1426/1426 1427/1427 1424/1424
f 1427/1427 1448/1448 1423/1423
f 1427/1427 1423/1423 1424/1424
f 1448/1448 1449/1449 1423/1423
f 1449/1449 1450/1450 1421/1421
f 1449/1449 1421/1421 1423/1423
f 1450/1450 1451/1451 1421/1421
f 1451/1451 1452/1452 1421/1421
f 1421/1421 1452/1452 1415/1415
f 1420/1420 1456/1456 1417/1417
f 1417/1417 1456/1456 1419/1419
f 1456/1456 1458/1458 1298/1298
f 1456/1456 1298/1298 1419/1419
f 1298/1298 1458/1458 1459/1459
f 917/917 916/916 918/918
f 6025/6025 6034/6034 6749/6749
f 4701/4701 6204/6204 4703/4703
f 4590/4590 4591/4591 7139/7139
f 4592/4592 7139/7139 4591/4591
f 916/916 920/920 921/921
f 4027/4027 3211/3211 3212/3212
f 4027/4027 3212/3212 3773/3773
f 3211/3211 3140/3140 3130/3130
f 3211/3211 3130/3130 3212/3212
f 3140/3140 3132/3132 3130/3130
f 3132/3132 3137/3137 3135/3135
f 3137/3137 3136/3136 3135/3135
f 3137/3137 2940/2940 2938/2938
f 3137/3137 2938/2938 3136/3136
f 2942/2942 3146/3146 2944/2944
f 2942/2942 2944/2944 2943/2943
f 3146/3146 2947/2947 2944/2944
f 1459/1459 1295/1295 1298/1298
f 1295/1295 1294/1294 1296/1296
f 1294/1294 1912/1912 1296/1296
f 1296/1296 1912/1912 3491/3491
f 2267/2267 2269/2269 3489/3489
f 2272/2272 2273/2273 2271/2271
f 2273/2273 2259/2259 2274/2274
f 2259/2259 2164/2164 2274/2274
f 2274/2274 2164/2164 3492/3492
f 2164/2164 2258/2258 2383/2383
f 2164/2164 2383/2383 3492/3492
f 2258/2258 2385/2385 2383/2383
f 2385/2385 2257/2257 2387/2387
f 2257/2257 2171/2171 2387/2387
f 2171/2171 2389/2389 2387/2387
f 2387/2387 2389/2389 2388/2388
f 2389/2389 2390/2390 2388/2388
f 2390/2390 2391/2391 2392/2392
f 2391/2391 3493/3493 2393/2393
f 2391/2391 2393/2393 2392/2392
f 2393/2393 2395/2395 2394/2394
f 2395/2395 2183/2183 2396/2396
f 2395/2395 2396/2396 2394/2394
f 2396/2396 2250/2250 2397/2397
f 2396/2396 2397/2397 2398/2398
f 2250/2250 2405/2405 2397/2397
f 2250/2250 2251/2251 2405/2405
f 2405/2405 2251/2251 3494/3494
f 2251/2251 2413/2413 3494/3494
f 2413/2413 2194/2194 3495/3495
f 2194/2194 2197/2197 2416/2416
f 2194/2194 2416/2416 3495/3495
f 2416/2416 2197/2197 2248/2248
f 2197/2197 2196/2196 2247/2247
f 2197/2197 2247/2247 2248/2248
f 2247/2247 2196/2196 2427/2427
f 2196/2196 2246/2246 2427/2427
f 2245/2245 2244/2244 2431/2431
f 2244/2244 2432/2432 2431/2431
f 2440/2440 2445/2445 2441/2441
f 2445/2445 2446/2446 2441/2441
f 2445/2445 2447/2447 2446/2446
f 2452/2452 2456/2456 2471/2471
f 2456/2456 2470/2470 2471/2471
f 2470/2470 2462/2462 2471/2471
f 2471/2471 2462/2462 2465/2465
f 2462/2462 2463/2463 2464/2464
f 2462/2462 2464/2464 2465/2465
f 2463/2463 2466/2466 2552/2552
f 2463/2463 2552/2552 2464/2464
f 2552/2552 2466/2466 2530/2530
f 2466/2466 2525/2525 2530/2530
f 2523/2523 3483/3483 3482/3482
f 3483/3483 3581/3581 3482/3482
f 3581/3581 3582/3582 3794/3794
f 3582/3582 4109/4109 4138/4138
f 3582/3582 4138/4138 3794/3794
f 2947/2947 3151/3151 2948/2948
f 2947/2947 2948/2948 2944/2944
f 3151/3151 2949/2949 2951/2951
f 3151/3151 2951/2951 2948/2948
f 2949/2949 2950/2950 2951/2951
f 2951/2951 2950/2950 2894/2894
f 2950/2950 1339/1339 2894/2894
f 1339/1339 1338/1338 1337/1337
f 1338/1338 1336/1336 1337/1337
f 1336/1336 1343/1343 1344/1344
f 1343/1343 1348/1348 1345/1345
f 1343/1343 1345/1345 1344/1344
f 1348/1348 1347/1347 1345/1345
f 1399/1399 1401/1401 1402/1402
f 1402/1402 1401/1401 1403/1403
f 1401/1401 1426/1426 1403/1403
f 1426/1426 1424/1424 1425/1425
f 1424/1424 1422/1422 1425/1425
f 1424/1424 1423/1423 1422/1422
f 1423/1423 1421/1421 1422/1422
f 1421/1421 1415/1415 1413/1413
f 1413/1413 1415/1415 1414/1414
f 1415/1415 1416/1416 1414/1414
f 1415/1415 1417/1417 1416/1416
f 1416/1416 1417/1417 1418/1418
f 1417/1417 1419/1419 1418/1418
f 4701/4701 4703/4703 4702/4702
f 5538/5538 5537/5537 5539/5539
f 8549/8549 8546/8546 8548/8548
f 5537/5537 6966/6966 7046/7046
f 916/916 921/921 918/918
f 3773/3773 3212/3212 3129/3129
f 3212/3212 3130/3130 3129/3129
f 3130/3130 3132/3132 3131/3131
f 3131/3131 3132/3132 3133/3133
f 3132/3132 3135/3135 3133/3133
f 3136/3136 2938/2938 2935/2935
f 2938/2938 2940/2940 2939/2939
f 2940/2940 2942/2942 2941/2941
f 2940/2940 2941/2941 2939/2939
f 2942/2942 2943/2943 2941/2941
f 1299/1299 1298/1298 1297/1297
f 1298/1298 1295/1295 1297/1297
f 1295/1295 1296/1296 1297/1297
f 1912/1912 3490/3490 1911/1911
f 1911/1911 3490/3490 2289/2289
f 3490/3490 3489/3489 2289/2289
f 2289/2289 3489/3489 2280/2280
f 3489/3489 2269/2269 2280/2280
f 2280/2280 2269/2269 2276/2276
f 2269/2269 2271/2271 2276/2276
f 2271/2271 2273/2273 2277/2277
f 2271/2271 2277/2277 2276/2276
f 2273/2273 2274/2274 2275/2275
f 2273/2273 2275/2275 2277/2277
f 2383/2383 2385/2385 2384/2384
f 2385/2385 2387/2387 2386/2386
f 2385/2385 2386/2386 2384/2384
f 2387/2387 2388/2388 2386/2386
f 2393/2393 2394/2394 2392/2392
f 2394/2394 2396/2396 2373/2373
f 2396/2396 2398/2398 2373/2373
f 2405/2405 3494/3494 2406/2406
f 2246/2246 2245/2245 2429/2429
f 2246/2246 2429/2429 2427/2427
f 2245/2245 2431/2431 2429/2429
f 2429/2429 2431/2431 2430/2430
f 2431/2431 2432/2432 2433/2433
f 2432/2432 2437/2437 2433/2433
f 2444/2444 2440/2440 2439/2439
f 2440/2440 2441/2441 2439/2439
f 2446/2446 2447/2447 2474/2474
f 2447/2447 2473/2473 2474/2474
f 2447/2447 2451/2451 2473/2473
f 2473/2473 2451/2451 2547/2547
f 2451/2451 2452/2452 2472/2472
f 2451/2451 2472/2472 2547/2547
f 2452/2452 2471/2471 2472/2472
f 2471/2471 2465/2465 2472/2472
f 2523/2523 3482/3482 3481/3481
f 3482/3482 3581/3581 3643/3643
f 3482/3482 3643/3643 3481/3481
f 3581/3581 3794/3794 3643/3643
f 3643/3643 3794/3794 4002/4002
f 3794/3794 4138/4138 4002/4002
f 4002/4002 4138/4138 4279/4279
f 2944/2944 2948/2948 2946/2946
f 2944/2944 2946/2946 2945/2945
f 2948/2948 2951/2951 2895/2895
f 2948/2948 2895/2895 2946/2946
f 2951/2951 2894/2894 2895/2895
f 2894/2894 1339/1339 1340/1340
f 1339/1339 1337/1337 1340/1340
f 1337/1337 1336/1336 1335/1335
f 1336/1336 1344/1344 1334/1334
f 1336/1336 1334/1334 1335/1335
f 1344/1344 1345/1345 1346/1346
f 1345/1345 1347/1347 1327/1327
f 1345/1345 1327/1327 1346/1346
f 1347/1347 1399/1399 1327/1327
f 1327/1327 1399/1399 1326/1326
f 1399/1399 1402/1402 1326/1326
f 1403/1403 1426/1426 1404/1404
f 1404/1404 1426/1426 1425/1425
f 1422/1422 1421/1421 1413/1413
f 1414/1414 1416/1416 1304/1304
f 1416/1416 1418/1418 1302/1302
f 1416/1416 1302/1302 1304/1304
f 1419/1419 1298/1298 1299/1299
f 1419/1419 1299/1299 1418/1418
f 6072/6072 6070/6070 6074/6074
f 3129/3129 3130/3130 3128/3128
f 3130/3130 3131/3131 3128/3128
f 3133/3133 3135/3135 2934/2934
f 3135/3135 3136/3136 2934/2934
f 3136/3136 2935/2935 2934/2934
f 2938/2938 2939/2939 2935/2935
f 2941/2941 2943/2943 2920/2920
f 2943/2943 2944/2944 2920/2920
f 2944/2944 2945/2945 2920/2920
f 1297/1297 1296/1296 1909/1909
f 1296/1296 1911/1911 1909/1909
f 1909/1909 1911/1911 2289/2289
f 2289/2289 2280/2280 2282/2282
f 2282/2282 2280/2280 2281/2281
f 2280/2280 2276/2276 2279/2279
f 2280/2280 2279/2279 2281/2281
f 2276/2276 2278/2278 2279/2279
f 2276/2276 2277/2277 2278/2278
f 2278/2278 2277/2277 2343/2343
f 2274/2274 3492/3492 2347/2347
f 2274/2274 2347/2347 2275/2275
f 3492/3492 2383/2383 2347/2347
f 2347/2347 2383/2383 2384/2384
f 2388/2388 2390/2390 2380/2380
f 2390/2390 2392/2392 2380/2380
f 2392/2392 2381/2381 2380/2380
f 2392/2392 2394/2394 2382/2382
f 2392/2392 2382/2382 2381/2381
f 2394/2394 2373/2373 2382/2382
f 2397/2397 2404/2404 2398/2398
f 2397/2397 2405/2405 2404/2404
f 2405/2405 2406/2406 2404/2404
f 2406/2406 3494/3494 2407/2407
f 3494/3494 2413/2413 2407/2407
f 2407/2407 2413/2413 2414/2414
f 2413/2413 3495/3495 2414/2414
f 2248/2248 2247/2247 2420/2420
f 2247/2247 2421/2421 2420/2420
f 2247/2247 2427/2427 2421/2421
f 2427/2427 2429/2429 2428/2428
f 2430/2430 2431/2431 2434/2434
f 2431/2431 2433/2433 2434/2434
f 2433/2433 2437/2437 2435/2435
f 2437/2437 2444/2444 2438/2438
f 2437/2437 2438/2438 2435/2435
f 2444/2444 2439/2439 2438/2438
f 2439/2439 2441/2441 2442/2442
f 2441/2441 2446/2446 2442/2442
f 2547/2547 2472/2472 2550/2550
f 2472/2472 2465/2465 2550/2550
f 2550/2550 2465/2465 2551/2551
f 2465/2465 2464/2464 2551/2551
f 2551/2551 2464/2464 2531/2531
f 2464/2464 2552/2552 2531/2531
f 2552/2552 2530/2530 2531/2531
f 2530/2530 2525/2525 2518/2518
f 2525/2525 2524/2524 2520/2520
f 2525/2525 2520/2520 2518/2518
f 2524/2524 2523/2523 2520/2520
f 2520/2520 2523/2523 2521/2521
f 2523/2523 3481/3481 2521/2521
f 3481/3481 3643/3643 3644/3644
f 3643/3643 4002/4002 3644/3644
f 3644/3644 4002/4002 3972/3972
f 4002/4002 4279/4279 3972/3972
f 2946/2946 2885/2885 2945/2945
f 2946/2946 2895/2895 2885/2885
f 2885/2885 2895/2895 2886/2886
f 2895/2895 2894/2894 2886/2886
f 2894/2894 1340/1340 2886/2886
f 2886/2886 1340/1340 1341/1341
f 1340/1340 1337/1337 1341/1341
f 1341/1341 1337/1337 2892/2892
f 1337/1337 1335/1335 2892/2892
f 1335/1335 1334/1334 1333/1333
f 1334/1334 1344/1344 1329/1329
f 1334/1334 1329/1329 1333/1333
f 1344/1344 1346/1346 1329/1329
f 1346/1346 1327/1327 1329/1329
f 1402/1402 1403/1403 1323/1323
f 1402/1402 1323/1323 1326/1326
f 1403/1403 1404/1404 1323/1323
f 1323/1323 1404/1404 1405/1405
f 1404/1404 1406/1406 1405/1405
f 1404/1404 1425/1425 1406/1406
f 1406/1406 1425/1425 1409/1409
f 1425/1425 1422/1422 1410/1410
f 1425/1425 1410/1410 1409/1409
f 1422/1422 1413/1413 1412/1412
f 1422/1422 1412/1412 1410/1410
f 1412/1412 1413/1413 1305/1305
f 1413/1413 1414/1414 1305/1305
f 1414/1414 1304/1304 1305/1305
f 1302/1302 1418/1418 1299/1299
f 1299/1299 1297/1297 1300/1300
f 1300/1300 1297/1297 1909/1909
f 927/927 918/918 921/921
f 6070/6070 6740/6740 6074/6074
f 5538/5538 5539/5539 5540/5540
f 3773/3773 3129/3129 3111/3111
f 3129/3129 3128/3128 3126/3126
f 3129/3129 3126/3126 3111/3111
f 3128/3128 3131/3131 3127/3127
f 3128/3128 3127/3127 3126/3126
f 3131/3131 3133/3133 3127/3127
f 3127/3127 3133/3133 3134/3134
f 3133/3133 2934/2934 3134/3134
f 2935/2935 2939/2939 2937/2937
f 2939/2939 2941/2941 2917/2917
f 2939/2939 2917/2917 2937/2937
f 2941/2941 2920/2920 2917/2917
f 2920/2920 2945/2945 2896/2896
f 2896/2896 2945/2945 2885/2885
f 1909/1909 2289/2289 2284/2284
f 2284/2284 2289/2289 2282/2282
f 2282/2282 2281/2281 2283/2283
f 2283/2283 2281/2281 2332/2332
f 2281/2281 2279/2279 2332/2332
f 2279/2279 2278/2278 2333/2333
f 2279/2279 2333/2333 2332/2332
f 2278/2278 2343/2343 2333/2333
f 2343/2343 2277/2277 2345/2345
f 2277/2277 2275/2275 2345/2345
f 2275/2275 2347/2347 2345/2345
f 2347/2347 2384/2384 2379/2379
f 2384/2384 2386/2386 2379/2379
f 2386/2386 2388/2388 2379/2379
f 2388/2388 2380/2380 2379/2379
f 2379/2379 2380/2380 2377/2377
f 2377/2377 2380/2380 2376/2376
f 2380/2380 2381/2381 2376/2376
f 2376/2376 2381/2381 2375/2375
f 2381/2381 2382/2382 2375/2375
f 2375/2375 2382/2382 2372/2372
f 2382/2382 2373/2373 2372/2372
f 2373/2373 2398/2398 2399/2399
f 2398/2398 2400/2400 2399/2399
f 2398/2398 2404/2404 2402/2402
f 2398/2398 2402/2402 2400/2400
f 2404/2404 2406/2406 2402/2402
f 2402/2402 2406/2406 2408/2408
f 2406/2406 2407/2407 2408/2408
f 3495/3495 2416/2416 2414/2414
f 2414/2414 2416/2416 2417/2417
f 2416/2416 2248/2248 2417/2417
f 2248/2248 2420/2420 2417/2417
f 2421/2421 2427/2427 2428/2428
f 2428/2428 2429/2429 2425/2425
f 2429/2429 2430/2430 2425/2425
f 2442/2442 2446/2446 2480/2480
f 2446/2446 2474/2474 2482/2482
f 2446/2446 2482/2482 2480/2480
f 2474/2474 2473/2473 2545/2545
f 2474/2474 2545/2545 2482/2482
f 2473/2473 2547/2547 2546/2546
f 2473/2473 2546/2546 2545/2545
f 2547/2547 2550/2550 2548/2548
f 2547/2547 2548/2548 2546/2546
f 2550/2550 2551/2551 2548/2548
f 3481/3481 3644/3644 3645/3645
f 3644/3644 3972/3972 3645/3645
f 3645/3645 3972/3972 3971/3971
f 3972/3972 4279/4279 4291/4291
f 3972/3972 4291/4291 3971/3971
f 2885/2885 2886/2886 2883/2883
f 2883/2883 2886/2886 2884/2884
f 2886/2886 2887/2887 2884/2884
f 2886/2886 1341/1341 2887/2887
f 2887/2887 1341/1341 2891/2891
f 1341/1341 2892/2892 2891/2891
f 2891/2891 2892/2892 2889/2889
f 2892/2892 1335/1335 2893/2893
f 2892/2892 2893/2893 2889/2889
f 1335/1335 1333/1333 2893/2893
f 1333/1333 1329/1329 1331/1331
f 1329/1329 1327/1327 1328/1328
f 1327/1327 1326/1326 1325/1325
f 1327/1327 1325/1325 1328/1328
f 1326/1326 1323/1323 1325/1325
f 1405/1405 1406/1406 1407/1407
f 1406/1406 1409/1409 1407/1407
f 1409/1409 1315/1315 1407/1407
f 1409/1409 1410/1410 1315/1315
f 1410/1410 1411/1411 1315/1315
f 1410/1410 1412/1412 1411/1411
f 1412/1412 1305/1305 1411/1411
f 1411/1411 1305/1305 1306/1306
f 1306/1306 1305/1305 1303/1303
f 1305/1305 1304/1304 1303/1303
f 1304/1304 1302/1302 1303/1303
f 1303/1303 1302/1302 1301/1301
f 1302/1302 1299/1299 1301/1301
f 1299/1299 1300/1300 1301/1301
f 1301/1301 1300/1300 1910/1910
f 1300/1300 1909/1909 1910/1910
f 1910/1910 1909/1909 2284/2284
f 927/927 921/921 922/922
f 4767/4767 4762/4762 4766/4766
f 4761/4761 4763/4763 4760/4760
f 4696/4696 4704/4704 4705/4705
f 5535/5535 5534/5534 7231/7231
f 922/922 921/921 923/923
f 3773/3773 3111/3111 3774/3774
f 3127/3127 3134/3134 3108/3108
f 3108/3108 3134/3134 2931/2931
f 3134/3134 2934/2934 2931/2931
f 2934/2934 2935/2935 2932/2932
f 2934/2934 2932/2932 2931/2931
f 2932/2932 2935/2935 2936/2936
f 2935/2935 2937/2937 2936/2936
f 2917/2917 2920/2920 2899/2899
f 2920/2920 2896/2896 2899/2899
f 2896/2896 2885/2885 2897/2897
f 2885/2885 3293/3293 2897/2897
f 2284/2284 2282/2282 2285/2285
f 2282/2282 2283/2283 2327/2327
f 2283/2283 2332/2332 2329/2329
f 2283/2283 2329/2329 2327/2327
f 2332/2332 2330/2330 2329/2329
f 2332/2332 2333/2333 2330/2330
f 2333/2333 2343/2343 2344/2344
f 2343/2343 2345/2345 2344/2344
f 2345/2345 2347/2347 2341/2341
f 2345/2345 2341/2341 2346/2346
f 2347/2347 2379/2379 2348/2348
f 2347/2347 2348/2348 2341/2341
f 2348/2348 2379/2379 2378/2378
f 2379/2379 2377/2377 2378/2378
f 2378/2378 2377/2377 2353/2353
f 2377/2377 2376/2376 2374/2374
f 2377/2377 2374/2374 2353/2353
f 2376/2376 2375/2375 2374/2374
f 2375/2375 2372/2372 2374/2374
f 2372/2372 2373/2373 2371/2371
f 2373/2373 2399/2399 2371/2371
f 2399/2399 2400/2400 2401/2401
f 2400/2400 2402/2402 2403/2403
f 2400/2400 2403/2403 2401/2401
f 2402/2402 2607/2607 2403/2403
f 2402/2402 2408/2408 2607/2607
f 2408/2408 2407/2407 2409/2409
f 2407/2407 2414/2414 2410/2410
f 2407/2407 2410/2410 2409/2409
f 2414/2414 2417/2417 2415/2415
f 2414/2414 2415/2415 2410/2410
f 2417/2417 2419/2419 2415/2415
f 2417/2417 2420/2420 2418/2418
f 2417/2417 2418/2418 2419/2419
f 2420/2420 2421/2421 2418/2418
f 2421/2421 2428/2428 2425/2425
f 2425/2425 2430/2430 2426/2426
f 2433/2433 2435/2435 2434/2434
f 2434/2434 2435/2435 2436/2436
f 2435/2435 2438/2438 2436/2436
f 2438/2438 2439/2439 2436/2436
f 2436/2436 2439/2439 2475/2475
f 2439/2439 2442/2442 2475/2475
f 2546/2546 2548/2548 2549/2549
f 2548/2548 2534/2534 2549/2549
f 2548/2548 2551/2551 2534/2534
f 2551/2551 2531/2531 2534/2534
f 2531/2531 2530/2530 2517/2517
f 2530/2530 2518/2518 2517/2517
f 2518/2518 2520/2520 2519/2519
f 2520/2520 2521/2521 2519/2519
f 2521/2521 3481/3481 3480/3480
f 3481/3481 3645/3645 3480/3480
f 3971/3971 4291/4291 4295/4295
f 2884/2884 2887/2887 2888/2888
f 2887/2887 2891/2891 2889/2889
f 2887/2887 2889/2889 2888/2888
f 2889/2889 2893/2893 2890/2890
f 2893/2893 1333/1333 2890/2890
f 2890/2890 1333/1333 1332/1332
f 1333/1333 1331/1331 1332/1332
f 1331/1331 1330/1330 1332/1332
f 1331/1331 1329/1329 1330/1330
f 1329/1329 1328/1328 1330/1330
f 1328/1328 1325/1325 1324/1324
f 1325/1325 1323/1323 1324/1324
f 1323/1323 1405/1405 1320/1320
f 1405/1405 1407/1407 1408/1408
f 1405/1405 1408/1408 1320/1320
f 1407/1407 1315/1315 1408/1408
f 1315/1315 1411/1411 1313/1313
f 1303/1303 1301/1301 1907/1907
f 1907/1907 1301/1301 3488/3488
f 1301/1301 1910/1910 3488/3488
f 3488/3488 1910/1910 2287/2287
f 1910/1910 2286/2286 2287/2287
f 1910/1910 2284/2284 2286/2286
f 2286/2286 2284/2284 2285/2285
f 4898/4898 4769/4769 4767/4767
f 3111/3111 3126/3126 3109/3109
f 3126/3126 3127/3127 3109/3109
f 3127/3127 3108/3108 3109/3109
f 3109/3109 3108/3108 3107/3107
f 3108/3108 2931/2931 3107/3107
f 2936/2936 2937/2937 2915/2915
f 2937/2937 2917/2917 2915/2915
f 2915/2915 2917/2917 2916/2916
f 2917/2917 2899/2899 2900/2900
f 2917/2917 2900/2900 2916/2916
f 2899/2899 2898/2898 2900/2900
f 2899/2899 2896/2896 2898/2898
f 2896/2896 2897/2897 2898/2898
f 2898/2898 2897/2897 3292/3292
f 2897/2897 3293/3293 3292/3292
f 3292/3292 3293/3293 3294/3294
f 3293/3293 2883/2883 2882/2882
f 3293/3293 2882/2882 3294/3294
f 2883/2883 2881/2881 2882/2882
f 2881/2881 2884/2884 2880/2880
f 2285/2285 2324/2324 2321/2321
f 2285/2285 2282/2282 2324/2324
f 2282/2282 2327/2327 2326/2326
f 2282/2282 2326/2326 2324/2324
f 2327/2327 2328/2328 2326/2326
f 2327/2327 2329/2329 2328/2328
f 2329/2329 2330/2330 2328/2328
f 2330/2330 2333/2333 2319/2319
f 2333/2333 2344/2344 2334/2334
f 2333/2333 2334/2334 2319/2319
f 2344/2344 2345/2345 2334/2334
f 2345/2345 2346/2346 2335/2335
f 2345/2345 2335/2335 2334/2334
f 2346/2346 2337/2337 2335/2335
f 2346/2346 2341/2341 2337/2337
f 2341/2341 2348/2348 2342/2342
f 2342/2342 2348/2348 2349/2349
f 2348/2348 2378/2378 2349/2349
f 2378/2378 2352/2352 2349/2349
f 2378/2378 2353/2353 2352/2352
f 2353/2353 2374/2374 2354/2354
f 2374/2374 2372/2372 2363/2363
f 2363/2363 2372/2372 2364/2364
f 2372/2372 2367/2367 2364/2364
f 2372/2372 2371/2371 2367/2367
f 2371/2371 2399/2399 2608/2608
f 2399/2399 2401/2401 2608/2608
f 2607/2607 2408/2408 2411/2411
f 2408/2408 2409/2409 2411/2411
f 2421/2421 2425/2425 2423/2423
f 2423/2423 2425/2425 2426/2426
f 2426/2426 2430/2430 2582/2582
f 2430/2430 2434/2434 2582/2582
f 2434/2434 2583/2583 2582/2582
f 2434/2434 2436/2436 3487/3487
f 2434/2434 3487/3487 2583/2583
f 2546/2546 2549/2549 2536/2536
f 2549/2549 2534/2534 2536/2536
f 2534/2534 2531/2531 2532/2532
f 2532/2532 2531/2531 2516/2516
f 2531/2531 2517/2517 2516/2516
f 2517/2517 2518/2518 2514/2514
f 2518/2518 2519/2519 2514/2514
f 3480/3480 3645/3645 3646/3646
f 3645/3645 3971/3971 3775/3775
f 3645/3645 3775/3775 3646/3646
f 3971/3971 4295/4295 3775/3775
f 2884/2884 2888/2888 2880/2880
f 2888/2888 2889/2889 2869/2869
f 2888/2888 2869/2869 2880/2880
f 2889/2889 2890/2890 2867/2867
f 2889/2889 2867/2867 2869/2869
f 2890/2890 1332/1332 2866/2866
f 2890/2890 2866/2866 2867/2867
f 1332/1332 2865/2865 2866/2866
f 1332/1332 1330/1330 2865/2865
f 1330/1330 1900/1900 2865/2865
f 1330/1330 1328/1328 1900/1900
f 1900/1900 1328/1328 1901/1901
f 1328/1328 1324/1324 1901/1901
f 1901/1901 1324/1324 1902/1902
f 1324/1324 1903/1903 1902/1902
f 1324/1324 1323/1323 1321/1321
f 1324/1324 1321/1321 1903/1903
f 1323/1323 1320/1320 1321/1321
f 1320/1320 1408/1408 1316/1316
f 1408/1408 1315/1315 1316/1316
f 1316/1316 1315/1315 1314/1314
f 1315/1315 1313/1313 1314/1314
f 1313/1313 1411/1411 1312/1312
f 1411/1411 1306/1306 1308/1308
f 1411/1411 1308/1308 1312/1312
f 1306/1306 1303/1303 1307/1307
f 1306/1306 1307/1307 1308/1308
f 1303/1303 1907/1907 1307/1307
f 1307/1307 1907/1907 1908/1908
f 1908/1908 1907/1907 2290/2290
f 1907/1907 3488/3488 2290/2290
f 2286/2286 2285/2285 2321/2321
f 922/922 923/923 924/924
f 3107/3107 2931/2931 3106/3106
f 3106/3106 2931/2931 2933/2933
f 2931/2931 2932/2932 2933/2933
f 2933/2933 2932/2932 2930/2930
f 2932/2932 2936/2936 2915/2915
f 2932/2932 2915/2915 2930/2930
f 2916/2916 2900/2900 2914/2914
f 2900/2900 2898/2898 2901/2901
f 2901/2901 2898/2898 3292/3292
f 3292/3292 3294/3294 3295/3295
f 3295/3295 3294/3294 3296/3296
f 3294/3294 2882/2882 2879/2879
f 3294/3294 2879/2879 3296/3296
f 2882/2882 2881/2881 2878/2878
f 2882/2882 2878/2878 2879/2879
f 2881/2881 2880/2880 2878/2878
f 2321/2321 2324/2324 2322/2322
f 2322/2322 2324/2324 2325/2325
f 2324/2324 2326/2326 2325/2325
f 2328/2328 2330/2330 2331/2331
f 2330/2330 2319/2319 2331/2331
f 2337/2337 2341/2341 2340/2340
f 2341/2341 2342/2342 2340/2340
f 2352/2352 2353/2353 2351/2351
f 2353/2353 2354/2354 2351/2351
f 2354/2354 2374/2374 2356/2356
f 2356/2356 2374/2374 2358/2358
f 2374/2374 2363/2363 2358/2358
f 2367/2367 2371/2371 2368/2368
f 2371/2371 2608/2608 2368/2368
f 2608/2608 2401/2401 2610/2610
f 2401/2401 2403/2403 2610/2610
f 2610/2610 2403/2403 3429/3429
f 2403/2403 2607/2607 3429/3429
f 2409/2409 2410/2410 2411/2411
f 2411/2411 2410/2410 2412/2412
f 2410/2410 2415/2415 2412/2412
f 2412/2412 2415/2415 2605/2605
f 2415/2415 2419/2419 2605/2605
f 2419/2419 2418/2418 2422/2422
f 2419/2419 2422/2422 2605/2605
f 2418/2418 2421/2421 2422/2422
f 2421/2421 2423/2423 2422/2422
f 2582/2582 2583/2583 2581/2581
f 3487/3487 2436/2436 2580/2580
f 2436/2436 2475/2475 2580/2580
f 2475/2475 2442/2442 2479/2479
f 2442/2442 2480/2480 2479/2479
f 2479/2479 2480/2480 2481/2481
f 2480/2480 2482/2482 2481/2481
f 2482/2482 2545/2545 2544/2544
f 2545/2545 2546/2546 2544/2544
f 2544/2544 2546/2546 2538/2538
f 2546/2546 2536/2536 2538/2538
f 2516/2516 2517/2517 2514/2514
f 2514/2514 2519/2519 2513/2513
f 2519/2519 2521/2521 2522/2522
f 2519/2519 2522/2522 2513/2513
f 2521/2521 3480/3480 2522/2522
f 2522/2522 3480/3480 3479/3479
f 3480/3480 3646/3646 3479/3479
f 3646/3646 3775/3775 3684/3684
f 3775/3775 4295/4295 4296/4296
f 3775/3775 4296/4296 3684/3684
f 2880/2880 2869/2869 2868/2868
f 2880/2880 2868/2868 2870/2870
f 2869/2869 2867/2867 2868/2868
f 2868/2868 2867/2867 2834/2834
f 2867/2867 2866/2866 2864/2864
f 2867/2867 2864/2864 2834/2834
f 2866/2866 2865/2865 2864/2864
f 2864/2864 2865/2865 2863/2863
f 2865/2865 2862/2862 2863/2863
f 2865/2865 1900/1900 2858/2858
f 2865/2865 2858/2858 2862/2862
f 1900/1900 1901/1901 2858/2858
f 2858/2858 1901/1901 2857/2857
f 1901/1901 1902/1902 2857/2857
f 1902/1902 1903/1903 1904/1904
f 1903/1903 1321/1321 1904/1904
f 1321/1321 1320/1320 1318/1318
f 1320/1320 1316/1316 1318/1318
f 1318/1318 1316/1316 1317/1317
f 1316/1316 1314/1314 1317/1317
f 1313/1313 1312/1312 1310/1310
f 1313/1313 1310/1310 1314/1314
f 1312/1312 1308/1308 1310/1310
f 2290/2290 3488/3488 2292/2292
f 3488/3488 2287/2287 2288/2288
f 3488/3488 2288/2288 2292/2292
f 2287/2287 2286/2286 2288/2288
f 5062/5062 7132/7132 7133/7133
f 5062/5062 7133/7133 7161/7161
f 924/924 923/923 925/925
f 3774/3774 3111/3111 3112/3112
f 3774/3774 3112/3112 3772/3772
f 3112/3112 3111/3111 3110/3110
f 3111/3111 3109/3109 3110/3110
f 3109/3109 3107/3107 3110/3110
f 3110/3110 3107/3107 3104/3104
f 3107/3107 3106/3106 3104/3104
f 2915/2915 2916/2916 2914/2914
f 2914/2914 2900/2900 2902/2902
f 2900/2900 2901/2901 2902/2902
f 2901/2901 3292/3292 3289/3289
f 3292/3292 3295/3295 3289/3289
f 3289/3289 3295/3295 3288/3288
f 3295/3295 3296/3296 3288/3288
f 3296/3296 2879/2879 3288/3288
f 3288/3288 2879/2879 2876/2876
f 2879/2879 2878/2878 2877/2877
f 2879/2879 2877/2877 2876/2876
f 2878/2878 2880/2880 2831/2831
f 2878/2878 2831/2831 2877/2877
f 2880/2880 2870/2870 2831/2831
f 2321/2321 2322/2322 2300/2300
f 2326/2326 2328/2328 2318/2318
f 2328/2328 2331/2331 2318/2318
f 2331/2331 2319/2319 2318/2318
f 2318/2318 2319/2319 2317/2317
f 2319/2319 2334/2334 2320/2320
f 2319/2319 2320/2320 2317/2317
f 2334/2334 2335/2335 2320/2320
f 2320/2320 2335/2335 2336/2336
f 2335/2335 2337/2337 2336/2336
f 2336/2336 2337/2337 2338/2338
f 2337/2337 2340/2340 2338/2338
f 2340/2340 2342/2342 2350/2350
f 2342/2342 2349/2349 2350/2350
f 2349/2349 2352/2352 2351/2351
f 2349/2349 2351/2351 2350/2350
f 2351/2351 2354/2354 2355/2355
f 2354/2354 2356/2356 2355/2355
f 2358/2358 2363/2363 2361/2361
f 2363/2363 2364/2364 2361/2361
f 2364/2364 2367/2367 2365/2365
f 2364/2364 2365/2365 2361/2361
f 2367/2367 2368/2368 2365/2365
f 2365/2365 2368/2368 2369/2369
f 2368/2368 2608/2608 2609/2609
f 2368/2368 2609/2609 2369/2369
f 2608/2608 2610/2610 2609/2609
f 3429/3429 2607/2607 2606/2606
f 2607/2607 2411/2411 2606/2606
f 2411/2411 2412/2412 2606/2606
f 2423/2423 2426/2426 2584/2584
f 2426/2426 2582/2582 2586/2586
f 2426/2426 2586/2586 2584/2584
f 2582/2582 2581/2581 2586/2586
f 2583/2583 3487/3487 2581/2581
f 2581/2581 3487/3487 2580/2580
f 2481/2481 2482/2482 2483/2483
f 2482/2482 2544/2544 2483/2483
f 2538/2538 2536/2536 2535/2535
f 2536/2536 2534/2534 2535/2535
f 2534/2534 2533/2533 2535/2535
f 2534/2534 2532/2532 2533/2533
f 2532/2532 2516/2516 2533/2533
f 2514/2514 2515/2515 2516/2516
f 2514/2514 2513/2513 2511/2511
f 2514/2514 2511/2511 2515/2515
f 2513/2513 2522/2522 2512/2512
f 2513/2513 2512/2512 2511/2511
f 2522/2522 3479/3479 2512/2512
f 2512/2512 3479/3479 3478/3478
f 3479/3479 3646/3646 3478/3478
f 3478/3478 3646/3646 3642/3642
f 3646/3646 3684/3684 3642/3642
f 2870/2870 2868/2868 2833/2833
f 2868/2868 2834/2834 2833/2833
f 2864/2864 2863/2863 2860/2860
f 2863/2863 2862/2862 2861/2861
f 2863/2863 2861/2861 2860/2860
f 2862/2862 2858/2858 2861/2861
f 2858/2858 2857/2857 2861/2861
f 2857/2857 1902/1902 2705/2705
f 1902/1902 1904/1904 2705/2705
f 1904/1904 1321/1321 1322/1322
f 1321/1321 1318/1318 1322/1322
f 1318/1318 1317/1317 1319/1319
f 1319/1319 1317/1317 1905/1905
f 1317/1317 1314/1314 1905/1905
f 1905/1905 1314/1314 1906/1906
f 1314/1314 1310/1310 1906/1906
f 1906/1906 1310/1310 1311/1311
f 1310/1310 1308/1308 1309/1309
f 1310/1310 1309/1309 1311/1311
f 1308/1308 1307/1307 1309/1309
f 1307/1307 1908/1908 1309/1309
f 1309/1309 1908/1908 2291/2291
f 1908/1908 2290/2290 2291/2291
f 2290/2290 2292/2292 2291/2291
f 2288/2288 2286/2286 2295/2295
f 2286/2286 2321/2321 2295/2295
f 926/926 924/924 925/925
f 6053/6053 6054/6054 6059/6059
f 6053/6053 6059/6059 6060/6060
f 7043/7043 4899/4899 4735/4735
f 3104/3104 3106/3106 3103/3103
f 3106/3106 2933/2933 3083/3083
f 3106/3106 3083/3083 3103/3103
f 2933/2933 2930/2930 3083/3083
f 2930/2930 2915/2915 2912/2912
f 2915/2915 2914/2914 2912/2912
f 2912/2912 2914/2914 2905/2905
f 2914/2914 2902/2902 2905/2905
f 2902/2902 2901/2901 2903/2903
f 2901/2901 3289/3289 3286/3286
f 2901/2901 3286/3286 2903/2903
f 3289/3289 3288/3288 3286/3286
f 3286/3286 3288/3288 3287/3287
f 3288/3288 2876/2876 2875/2875
f 3288/3288 2875/2875 3287/3287
f 2876/2876 2877/2877 2830/2830
f 2876/2876 2830/2830 2875/2875
f 2877/2877 2831/2831 2830/2830
f 2831/2831 2828/2828 2830/2830
f 2828/2828 2833/2833 2832/2832
f 2300/2300 2322/2322 2323/2323
f 2322/2322 2325/2325 2307/2307
f 2322/2322 2307/2307 2323/2323
f 2325/2325 2326/2326 2307/2307
f 2326/2326 2318/2318 2307/2307
f 2307/2307 2318/2318 2308/2308
f 2318/2318 2317/2317 2308/2308
f 2317/2317 2320/2320 2626/2626
f 2320/2320 2336/2336 2624/2624
f 2320/2320 2624/2624 2626/2626
f 2336/2336 2338/2338 2339/2339
f 2338/2338 2340/2340 2339/2339
f 2339/2339 2340/2340 2618/2618
f 2340/2340 2350/2350 2618/2618
f 2350/2350 2617/2617 2618/2618
f 2350/2350 2351/2351 2617/2617
f 2351/2351 2355/2355 2617/2617
f 2355/2355 2356/2356 2357/2357
f 2356/2356 2358/2358 2357/2357
f 2358/2358 2361/2361 2359/2359
f 2358/2358 2359/2359 2357/2357
f 2609/2609 2610/2610 2611/2611
f 2610/2610 3429/3429 2612/2612
f 2610/2610 2612/2612 2611/2611
f 3429/3429 2606/2606 2612/2612
f 2612/2612 2606/2606 2666/2666
f 2606/2606 2670/2670 2666/2666
f 2606/2606 2412/2412 2670/2670
f 2670/2670 2412/2412 3430/3430
f 2412/2412 2672/2672 3430/3430
f 2412/2412 2605/2605 2672/2672
f 2672/2672 2605/2605 2604/2604
f 2605/2605 2422/2422 2604/2604
f 2604/2604 2422/2422 2424/2424
f 2422/2422 2423/2423 2424/2424
f 2581/2581 2580/2580 2579/2579
f 2579/2579 2580/2580 2578/2578
f 2580/2580 2475/2475 2578/2578
f 2578/2578 2475/2475 2576/2576
f 2475/2475 2479/2479 2576/2576
f 2483/2483 2544/2544 2484/2484
f 2544/2544 2538/2538 2484/2484
f 2484/2484 2538/2538 2537/2537
f 2538/2538 2535/2535 2537/2537
f 2535/2535 2533/2533 2537/2537
f 2533/2533 2516/2516 2542/2542
f 2533/2533 2542/2542 2540/2540
f 2542/2542 2516/2516 2543/2543
f 2516/2516 2515/2515 2543/2543
f 2515/2515 2511/2511 2543/2543
f 2512/2512 3478/3478 3477/3477
f 3478/3478 3642/3642 3477/3477
f 3477/3477 3642/3642 3641/3641
f 3642/3642 3684/3684 3641/3641
f 3641/3641 3684/3684 3683/3683
f 3684/3684 4296/4296 4137/4137
f 3684/3684 4137/4137 3683/3683
f 2833/2833 2834/2834 2832/2832
f 2832/2832 2834/2834 2835/2835
f 2834/2834 2864/2864 2835/2835
f 2864/2864 2860/2860 2859/2859
f 2864/2864 2859/2859 2835/2835
f 2860/2860 2861/2861 2843/2843
f 2860/2860 2843/2843 2859/2859
f 2861/2861 2857/2857 2844/2844
f 2861/2861 2844/2844 2843/2843
f 2857/2857 2705/2705 2844/2844
f 2705/2705 1904/1904 3396/3396
f 1904/1904 1322/1322 3396/3396
f 1322/1322 1318/1318 1319/1319
f 1319/1319 1905/1905 2707/2707
f 1319/1319 2707/2707 2706/2706
f 1905/1905 1906/1906 2707/2707
f 2707/2707 1906/1906 2709/2709
f 1906/1906 1311/1311 2709/2709
f 1311/1311 1309/1309 2703/2703
f 1309/1309 2704/2704 2703/2703
f 1309/1309 2291/2291 2704/2704
f 2291/2291 2293/2293 2704/2704
f 2291/2291 2292/2292 2293/2293
f 2292/2292 2288/2288 2294/2294
f 2292/2292 2294/2294 2293/2293
f 2288/2288 2295/2295 2294/2294
f 4724/4724 4721/4721 4725/4725
f 3772/3772 3112/3112 3114/3114
f 3772/3772 3114/3114 3771/3771
f 3112/3112 3110/3110 3113/3113
f 3112/3112 3113/3113 3114/3114
f 3113/3113 3110/3110 3104/3104
f 2903/2903 3286/3286 3284/3284
f 3286/3286 3287/3287 3285/3285
f 3286/3286 3285/3285 3284/3284
f 3287/3287 2875/2875 3285/3285
f 2875/2875 2830/2830 2872/2872
f 2830/2830 2829/2829 2872/2872
f 2830/2830 2828/2828 2829/2829
f 2829/2829 2828/2828 2825/2825
f 2828/2828 2826/2826 2825/2825
f 2296/2296 2300/2300 2298/2298
f 2300/2300 2323/2323 2301/2301
f 2300/2300 2301/2301 2298/2298
f 2323/2323 2307/2307 2301/2301
f 2307/2307 2308/2308 2306/2306
f 2306/2306 2308/2308 2309/2309
f 2308/2308 2317/2317 2309/2309
f 2309/2309 2317/2317 2314/2314
f 2317/2317 2626/2626 2314/2314
f 2624/2624 2336/2336 2623/2623
f 2336/2336 2339/2339 2623/2623
f 2339/2339 2618/2618 2621/2621
f 2618/2618 2620/2620 2621/2621
f 2618/2618 2617/2617 2619/2619
f 2618/2618 2619/2619 2620/2620
f 2355/2355 2357/2357 2616/2616
f 2361/2361 2365/2365 2366/2366
f 2365/2365 2369/2369 2366/2366
f 2666/2666 2670/2670 2668/2668
f 2670/2670 3430/3430 2671/2671
f 2670/2670 2671/2671 2668/2668
f 3430/3430 2672/2672 2671/2671
f 2424/2424 2423/2423 2602/2602
f 2423/2423 2584/2584 2585/2585
f 2423/2423 2585/2585 2602/2602
f 2584/2584 2586/2586 2585/2585
f 2585/2585 2586/2586 2587/2587
f 2586/2586 2581/2581 2587/2587
f 2581/2581 2579/2579 2587/2587
f 2579/2579 2578/2578 2591/2591
f 2578/2578 2576/2576 2591/2591
f 2576/2576 2479/2479 2478/2478
f 2479/2479 2481/2481 2476/2476
f 2479/2479 2476/2476 2478/2478
f 2481/2481 2483/2483 2476/2476
f 2483/2483 2484/2484 2476/2476
f 2484/2484 2537/2537 2489/2489
f 2489/2489 2537/2537 2539/2539
f 2539/2539 2537/2537 2493/2493
f 2537/2537 2533/2533 2493/2493
f 2533/2533 2540/2540 2493/2493
f 2503/2503 2543/2543 2511/2511
f 2511/2511 2512/2512 2509/2509
f 2511/2511 2509/2509 2510/2510
f 2512/2512 3477/3477 3476/3476
f 2512/2512 3476/3476 2509/2509
f 3477/3477 3641/3641 3578/3578
f 3477/3477 3578/3578 3476/3476
f 3641/3641 3683/3683 3578/3578
f 2832/2832 2835/2835 2836/2836
f 2836/2836 2835/2835 2837/2837
f 2835/2835 2859/2859 2837/2837
f 2859/2859 2843/2843 2837/2837
f 2837/2837 2843/2843 2840/2840
f 2843/2843 2844/2844 2840/2840
f 2844/2844 2705/2705 2846/2846
f 2705/2705 3396/3396 2846/2846
f 3396/3396 1322/1322 3395/3395
f 1322/1322 1319/1319 3395/3395
f 1319/1319 2706/2706 3395/3395
f 2706/2706 2707/2707 2708/2708
f 2707/2707 2709/2709 2708/2708
f 2708/2708 2709/2709 2710/2710
f 2709/2709 1311/1311 2710/2710
f 2710/2710 1311/1311 2711/2711
f 1311/1311 2703/2703 2711/2711
f 2711/2711 2703/2703 2701/2701
f 2703/2703 2704/2704 2701/2701
f 2704/2704 2702/2702 2701/2701
f 2704/2704 2293/2293 2702/2702
f 2293/2293 2294/2294 2702/2702
f 2294/2294 2295/2295 2296/2296
f 926/926 925/925 928/928
f 6079/6079 6060/6060 6059/6059
f 4725/4725 4721/4721 4727/4727
f 925/925 939/939 928/928
f 3114/3114 3113/3113 3115/3115
f 3113/3113 3104/3104 3105/3105
f 3113/3113 3105/3105 3115/3115
f 3104/3104 3103/3103 3102/3102
f 3103/3103 3083/3083 3084/3084
f 3103/3103 3084/3084 3102/3102
f 3083/3083 2930/2930 2929/2929
f 3083/3083 2929/2929 3084/3084
f 2930/2930 2912/2912 2929/2929
f 2929/2929 2912/2912 2909/2909
f 2912/2912 2905/2905 2907/2907
f 2912/2912 2907/2907 2909/2909
f 2905/2905 2902/2902 2904/2904
f 2902/2902 2903/2903 2904/2904
f 2904/2904 2903/2903 2919/2919
f 2903/2903 3284/3284 2919/2919
f 3284/3284 3285/3285 3282/3282
f 3285/3285 3283/3283 3282/3282
f 3285/3285 2875/2875 3283/3283
f 3283/3283 2875/2875 2874/2874
f 2875/2875 2872/2872 2874/2874
f 2874/2874 2872/2872 2873/2873
f 2872/2872 2829/2829 2871/2871
f 2872/2872 2871/2871 2873/2873
f 2829/2829 2825/2825 2871/2871
f 2825/2825 2826/2826 2827/2827
f 2826/2826 2836/2836 2838/2838
f 2826/2826 2838/2838 2827/2827
f 2296/2296 2298/2298 2297/2297
f 2301/2301 2307/2307 2303/2303
f 2307/2307 2306/2306 2303/2303
f 2306/2306 2304/2304 2303/2303
f 2306/2306 2309/2309 2310/2310
f 2309/2309 2314/2314 2312/2312
f 2309/2309 2312/2312 2310/2310
f 2314/2314 2315/2315 2312/2312
f 2314/2314 2626/2626 2315/2315
f 2626/2626 2624/2624 2625/2625
f 2626/2626 2625/2625 2315/2315
f 2624/2624 2623/2623 2622/2622
f 2624/2624 2622/2622 2625/2625
f 2623/2623 2339/2339 2622/2622
f 2339/2339 2621/2621 2622/2622
f 2622/2622 2621/2621 2627/2627
f 2621/2621 2620/2620 2627/2627
f 2627/2627 2620/2620 2628/2628
f 2628/2628 2620/2620 2632/2632
f 2620/2620 2619/2619 2632/2632
f 2632/2632 2619/2619 2634/2634
f 2619/2619 2617/2617 2634/2634
f 2617/2617 2355/2355 2634/2634
f 2616/2616 2357/2357 2360/2360
f 2357/2357 2359/2359 2360/2360
f 2359/2359 2361/2361 2362/2362
f 2359/2359 2362/2362 2360/2360
f 2361/2361 2366/2366 2362/2362
f 2366/2366 2369/2369 2370/2370
f 2369/2369 2609/2609 2370/2370
f 2609/2609 2611/2611 2614/2614
f 2611/2611 2612/2612 2613/2613
f 2611/2611 2613/2613 2614/2614
f 2612/2612 2666/2666 2613/2613
f 2613/2613 2666/2666 2665/2665
f 2666/2666 2668/2668 2669/2669
f 2666/2666 2669/2669 2665/2665
f 2671/2671 2672/2672 2673/2673
f 2672/2672 2604/2604 2673/2673
f 2673/2673 2604/2604 2674/2674
f 2604/2604 2424/2424 2676/2676
f 2604/2604 2676/2676 2674/2674
f 2424/2424 2602/2602 2676/2676
f 2585/2585 2603/2603 2602/2602
f 2585/2585 2587/2587 2603/2603
f 2587/2587 2588/2588 2603/2603
f 2588/2588 2587/2587 2589/2589
f 2587/2587 2579/2579 2589/2589
f 2579/2579 2591/2591 2589/2589
f 2591/2591 2576/2576 2577/2577
f 2591/2591 2577/2577 2592/2592
f 2576/2576 2478/2478 2577/2577
f 2476/2476 2484/2484 2477/2477
f 2493/2493 2540/2540 2541/2541
f 2540/2540 2542/2542 2502/2502
f 2540/2540 2502/2502 2541/2541
f 2542/2542 2543/2543 2503/2503
f 2542/2542 2503/2503 2502/2502
f 2503/2503 2511/2511 2510/2510
f 2509/2509 3476/3476 3475/3475
f 3476/3476 3578/3578 3534/3534
f 3476/3476 3534/3534 3475/3475
f 3578/3578 3683/3683 3579/3579
f 3578/3578 3579/3579 3534/3534
f 3683/3683 4137/4137 3579/3579
f 3579/3579 4137/4137 4136/4136
f 2836/2836 2837/2837 2838/2838
f 2837/2837 2839/2839 2838/2838
f 2837/2837 2840/2840 2839/2839
f 2839/2839 2840/2840 2841/2841
f 2841/2841 2840/2840 2842/2842
f 2840/2840 2844/2844 2845/2845
f 2840/2840 2845/2845 2842/2842
f 2844/2844 2846/2846 2845/2845
f 2845/2845 2846/2846 2847/2847
f 2846/2846 3396/3396 2847/2847
f 3396/3396 3395/3395 3392/3392
f 3396/3396 3392/3392 2847/2847
f 3395/3395 2706/2706 3392/3392
f 3392/3392 2706/2706 3391/3391
f 2706/2706 2708/2708 3391/3391
f 3391/3391 2708/2708 3390/3390
f 2708/2708 2710/2710 3394/3394
f 2708/2708 3394/3394 3390/3390
f 2710/2710 2711/2711 2712/2712
f 2710/2710 2712/2712 3394/3394
f 2711/2711 2701/2701 3397/3397
f 2711/2711 3397/3397 2712/2712
f 3397/3397 2701/2701 2700/2700
f 2701/2701 2702/2702 2700/2700
f 2700/2700 2702/2702 2699/2699
f 2702/2702 2294/2294 2699/2699
f 2294/2294 2296/2296 2699/2699
f 2699/2699 2296/2296 2297/2297
f 926/926 928/928 929/929
f 4722/4722 4720/4720 4904/4904
f 4736/4736 4737/4737 5073/5073
f 928/928 939/939 943/943
f 3771/3771 3114/3114 3116/3116
f 3771/3771 3116/3116 3735/3735
f 3114/3114 3115/3115 3116/3116
f 3104/3104 3102/3102 3105/3105
f 3102/3102 3084/3084 3085/3085
f 3084/3084 2929/2929 3085/3085
f 3085/3085 2929/2929 2928/2928
f 2929/2929 2909/2909 2928/2928
f 2907/2907 2905/2905 2906/2906
f 2905/2905 2904/2904 2906/2906
f 2919/2919 3284/3284 3256/3256
f 3284/3284 3282/3282 3256/3256
f 2873/2873 2871/2871 3310/3310
f 2871/2871 2825/2825 3310/3310
f 2825/2825 2827/2827 3310/3310
f 2827/2827 2838/2838 3379/3379
f 2838/2838 2856/2856 3379/3379
f 2297/2297 2298/2298 2299/2299
f 2297/2297 2299/2299 2697/2697
f 2298/2298 2301/2301 2302/2302
f 2298/2298 2302/2302 2299/2299
f 2301/2301 2303/2303 2302/2302
f 2303/2303 2304/2304 2302/2302
f 2304/2304 2306/2306 2311/2311
f 2306/2306 2310/2310 2311/2311
f 2312/2312 2315/2315 2316/2316
f 2315/2315 2625/2625 2693/2693
f 2315/2315 2693/2693 2316/2316
f 2625/2625 2622/2622 2694/2694
f 2625/2625 2694/2694 2693/2693
f 2622/2622 2689/2689 2694/2694
f 2622/2622 2627/2627 2689/2689
f 2628/2628 2632/2632 2633/2633
f 2632/2632 2634/2634 2633/2633
f 2355/2355 2616/2616 2634/2634
f 2634/2634 2616/2616 2360/2360
f 2360/2360 2362/2362 2646/2646
f 2366/2366 2370/2370 2615/2615
f 2370/2370 2609/2609 2614/2614
f 2370/2370 2614/2614 2615/2615
f 2669/2669 2668/2668 2667/2667
f 2668/2668 2671/2671 2664/2664
f 2668/2668 2664/2664 2667/2667
f 2671/2671 2673/2673 2664/2664
f 2673/2673 2674/2674 2675/2675
f 2674/2674 2676/2676 2675/2675
f 2676/2676 2602/2602 2678/2678
f 2589/2589 2591/2591 2592/2592
f 2476/2476 2477/2477 2478/2478
f 2477/2477 2484/2484 2485/2485
f 2484/2484 2489/2489 2485/2485
f 2489/2489 2539/2539 2490/2490
f 2539/2539 2493/2493 2490/2490
f 2490/2490 2493/2493 2491/2491
f 2491/2491 2493/2493 2494/2494
f 2493/2493 2541/2541 2499/2499
f 2493/2493 2499/2499 2494/2494
f 2541/2541 2502/2502 2499/2499
f 2503/2503 2510/2510 2505/2505
f 2510/2510 2509/2509 2505/2505
f 2505/2505 2509/2509 2507/2507
f 2509/2509 3475/3475 2507/2507
f 2507/2507 3475/3475 3474/3474
f 3475/3475 3534/3534 3474/3474
f 3474/3474 3534/3534 3535/3535
f 3534/3534 3579/3579 3580/3580
f 3534/3534 3580/3580 3535/3535
f 3579/3579 4136/4136 3580/3580
f 2838/2838 2839/2839 2856/2856
f 2839/2839 2841/2841 2855/2855
f 2839/2839 2855/2855 2856/2856
f 2841/2841 2842/2842 2855/2855
f 2855/2855 2842/2842 2849/2849
f 2842/2842 2845/2845 2849/2849
f 2845/2845 2847/2847 2848/2848
f 2845/2845 2848/2848 2849/2849
f 2847/2847 3392/3392 3386/3386
f 2847/2847 3386/3386 2848/2848
f 3392/3392 3391/3391 3386/3386
f 3386/3386 3391/3391 3385/3385
f 3391/3391 3390/3390 3385/3385
f 3385/3385 3390/3390 3387/3387
f 3390/3390 3394/3394 3388/3388
f 3390/3390 3388/3388 3387/3387
f 3394/3394 2712/2712 3389/3389
f 3394/3394 3389/3389 3388/3388
f 2712/2712 3397/3397 3389/3389
f 3389/3389 3397/3397 3399/3399
f 3397/3397 2700/2700 3398/3398
f 3397/3397 3398/3398 3399/3399
f 2700/2700 2699/2699 2698/2698
f 2700/2700 2698/2698 3398/3398
f 2698/2698 2699/2699 2697/2697
f 2699/2699 2297/2297 2697/2697
f 929/929 928/928 930/930
f 928/928 943/943 930/930
f 930/930 943/943 945/945
f 3735/3735 3116/3116 3736/3736
f 3116/3116 3115/3115 3117/3117
f 3115/3115 3105/3105 3117/3117
f 3105/3105 3101/3101 3117/3117
f 3105/3105 3102/3102 3101/3101
f 3101/3101 3102/3102 3085/3085
f 2928/2928 2909/2909 2910/2910
f 2909/2909 2907/2907 2908/2908
f 2909/2909 2908/2908 2910/2910
f 2907/2907 2906/2906 2908/2908
f 2906/2906 2904/2904 2918/2918
f 2904/2904 2919/2919 2918/2918
f 2918/2918 2919/2919 3255/3255
f 2919/2919 3256/3256 3255/3255
f 3256/3256 3282/3282 3281/3281
f 3282/3282 3283/3283 3281/3281
f 3281/3281 3283/3283 3279/3279
f 3283/3283 2874/2874 3297/3297
f 3283/3283 3297/3297 3279/3279
f 2874/2874 2873/2873 3297/3297
f 2873/2873 3310/3310 3297/3297
f 3297/3297 3310/3310 3312/3312
f 3310/3310 3311/3311 3312/3312
f 3310/3310 2827/2827 3311/3311
f 2827/2827 3379/3379 3311/3311
f 3311/3311 3379/3379 3371/3371
f 3379/3379 3380/3380 3371/3371
f 3379/3379 3381/3381 3380/3380
f 3381/3381 2855/2855 2854/2854
f 3381/3381 2854/2854 3380/3380
f 2697/2697 2782/2782 2779/2779
f 2697/2697 2299/2299 2782/2782
f 2299/2299 2302/2302 2305/2305
f 2302/2302 2304/2304 2305/2305
f 2305/2305 2304/2304 2696/2696
f 2304/2304 2311/2311 2696/2696
f 2311/2311 2310/2310 2313/2313
f 2310/2310 2312/2312 2313/2313
f 2313/2313 2312/2312 2695/2695
f 2312/2312 2316/2316 2695/2695
f 2695/2695 2316/2316 3401/3401
f 2316/2316 2693/2693 3401/3401
f 2628/2628 2633/2633 2630/2630
f 2630/2630 2633/2633 2636/2636
f 2633/2633 2634/2634 2635/2635
f 2633/2633 2635/2635 2636/2636
f 2634/2634 2360/2360 2643/2643
f 2634/2634 2643/2643 2635/2635
f 2360/2360 2646/2646 2643/2643
f 2646/2646 2362/2362 2648/2648
f 2362/2362 2366/2366 2648/2648
f 2366/2366 2615/2615 2648/2648
f 2615/2615 2614/2614 2654/2654
f 2614/2614 2613/2613 2654/2654
f 2669/2669 2667/2667 2665/2665
f 2664/2664 2673/2673 2684/2684
f 2673/2673 2675/2675 2684/2684
f 2675/2675 2676/2676 2677/2677
f 2676/2676 2678/2678 2677/2677
f 2678/2678 2602/2602 3431/3431
f 3431/3431 2602/2602 2599/2599
f 2602/2602 2603/2603 2599/2599
f 2603/2603 2588/2588 2590/2590
f 2603/2603 2590/2590 2599/2599
f 2588/2588 2589/2589 2590/2590
f 2590/2590 2589/2589 2595/2595
f 2589/2589 2592/2592 2595/2595
f 2592/2592 2577/2577 2593/2593
f 2593/2593 2577/2577 2573/2573
f 2577/2577 2478/2478 2573/2573
f 2573/2573 2478/2478 2574/2574
f 2478/2478 2477/2477 2486/2486
f 2478/2478 2486/2486 2574/2574
f 2477/2477 2485/2485 2486/2486
f 2499/2499 2502/2502 2501/2501
f 2502/2502 2503/2503 2501/2501
f 2501/2501 2503/2503 2504/2504
f 2503/2503 2505/2505 2504/2504
f 2505/2505 2506/2506 2504/2504
f 2505/2505 2507/2507 2506/2506
f 2507/2507 3474/3474 3473/3473
f 3474/3474 3535/3535 3473/3473
f 3535/3535 3580/3580 3639/3639
f 3580/3580 4136/4136 4135/4135
f 3580/3580 4135/4135 3639/3639
f 2855/2855 2849/2849 2854/2854
f 2854/2854 2849/2849 2850/2850
f 2849/2849 2848/2848 2850/2850
f 2850/2850 2848/2848 2851/2851
f 2848/2848 3393/3393 2851/2851
f 2848/2848 3386/3386 3393/3393
f 3393/3393 3386/3386 2721/2721
f 2721/2721 3386/3386 3383/3383
f 3386/3386 3385/3385 3383/3383
f 3385/3385 3387/3387 3384/3384
f 3385/3385 3384/3384 3383/3383
f 3384/3384 3387/3387 2714/2714
f 3387/3387 3388/3388 2714/2714
f 3388/3388 3389/3389 2714/2714
f 2714/2714 3389/3389 2717/2717
f 3389/3389 3399/3399 2717/2717
f 2717/2717 3399/3399 2776/2776
f 3399/3399 3398/3398 2776/2776
f 2776/2776 3398/3398 2773/2773
f 3398/3398 2698/2698 2774/2774
f 3398/3398 2774/2774 2773/2773
f 2698/2698 2779/2779 2774/2774
f 2698/2698 2697/2697 2779/2779
f 929/929 930/930 931/931
f 930/930 945/945 931/931
f 4339/4339 3736/3736 3732/3732
f 3736/3736 3116/3116 3732/3732
f 3116/3116 3117/3117 3118/3118
f 3117/3117 3124/3124 3118/3118
f 3117/3117 3101/3101 3124/3124
f 3085/3085 2928/2928 3086/3086
f 3085/3085 3086/3086 3087/3087
f 2928/2928 2910/2910 3086/3086
f 2908/2908 2906/2906 2913/2913
f 2906/2906 2918/2918 2913/2913
f 2913/2913 2918/2918 2922/2922
f 2918/2918 3255/3255 2922/2922
f 3255/3255 3256/3256 3257/3257
f 3256/3256 3281/3281 3280/3280
f 3256/3256 3280/3280 3257/3257
f 3281/3281 3279/3279 3280/3280
f 3279/3279 3297/3297 3298/3298
f 3298/3298 3297/3297 3299/3299
f 3297/3297 3312/3312 3299/3299
f 3312/3312 3311/3311 3313/3313
f 3311/3311 3371/3371 3313/3313
f 3371/3371 3380/3380 3372/3372
f 3372/3372 3380/3380 2853/2853
f 3380/3380 2854/2854 2853/2853
f 2779/2779 2780/2780 2774/2774
f 2779/2779 2782/2782 2780/2780
f 2782/2782 2299/2299 2783/2783
f 2782/2782 2783/2783 2780/2780
f 2299/2299 2305/2305 2783/2783
f 2783/2783 2305/2305 2784/2784
f 2305/2305 2696/2696 2784/2784
f 2784/2784 2696/2696 2791/2791
f 2696/2696 2311/2311 2792/2792
f 2696/2696 2792/2792 2791/2791
f 2311/2311 2313/2313 2792/2792
f 2313/2313 2695/2695 3400/3400
f 2313/2313 3400/3400 2792/2792
f 2695/2695 3401/3401 3400/3400
f 3401/3401 2693/2693 2691/2691
f 2693/2693 2694/2694 2691/2691
f 2694/2694 2689/2689 2690/2690
f 2694/2694 2690/2690 2691/2691
f 2689/2689 2627/2627 2629/2629
f 2689/2689 2629/2629 2690/2690
f 2627/2627 2628/2628 2629/2629
f 2628/2628 2630/2630 2629/2629
f 2643/2643 2646/2646 2647/2647
f 2646/2646 2648/2648 2647/2647
f 2647/2647 2648/2648 2649/2649
f 2648/2648 2615/2615 2650/2650
f 2648/2648 2650/2650 2649/2649
f 2615/2615 2654/2654 2650/2650
f 2650/2650 2654/2654 2655/2655
f 2654/2654 2613/2613 2655/2655
f 2655/2655 2613/2613 2657/2657
f 2613/2613 2665/2665 2657/2657
f 2665/2665 2667/2667 2662/2662
f 2665/2665 2662/2662 2657/2657
f 2667/2667 2664/2664 2662/2662
f 3431/3431 2599/2599 2601/2601
f 2599/2599 2600/2600 2601/2601
f 2599/2599 2590/2590 2600/2600
f 2600/2600 2590/2590 2598/2598
f 2590/2590 2595/2595 2598/2598
f 2595/2595 2592/2592 2594/2594
f 2592/2592 2593/2593 2594/2594
f 2485/2485 2489/2489 2488/2488
f 2489/2489 2490/2490 2488/2488
f 2490/2490 2491/2491 2488/2488
f 2501/2501 2500/2500 2499/2499
f 2501/2501 2504/2504 2500/2500
f 2504/2504 2568/2568 2500/2500
f 2504/2504 2506/2506 2568/2568
f 2506/2506 2507/2507 2508/2508
f 2507/2507 3473/3473 2508/2508
f 3473/3473 3535/3535 3536/3536
f 3535/3535 3639/3639 3536/3536
f 3536/3536 3639/3639 3777/3777
f 3639/3639 4135/4135 3777/3777
f 2854/2854 2850/2850 2853/2853
f 2853/2853 2850/2850 2852/2852
f 2850/2850 2851/2851 2725/2725
f 2850/2850 2725/2725 2852/2852
f 2851/2851 3393/3393 2724/2724
f 2851/2851 2724/2724 2725/2725
f 3393/3393 2721/2721 2724/2724
f 2724/2724 2721/2721 2723/2723
f 2721/2721 3383/3383 2722/2722
f 2721/2721 2722/2722 2723/2723
f 3383/3383 2713/2713 2722/2722
f 3383/3383 3384/3384 2713/2713
f 3384/3384 2714/2714 2713/2713
f 2713/2713 2714/2714 2715/2715
f 2715/2715 2714/2714 2716/2716
f 2714/2714 2717/2717 2716/2716
f 2717/2717 2776/2776 2716/2716
f 2716/2716 2776/2776 2760/2760
f 2776/2776 2773/2773 2760/2760
f 2760/2760 2773/2773 2759/2759
f 2759/2759 2773/2773 2758/2758
f 2773/2773 2774/2774 2775/2775
f 2773/2773 2775/2775 2758/2758
f 929/929 931/931 932/932
f 932/932 931/931 933/933
f 4783/4783 4776/4776 4777/4777
f 4788/4788 4775/4775 4776/4776
f 4780/4780 4950/4950 5061/5061
f 4339/4339 3732/3732 4322/4322
f 4322/4322 3732/3732 3733/3733
f 3732/3732 3116/3116 3119/3119
f 3732/3732 3119/3119 3733/3733
f 3116/3116 3118/3118 3119/3119
f 3124/3124 3101/3101 3090/3090
f 3101/3101 3085/3085 3090/3090
f 3085/3085 3087/3087 3090/3090
f 2910/2910 2908/2908 2911/2911
f 2908/2908 2913/2913 2911/2911
f 2922/2922 3255/3255 3259/3259
f 3255/3255 3257/3257 3258/3258
f 3255/3255 3258/3258 3259/3259
f 3257/3257 3280/3280 3258/3258
f 3258/3258 3280/3280 3278/3278
f 3280/3280 3279/3279 3278/3278
f 3278/3278 3279/3279 3277/3277
f 3279/3279 3298/3298 3277/3277
f 3298/3298 3299/3299 3300/3300
f 3312/3312 3313/3313 3314/3314
f 3312/3312 3314/3314 3299/3299
f 3313/3313 3371/3371 3370/3370
f 3313/3313 3370/3370 3314/3314
f 3371/3371 3372/3372 3370/3370
f 3370/3370 3372/3372 3373/3373
f 3372/3372 2853/2853 3373/3373
f 3373/3373 2853/2853 3374/3374
f 2853/2853 3376/3376 3374/3374
f 2853/2853 2852/2852 3378/3378
f 2853/2853 3378/3378 3376/3376
f 2743/2743 2723/2723 2746/2746
f 2723/2723 2722/2722 2746/2746
f 2746/2746 2722/2722 3382/3382
f 2757/2757 2775/2775 2777/2777
f 2775/2775 2774/2774 2777/2777
f 2774/2774 2780/2780 2778/2778
f 2774/2774 2778/2778 2777/2777
f 2780/2780 2783/2783 2781/2781
f 2780/2780 2781/2781 2778/2778
f 2783/2783 2784/2784 2785/2785
f 2783/2783 2785/2785 2781/2781
f 2784/2784 2791/2791 2785/2785
f 2792/2792 3400/3400 3402/3402
f 3402/3402 3400/3400 2797/2797
f 3400/3400 3401/3401 2797/2797
f 3401/3401 2691/2691 2797/2797
f 2797/2797 2691/2691 2692/2692
f 2691/2691 2690/2690 2692/2692
f 2629/2629 2630/2630 2631/2631
f 2630/2630 2636/2636 2631/2631
f 2631/2631 2636/2636 2638/2638
f 2636/2636 2635/2635 2638/2638
f 2635/2635 2637/2637 2638/2638
f 2635/2635 2643/2643 2637/2637
f 2643/2643 2647/2647 2644/2644
f 2650/2650 2655/2655 2652/2652
f 2652/2652 2655/2655 2656/2656
f 2655/2655 2657/2657 2656/2656
f 2660/2660 2657/2657 2661/2661
f 2657/2657 2662/2662 2661/2661
f 2662/2662 2664/2664 2663/2663
f 2662/2662 2663/2663 2661/2661
f 2664/2664 2684/2684 2663/2663
f 2684/2684 2675/2675 2680/2680
f 2675/2675 2677/2677 2680/2680
f 2680/2680 2677/2677 2681/2681
f 2677/2677 2678/2678 2679/2679
f 2677/2677 2679/2679 2681/2681
f 2678/2678 3431/3431 3432/3432
f 2678/2678 3432/3432 2679/2679
f 3431/3431 2601/2601 3432/3432
f 2601/2601 2600/2600 3435/3435
f 2600/2600 2598/2598 3435/3435
f 2598/2598 2595/2595 2597/2597
f 2595/2595 2594/2594 2596/2596
f 2595/2595 2596/2596 2597/2597
f 2594/2594 2593/2593 2596/2596
f 2593/2593 2573/2573 2575/2575
f 2593/2593 2575/2575 2596/2596
f 2573/2573 2574/2574 2575/2575
f 2575/2575 2574/2574 2571/2571
f 2574/2574 2486/2486 2571/2571
f 2571/2571 2486/2486 2487/2487
f 2486/2486 2485/2485 2487/2487
f 2485/2485 2488/2488 2487/2487
f 2487/2487 2488/2488 2492/2492
f 2488/2488 2491/2491 2492/2492
f 2491/2491 2494/2494 2495/2495
f 2494/2494 2499/2499 2495/2495
f 2499/2499 2498/2498 2495/2495
f 2499/2499 2500/2500 2498/2498
f 2500/2500 2568/2568 3464/3464
f 2500/2500 3464/3464 3463/3463
f 2568/2568 2506/2506 3464/3464
f 3464/3464 2506/2506 3467/3467
f 2506/2506 2508/2508 3467/3467
f 2508/2508 3473/3473 3469/3469
f 3473/3473 3536/3536 3469/3469
f 3469/3469 3536/3536 3640/3640
f 3536/3536 3777/3777 3640/3640
f 3640/3640 3777/3777 3814/3814
f 3777/3777 4135/4135 4149/4149
f 3777/3777 4149/4149 3814/3814
f 2722/2722 2713/2713 2718/2718
f 2713/2713 2715/2715 2718/2718
f 2718/2718 2715/2715 2719/2719
f 2715/2715 2716/2716 2719/2719
f 2719/2719 2716/2716 2750/2750
f 2716/2716 2760/2760 2750/2750
f 2750/2750 2760/2760 2752/2752
f 2760/2760 2759/2759 2752/2752
f 2752/2752 2759/2759 2755/2755
f 2759/2759 2758/2758 2755/2755
f 932/932 933/933 934/934
f 934/934 933/933 935/935
f 6557/6557 7179/7179 7542/7542
f 7542/7542 7179/7179 5049/5049
f 7179/7179 4785/4785 5049/5049
f 4322/4322 3733/3733 4312/4312
f 4312/4312 3733/3733 3734/3734
f 3733/3733 3119/3119 3734/3734
f 3119/3119 3118/3118 3120/3120
f 3118/3118 3124/3124 3120/3120
f 3120/3120 3124/3124 3125/3125
f 3124/3124 3090/3090 3125/3125
f 3090/3090 3087/3087 3089/3089
f 3087/3087 3086/3086 3088/3088
f 3087/3087 3088/3088 3089/3089
f 3086/3086 2910/2910 3088/3088
f 2911/2911 2913/2913 2921/2921
f 2913/2913 2922/2922 2921/2921
f 2921/2921 2922/2922 2923/2923
f 2922/2922 3259/3259 2923/2923
f 2923/2923 3259/3259 3260/3260
f 3259/3259 3258/3258 3291/3291
f 3259/3259 3291/3291 3260/3260
f 3258/3258 3278/3278 3291/3291
f 3277/3277 3298/3298 3301/3301
f 3298/3298 3300/3300 3301/3301
f 3299/3299 3314/3314 2824/2824
f 3299/3299 2824/2824 3300/3300
f 3314/3314 3370/3370 2823/2823
f 3314/3314 2823/2823 2824/2824
f 3370/3370 3373/3373 3369/3369
f 3370/3370 3369/3369 2823/2823
f 3369/3369 3373/3373 3375/3375
f 3373/3373 3374/3374 3375/3375
f 3374/3374 3376/3376 3375/3375
f 2743/2743 2746/2746 2744/2744
f 2722/2722 2748/2748 3382/3382
f 2748/2748 2718/2718 2720/2720
f 2750/2750 2752/2752 2751/2751
f 2752/2752 2755/2755 2754/2754
f 2755/2755 2757/2757 2756/2756
f 2755/2755 2756/2756 2754/2754
f 2757/2757 2777/2777 2766/2766
f 2757/2757 2766/2766 2756/2756
f 2766/2766 2777/2777 3359/3359
f 2777/2777 2778/2778 2769/2769
f 2777/2777 2769/2769 3359/3359
f 2778/2778 2781/2781 2769/2769
f 2769/2769 2781/2781 2772/2772
f 2781/2781 2785/2785 2772/2772
f 2772/2772 2785/2785 2786/2786
f 2785/2785 2791/2791 2787/2787
f 2785/2785 2787/2787 2786/2786
f 2791/2791 2792/2792 2793/2793
f 2791/2791 2793/2793 2787/2787
f 2792/2792 3402/3402 2796/2796
f 2792/2792 2796/2796 2793/2793
f 3402/3402 2797/2797 2796/2796
f 2796/2796 2797/2797 2798/2798
f 2798/2798 2797/2797 2799/2799
f 2797/2797 2692/2692 2800/2800
f 2797/2797 2800/2800 2799/2799
f 2692/2692 2802/2802 2800/2800
f 2692/2692 2690/2690 2802/2802
f 2690/2690 2629/2629 2803/2803
f 2690/2690 2803/2803 2802/2802
f 2803/2803 2629/2629 2688/2688
f 2629/2629 2631/2631 2688/2688
f 2631/2631 2638/2638 2688/2688
f 2638/2638 2639/2639 2688/2688
f 2638/2638 2637/2637 2639/2639
f 2637/2637 2640/2640 2639/2639
f 2637/2637 2643/2643 2640/2640
f 2643/2643 2644/2644 2640/2640
f 2647/2647 2649/2649 2644/2644
f 2644/2644 2649/2649 2687/2687
f 2649/2649 2650/2650 2651/2651
f 2649/2649 2651/2651 2687/2687
f 2650/2650 2652/2652 2651/2651
f 2656/2656 2657/2657 2658/2658
f 2657/2657 2660/2660 2658/2658
f 2660/2660 2661/2661 2685/2685
f 2661/2661 2663/2663 2685/2685
f 2663/2663 2684/2684 2683/2683
f 2684/2684 2680/2680 2683/2683
f 2683/2683 2680/2680 2682/2682
f 2680/2680 2681/2681 2682/2682
f 2681/2681 2679/2679 3427/3427
f 2679/2679 3432/3432 3428/3428
f 2679/2679 3428/3428 3427/3427
f 3432/3432 3434/3434 3428/3428
f 3432/3432 2601/2601 3433/3433
f 3432/3432 3433/3433 3434/3434
f 2601/2601 3435/3435 3433/3433
f 3433/3433 3435/3435 3436/3436
f 3435/3435 2598/2598 3437/3437
f 3435/3435 3437/3437 3436/3436
f 2598/2598 2597/2597 3438/3438
f 2598/2598 3438/3438 3437/3437
f 2597/2597 2596/2596 3438/3438
f 2596/2596 3441/3441 3438/3438
f 2596/2596 2575/2575 3441/3441
f 3441/3441 2575/2575 3444/3444
f 2575/2575 3445/3445 3444/3444
f 2575/2575 2571/2571 3445/3445
f 3445/3445 2571/2571 2572/2572
f 2571/2571 2487/2487 2572/2572
f 2572/2572 2487/2487 3449/3449
f 2487/2487 2492/2492 3452/3452
f 2487/2487 3452/3452 3449/3449
f 3452/3452 2492/2492 3453/3453
f 2492/2492 2491/2491 2497/2497
f 2492/2492 2497/2497 3453/3453
f 2491/2491 2495/2495 2496/2496
f 2491/2491 2496/2496 2497/2497
f 2495/2495 2498/2498 2496/2496
f 2498/2498 2500/2500 2569/2569
f 2500/2500 3463/3463 2569/2569
f 3463/3463 3464/3464 3465/3465
f 3464/3464 3467/3467 3465/3465
f 3467/3467 2508/2508 3468/3468
f 2508/2508 3469/3469 3468/3468
f 3468/3468 3469/3469 3470/3470
f 3469/3469 3640/3640 3470/3470
f 3470/3470 3640/3640 3809/3809
f 3640/3640 3814/3814 3813/3813
f 3640/3640 3813/3813 3809/3809
f 3814/3814 4149/4149 4250/4250
f 3814/3814 4250/4250 3813/3813
f 934/934 935/935 936/936
f 4312/4312 3734/3734 3737/3737
f 4312/4312 3737/3737 4315/4315
f 3734/3734 3119/3119 3121/3121
f 3734/3734 3121/3121 3737/3737
f 3119/3119 3120/3120 3121/3121
f 3120/3120 3125/3125 3497/3497
f 3125/3125 3090/3090 3497/3497
f 3497/3497 3090/3090 3092/3092
f 3090/3090 3089/3089 3091/3091
f 3090/3090 3091/3091 3092/3092
f 3089/3089 3088/3088 3091/3091
f 3088/3088 2910/2910 2927/2927
f 2910/2910 2911/2911 2927/2927
f 2927/2927 2911/2911 2924/2924
f 2911/2911 2921/2921 2925/2925
f 2911/2911 2925/2925 2924/2924
f 2921/2921 2923/2923 2925/2925
f 3291/3291 3278/3278 3276/3276
f 3278/3278 3277/3277 3276/3276
f 3277/3277 3301/3301 3302/3302
f 3301/3301 3300/3300 3302/3302
f 3302/3302 3300/3300 3309/3309
f 3300/3300 2824/2824 3309/3309
f 3309/3309 2824/2824 2822/2822
f 2824/2824 2823/2823 2822/2822
f 2823/2823 3369/3369 3367/3367
f 3369/3369 3375/3375 3366/3366
f 3369/3369 3366/3366 3367/3367
f 3375/3375 3376/3376 3365/3365
f 3375/3375 3365/3365 3366/3366
f 3376/3376 3378/3378 3377/3377
f 3376/3376 3377/3377 3365/3365
f 3378/3378 2726/2726 3377/3377
f 2746/2746 3382/3382 2747/2747
f 2746/2746 2747/2747 2744/2744
f 3382/3382 2748/2748 2747/2747
f 2748/2748 2720/2720 2749/2749
f 2748/2748 2749/2749 2747/2747
f 2720/2720 2719/2719 2749/2749
f 2719/2719 2750/2750 2749/2749
f 2749/2749 2750/2750 2751/2751
f 2751/2751 2752/2752 2753/2753
f 2752/2752 2754/2754 2753/2753
f 2754/2754 2756/2756 2753/2753
f 3359/3359 2769/2769 2767/2767
f 2769/2769 2770/2770 2767/2767
f 2769/2769 2772/2772 2770/2770
f 2770/2770 2772/2772 3358/3358
f 2772/2772 2786/2786 3356/3356
f 2772/2772 3356/3356 3358/3358
f 3356/3356 2786/2786 2788/2788
f 2786/2786 2787/2787 2788/2788
f 2800/2800 2802/2802 2801/2801
f 2801/2801 2802/2802 2803/2803
f 2688/2688 2804/2804 2803/2803
f 2688/2688 2642/2642 2804/2804
f 2688/2688 2639/2639 2642/2642
f 2639/2639 2641/2641 2642/2642
f 2639/2639 2640/2640 2641/2641
f 2640/2640 2644/2644 2645/2645
f 2644/2644 2687/2687 2645/2645
f 2687/2687 2651/2651 2653/2653
f 2651/2651 2652/2652 2653/2653
f 2652/2652 2656/2656 2653/2653
f 2653/2653 2656/2656 2659/2659
f 2656/2656 2658/2658 2659/2659
f 2659/2659 2658/2658 2686/2686
f 2658/2658 2660/2660 2686/2686
f 2686/2686 2660/2660 3415/3415
f 2660/2660 2685/2685 3415/3415
f 3415/3415 2685/2685 3417/3417
f 3417/3417 2685/2685 3419/3419
f 2685/2685 2663/2663 3421/3421
f 2685/2685 3421/3421 3419/3419
f 2663/2663 2683/2683 3423/3423
f 2663/2663 3423/3423 3421/3421
f 2683/2683 2682/2682 3424/3424
f 2683/2683 3424/3424 3423/3423
f 2682/2682 3425/3425 3424/3424
f 2682/2682 2681/2681 3426/3426
f 2682/2682 3426/3426 3425/3425
f 2681/2681 3427/3427 3426/3426
f 3426/3426 3427/3427 3652/3652
f 3427/3427 3428/3428 3692/3692
f 3427/3427 3692/3692 3652/3652
f 3428/3428 3434/3434 3681/3681
f 3428/3428 3681/3681 3692/3692
f 3434/3434 3433/3433 3681/3681
f 3681/3681 3433/3433 3680/3680
f 3433/3433 3436/3436 3680/3680
f 3680/3680 3436/3436 3679/3679
f 3679/3679 3436/3436 3678/3678
f 3436/3436 3437/3437 3678/3678
f 3678/3678 3437/3437 3677/3677
f 3437/3437 3438/3438 3439/3439
f 3437/3437 3439/3439 3677/3677
f 3438/3438 3440/3440 3439/3439
f 3438/3438 3441/3441 3440/3440
f 3440/3440 3441/3441 3442/3442
f 3441/3441 3444/3444 3443/3443
f 3441/3441 3443/3443 3442/3442
f 3444/3444 3445/3445 3443/3443
f 3443/3443 3445/3445 3446/3446
f 3445/3445 2572/2572 3446/3446
f 3446/3446 2572/2572 3447/3447
f 2572/2572 3449/3449 3448/3448
f 2572/2572 3448/3448 3447/3447
f 3449/3449 3450/3450 3448/3448
f 3449/3449 3452/3452 3451/3451
f 3449/3449 3451/3451 3450/3450
f 3452/3452 3453/3453 3451/3451
f 3451/3451 3453/3453 3454/3454
f 3453/3453 2497/2497 3454/3454
f 3454/3454 2497/2497 3455/3455
f 2497/2497 2496/2496 2570/2570
f 2497/2497 2570/2570 3455/3455
f 2496/2496 2498/2498 2570/2570
f 2570/2570 2498/2498 3459/3459
f 2498/2498 2569/2569 3459/3459
f 2569/2569 3463/3463 3462/3462
f 2569/2569 3462/3462 3459/3459
f 3463/3463 3465/3465 3462/3462
f 3465/3465 3467/3467 3472/3472
f 3467/3467 3468/3468 3472/3472
f 3468/3468 3470/3470 3471/3471
f 3468/3468 3471/3471 3472/3472
f 3470/3470 3809/3809 3810/3810
f 3470/3470 3810/3810 3471/3471
f 3809/3809 3813/3813 3811/3811
f 3809/3809 3811/3811 3810/3810
f 3813/3813 4250/4250 4300/4300
f 3813/3813 4300/4300 3811/3811
f 934/934 936/936 937/937
f 937/937 936/936 938/938
f 4315/4315 3737/3737 4302/4302
f 4302/4302 3737/3737 3994/3994
f 3737/3737 3121/3121 3994/3994
f 3994/3994 3121/3121 3123/3123
f 3121/3121 3120/3120 3122/3122
f 3121/3121 3122/3122 3123/3123
f 3120/3120 3497/3497 3122/3122
f 3497/3497 3092/3092 3094/3094
f 3092/3092 3091/3091 3093/3093
f 3092/3092 3093/3093 3094/3094
f 3093/3093 3091/3091 3097/3097
f 3091/3091 3088/3088 3100/3100
f 3091/3091 3100/3100 3097/3097
f 3088/3088 2927/2927 3100/3100
f 2927/2927 2924/2924 3100/3100
f 2925/2925 2923/2923 3254/3254
f 2923/2923 3260/3260 3261/3261
f 2923/2923 3261/3261 3254/3254
f 3260/3260 3291/3291 3261/3261
f 3261/3261 3291/3291 3290/3290
f 3291/3291 3276/3276 3290/3290
f 3276/3276 3277/3277 3275/3275
f 3277/3277 3302/3302 3275/3275
f 3302/3302 3309/3309 3308/3308
f 3309/3309 2822/2822 3308/3308
f 3308/3308 2822/2822 2821/2821
f 2822/2822 2823/2823 2821/2821
f 2821/2821 2823/2823 3368/3368
f 2823/2823 3367/3367 3368/3368
f 3368/3368 3367/3367 3364/3364
f 3367/3367 3366/3366 3364/3364
f 3366/3366 3365/3365 3364/3364
f 3377/3377 2726/2726 3360/3360
f 2726/2726 2743/2743 2745/2745
f 2726/2726 2745/2745 3360/3360
f 2743/2743 2744/2744 2745/2745
f 2745/2745 2744/2744 2742/2742
f 2744/2744 2747/2747 2742/2742
f 2747/2747 2749/2749 2738/2738
f 2747/2747 2738/2738 2742/2742
f 2749/2749 2751/2751 2738/2738
f 2738/2738 2751/2751 2739/2739
f 2751/2751 2753/2753 2739/2739
f 2753/2753 2761/2761 2739/2739
f 2753/2753 2756/2756 2761/2761
f 2756/2756 2766/2766 2765/2765
f 2756/2756 2765/2765 2761/2761
f 2766/2766 3359/3359 2765/2765
f 3359/3359 2767/2767 2765/2765
f 2770/2770 3358/3358 2809/2809
f 3358/3358 3357/3357 2809/2809
f 3358/3358 3356/3356 3357/3357
f 3357/3357 3356/3356 2808/2808
f 3356/3356 2788/2788 2808/2808
f 2793/2793 2796/2796 2794/2794
f 2793/2793 2794/2794 2787/2787
f 2796/2796 2798/2798 2794/2794
f 2798/2798 2799/2799 2806/2806
f 2798/2798 2806/2806 2794/2794
f 2799/2799 2800/2800 2806/2806
f 2800/2800 2801/2801 2806/2806
f 2806/2806 2801/2801 3354/3354
f 2801/2801 2803/2803 3355/3355
f 2801/2801 3355/3355 3354/3354
f 2803/2803 2805/2805 3355/3355
f 2803/2803 2804/2804 2805/2805
f 2805/2805 2804/2804 3404/3404
f 3404/3404 2804/2804 3403/3403
f 2804/2804 2642/2642 3403/3403
f 3403/3403 2642/2642 3406/3406
f 2642/2642 2641/2641 3406/3406
f 3406/3406 2641/2641 3407/3407
f 2641/2641 2640/2640 3407/3407
f 3407/3407 2640/2640 3408/3408
f 2640/2640 2645/2645 3408/3408
f 3408/3408 2645/2645 3409/3409
f 2645/2645 2687/2687 3409/3409
f 3409/3409 2687/2687 3410/3410
f 2687/2687 2653/2653 3411/3411
f 2687/2687 3411/3411 3410/3410
f 2653/2653 3412/3412 3411/3411
f 2653/2653 2659/2659 3412/3412
f 3412/3412 2659/2659 3413/3413
f 2659/2659 2686/2686 3414/3414
f 2659/2659 3414/3414 3413/3413
f 2686/2686 3415/3415 3414/3414
f 3414/3414 3415/3415 3416/3416
f 3415/3415 3417/3417 3416/3416
f 3416/3416 3417/3417 3418/3418
f 3417/3417 3419/3419 3418/3418
f 3418/3418 3419/3419 3420/3420
f 3419/3419 3421/3421 3420/3420
f 3420/3420 3421/3421 3422/3422
f 3421/3421 3423/3423 3422/3422
f 3422/3422 3423/3423 3524/3524
f 3423/3423 3424/3424 3525/3525
f 3423/3423 3525/3525 3524/3524
f 3424/3424 3425/3425 3526/3526
f 3424/3424 3526/3526 3525/3525
f 3425/3425 3426/3426 3726/3726
f 3425/3425 3726/3726 3526/3526
f 3426/3426 3652/3652 3805/3805
f 3426/3426 3805/3805 3726/3726
f 3652/3652 3692/3692 3805/3805
f 3805/3805 3692/3692 3943/3943
f 3692/3692 3681/3681 3942/3942
f 3692/3692 3942/3942 3943/3943
f 3681/3681 3680/3680 3878/3878
f 3681/3681 3878/3878 3942/3942
f 3680/3680 3679/3679 3878/3878
f 3878/3878 3679/3679 3803/3803
f 3679/3679 3678/3678 3803/3803
f 3803/3803 3678/3678 3804/3804
f 3678/3678 3677/3677 3804/3804
f 3804/3804 3677/3677 3802/3802
f 3677/3677 3439/3439 3802/3802
f 3802/3802 3439/3439 3801/3801
f 3439/3439 3440/3440 3762/3762
f 3439/3439 3762/3762 3801/3801
f 3440/3440 3442/3442 3761/3761
f 3440/3440 3761/3761 3762/3762
f 3442/3442 3443/3443 3764/3764
f 3442/3442 3764/3764 3761/3761
f 3443/3443 3446/3446 3763/3763
f 3443/3443 3763/3763 3764/3764
f 3446/3446 3447/3447 3763/3763
f 3763/3763 3447/3447 3765/3765
f 3765/3765 3447/3447 3781/3781
f 3447/3447 3448/3448 3781/3781
f 3781/3781 3448/3448 3780/3780
f 3448/3448 3450/3450 3780/3780
f 3780/3780 3450/3450 3653/3653
f 3450/3450 3451/3451 3653/3653
f 3451/3451 3454/3454 3653/3653
f 3653/3653 3454/3454 3457/3457
f 3454/3454 3455/3455 3457/3457
f 3457/3457 3455/3455 3456/3456
f 3455/3455 2570/2570 3456/3456
f 3456/3456 2570/2570 3458/3458
f 2570/2570 3459/3459 3458/3458
f 3458/3458 3459/3459 3460/3460
f 3459/3459 3462/3462 3461/3461
f 3459/3459 3461/3461 3460/3460
f 3462/3462 3465/3465 3461/3461
f 3461/3461 3465/3465 3466/3466
f 3465/3465 3472/3472 3466/3466
f 3466/3466 3472/3472 3520/3520
f 3472/3472 3471/3471 3520/3520
f 3520/3520 3471/3471 3521/3521
f 3471/3471 3810/3810 3944/3944
f 3471/3471 3944/3944 3521/3521
f 3810/3810 3811/3811 3812/3812
f 3810/3810 3812/3812 3944/3944
f 3811/3811 4300/4300 4316/4316
f 3811/3811 4316/4316 3812/3812
f 6424/6424 6430/6430 6427/6427
f 6427/6427 6430/6430 6814/6814
f 7003/7003 6427/6427 6814/6814
f 1123/1123 1125/1125 1117/1117
f 3994/3994 3123/3123 3995/3995
f 3995/3995 3123/3123 3760/3760
f 1117/1117 1125/1125 1118/1118
f 4288/4288 3995/3995 3760/3760
f 3123/3123 3122/3122 3760/3760
f 3760/3760 3122/3122 3638/3638
f 3122/3122 3497/3497 3638/3638
f 3638/3638 3497/3497 3608/3608
f 3497/3497 3094/3094 3608/3608
f 3608/3608 3094/3094 3577/3577
f 3094/3094 3093/3093 3095/3095
f 3094/3094 3095/3095 3577/3577
f 3093/3093 3097/3097 3096/3096
f 3093/3093 3096/3096 3095/3095
f 3097/3097 3100/3100 3098/3098
f 3097/3097 3098/3098 3096/3096
f 3098/3098 3100/3100 3248/3248
f 3100/3100 2924/2924 3248/3248
f 2924/2924 2925/2925 2926/2926
f 2924/2924 2926/2926 3248/3248
f 2925/2925 3254/3254 2926/2926
f 3254/3254 3261/3261 3262/3262
f 3261/3261 3290/3290 3262/3262
f 3290/3290 3276/3276 3266/3266
f 3290/3290 3266/3266 3262/3262
f 3276/3276 3275/3275 3266/3266
f 3275/3275 3302/3302 3303/3303
f 3302/3302 3308/3308 3303/3303
f 3303/3303 3308/3308 3307/3307
f 3307/3307 3308/3308 2819/2819
f 3308/3308 2821/2821 2819/2819
f 2821/2821 2816/2816 2819/2819
f 2821/2821 3368/3368 2816/2816
f 3368/3368 3364/3364 2816/2816
f 2816/2816 3364/3364 3363/3363
f 3363/3363 3364/3364 3362/3362
f 3364/3364 3365/3365 3362/3362
f 3365/3365 3361/3361 3362/3362
f 3365/3365 3377/3377 3361/3361
f 3377/3377 3360/3360 3361/3361
f 2745/2745 2742/2742 2730/2730
f 2742/2742 2731/2731 2730/2730
f 2742/2742 2738/2738 2731/2731
f 2731/2731 2738/2738 2734/2734
f 2738/2738 2737/2737 2734/2734
f 2738/2738 2739/2739 2737/2737
f 2737/2737 2739/2739 2740/2740
f 2739/2739 2761/2761 2740/2740
f 2740/2740 2761/2761 2762/2762
f 2761/2761 2765/2765 2764/2764
f 2761/2761 2764/2764 2762/2762
f 2765/2765 2768/2768 2764/2764
f 2765/2765 2767/2767 2768/2768
f 2767/2767 2770/2770 2771/2771
f 2767/2767 2771/2771 2768/2768
f 2770/2770 2809/2809 2771/2771
f 3357/3357 2808/2808 2809/2809
f 2808/2808 2788/2788 2789/2789
f 2788/2788 2787/2787 2789/2789
f 2789/2789 2787/2787 2790/2790
f 2787/2787 2794/2794 2795/2795
f 2787/2787 2795/2795 2790/2790
f 2794/2794 2806/2806 2795/2795
f 2795/2795 2806/2806 3348/3348
f 2806/2806 3354/3354 3348/3348
f 3348/3348 3354/3354 3349/3349
f 3354/3354 3355/3355 3349/3349
f 3349/3349 3355/3355 3350/3350
f 3355/3355 2805/2805 3350/3350
f 2805/2805 3404/3404 3405/3405
f 2805/2805 3405/3405 3350/3350
f 3404/3404 3403/3403 3595/3595
f 3404/3404 3595/3595 3405/3405
f 3403/3403 3597/3597 3595/3595
f 3403/3403 3406/3406 3597/3597
f 3597/3597 3406/3406 3599/3599
f 3406/3406 3407/3407 3756/3756
f 3406/3406 3756/3756 3599/3599
f 3407/3407 3759/3759 3756/3756
f 3407/3407 3408/3408 3759/3759
f 3759/3759 3408/3408 3758/3758
f 3408/3408 3409/3409 3757/3757
f 3408/3408 3757/3757 3758/3758
f 3757/3757 3409/3409 3983/3983
f 3409/3409 3410/3410 3983/3983
f 3983/3983 3410/3410 4003/4003
f 3410/3410 3411/3411 4004/4004
f 3410/3410 4004/4004 4003/4003
f 3411/3411 3412/3412 4005/4005
f 3411/3411 4005/4005 4004/4004
f 4004/4004 4005/4005 4281/4281
f 4281/4281 4005/4005 4287/4287
f 3412/3412 3413/3413 4006/4006
f 3412/3412 4006/4006 4005/4005
f 4005/4005 4006/4006 4287/4287
f 4287/4287 4006/4006 4292/4292
f 3413/3413 3414/3414 4056/4056
f 3413/3413 4056/4056 4006/4006
f 4006/4006 4056/4056 4292/4292
f 4292/4292 4056/4056 4303/4303
f 3414/3414 3416/3416 4057/4057
f 3414/3414 4057/4057 4056/4056
f 4056/4056 4057/4057 4303/4303
f 3416/3416 3418/3418 4108/4108
f 3416/3416 4108/4108 4057/4057
f 4057/4057 4108/4108 4307/4307
f 4057/4057 4307/4307 4303/4303
f 3418/3418 3420/3420 4148/4148
f 3418/3418 4148/4148 4108/4108
f 4108/4108 4148/4148 4309/4309
f 4108/4108 4309/4309 4307/4307
f 3420/3420 3422/3422 4189/4189
f 3420/3420 4189/4189 4148/4148
f 4148/4148 4189/4189 4311/4311
f 4148/4148 4311/4311 4309/4309
f 3422/3422 3524/3524 4189/4189
f 4189/4189 3524/3524 4276/4276
f 4379/4379 4377/4377 4369/4369
f 4379/4379 4369/4369 4372/4372
f 3524/3524 3525/3525 4276/4276
f 4369/4369 4377/4377 4370/4370
f 3525/3525 3526/3526 4285/4285
f 3525/3525 4285/4285 4276/4276
f 4377/4377 4375/4375 4370/4370
f 4370/4370 4375/4375 4371/4371
f 3526/3526 3726/3726 4280/4280
f 3526/3526 4280/4280 4285/4285
f 4375/4375 4374/4374 4371/4371
f 4371/4371 4374/4374 4373/4373
f 3726/3726 3805/3805 4280/4280
f 4280/4280 3805/3805 4252/4252
f 4374/4374 4376/4376 4373/4373
f 4373/4373 4376/4376 4378/4378
f 3805/3805 3943/3943 4252/4252
f 4252/4252 3943/3943 4213/4213
f 4376/4376 4380/4380 4378/4378
f 3943/3943 3942/3942 4213/4213
f 4213/4213 3942/3942 4212/4212
f 4380/4380 4382/4382 4381/4381
f 4380/4380 4381/4381 4378/4378
f 3942/3942 3878/3878 4212/4212
f 4212/4212 3878/3878 4211/4211
f 4382/4382 4383/4383 4381/4381
f 4381/4381 4383/4383 4384/4384
f 3878/3878 3803/3803 4210/4210
f 3878/3878 4210/4210 4211/4211
f 4383/4383 4386/4386 4385/4385
f 4383/4383 4385/4385 4384/4384
f 3803/3803 3804/3804 4210/4210
f 4385/4385 4386/4386 4387/4387
f 3804/3804 3802/3802 4214/4214
f 3804/3804 4214/4214 4210/4210
f 4386/4386 4389/4389 4388/4388
f 4386/4386 4388/4388 4387/4387
f 3802/3802 3801/3801 4214/4214
f 4214/4214 3801/3801 4237/4237
f 4389/4389 4391/4391 4390/4390
f 4389/4389 4390/4390 4388/4388
f 3801/3801 3762/3762 4237/4237
f 4237/4237 3762/3762 4238/4238
f 4391/4391 4392/4392 4390/4390
f 4390/4390 4392/4392 4393/4393
f 3762/3762 3761/3761 4235/4235
f 3762/3762 4235/4235 4238/4238
f 4392/4392 4395/4395 4394/4394
f 4392/4392 4394/4394 4393/4393
f 3761/3761 3764/3764 4235/4235
f 4235/4235 3764/3764 4234/4234
f 4395/4395 4396/4396 4394/4394
f 4394/4394 4396/4396 4397/4397
f 3764/3764 3763/3763 4234/4234
f 4234/4234 3763/3763 4236/4236
f 4396/4396 4398/4398 4397/4397
f 4397/4397 4398/4398 4399/4399
f 3763/3763 3765/3765 4233/4233
f 3763/3763 4233/4233 4236/4236
f 4398/4398 4401/4401 4400/4400
f 4398/4398 4400/4400 4399/4399
f 3765/3765 3781/3781 4233/4233
f 4233/4233 3781/3781 4251/4251
f 4401/4401 4403/4403 4402/4402
f 4401/4401 4402/4402 4400/4400
f 3781/3781 3780/3780 4251/4251
f 4251/4251 3780/3780 4277/4277
f 4403/4403 4405/4405 4404/4404
f 4403/4403 4404/4404 4402/4402
f 3780/3780 3653/3653 4156/4156
f 3780/3780 4156/4156 4277/4277
f 4156/4156 3653/3653 4120/4120
f 3653/3653 3457/3457 4120/4120
f 4120/4120 3457/3457 4111/4111
f 3457/3457 3456/3456 4111/4111
f 4111/4111 3456/3456 4102/4102
f 3456/3456 3458/3458 4102/4102
f 4102/4102 3458/3458 4082/4082
f 3458/3458 3460/3460 4082/4082
f 4082/4082 3460/3460 4081/4081
f 4081/4081 3460/3460 4080/4080
f 3460/3460 3461/3461 4080/4080
f 4080/4080 3461/3461 4076/4076
f 3461/3461 3466/3466 4076/4076
f 4076/4076 3466/3466 4075/4075
f 3466/3466 3520/3520 4075/4075
f 4075/4075 3520/3520 4077/4077
f 3520/3520 4078/4078 4077/4077
f 3520/3520 3521/3521 4079/4079
f 3520/3520 4079/4079 4078/4078
f 3521/3521 3944/3944 4084/4084
f 3521/3521 4084/4084 4079/4079
f 3944/3944 3812/3812 4045/4045
f 3944/3944 4045/4045 4084/4084
f 3812/3812 4316/4316 4045/4045
f 4045/4045 4316/4316 4335/4335
f 1123/1123 1117/1117 1124/1124
f 1124/1124 1117/1117 1119/1119
f 1117/1117 1118/1118 1119/1119
f 1119/1119 1118/1118 1120/1120
f 4288/4288 3760/3760 4118/4118
f 4288/4288 4118/4118 4164/4164
f 3760/3760 3638/3638 4118/4118
f 4118/4118 3638/3638 4116/4116
f 3638/3638 3608/3608 4116/4116
f 4116/4116 3608/3608 4031/4031
f 3608/3608 3577/3577 4031/4031
f 4031/4031 3577/3577 3776/3776
f 3577/3577 3095/3095 3776/3776
f 3776/3776 3095/3095 3634/3634
f 3095/3095 3096/3096 3634/3634
f 3634/3634 3096/3096 3099/3099
f 3096/3096 3098/3098 3099/3099
f 3099/3099 3098/3098 3606/3606
f 3098/3098 3248/3248 3607/3607
f 3098/3098 3607/3607 3606/3606
f 3607/3607 3248/3248 3249/3249
f 3248/3248 2926/2926 3249/3249
f 2926/2926 3254/3254 3251/3251
f 3254/3254 3262/3262 3263/3263
f 3254/3254 3263/3263 3251/3251
f 3262/3262 3265/3265 3263/3263
f 3262/3262 3266/3266 3265/3265
f 3265/3265 3266/3266 3267/3267
f 3266/3266 3275/3275 3274/3274
f 3266/3266 3274/3274 3267/3267
f 3275/3275 3303/3303 3274/3274
f 3307/3307 2819/2819 2820/2820
f 2820/2820 2819/2819 2818/2818
f 2819/2819 2816/2816 2818/2818
f 3363/3363 3362/3362 2815/2815
f 3362/3362 3361/3361 2815/2815
f 2815/2815 3361/3361 2813/2813
f 3361/3361 3360/3360 2813/2813
f 2813/2813 3360/3360 2727/2727
f 3360/3360 2745/2745 2727/2727
f 2745/2745 2730/2730 2728/2728
f 2745/2745 2728/2728 2727/2727
f 2730/2730 2731/2731 2728/2728
f 2731/2731 2734/2734 2733/2733
f 2737/2737 2740/2740 2741/2741
f 2762/2762 2764/2764 2763/2763
f 2768/2768 2771/2771 3328/3328
f 3328/3328 2771/2771 3331/3331
f 3331/3331 2771/2771 3332/3332
f 2771/2771 2809/2809 3332/3332
f 3332/3332 2809/2809 2810/2810
f 2809/2809 2808/2808 2810/2810
f 2808/2808 2789/2789 3337/3337
f 2808/2808 3337/3337 2810/2810
f 2789/2789 2790/2790 2807/2807
f 2789/2789 2807/2807 3337/3337
f 2790/2790 3339/3339 2807/2807
f 2790/2790 2795/2795 3339/3339
f 2795/2795 3348/3348 3342/3342
f 2795/2795 3342/3342 3339/3339
f 3348/3348 3344/3344 3342/3342
f 3348/3348 3349/3349 3344/3344
f 3344/3344 3349/3349 3346/3346
f 3349/3349 3350/3350 3346/3346
f 3346/3346 3350/3350 3351/3351
f 3351/3351 3350/3350 3352/3352
f 3350/3350 3405/3405 3353/3353
f 3350/3350 3353/3353 3352/3352
f 3405/3405 3595/3595 3596/3596
f 3405/3405 3596/3596 3353/3353
f 3595/3595 3597/3597 3596/3596
f 3596/3596 3597/3597 3598/3598
f 3597/3597 3599/3599 3598/3598
f 3598/3598 3599/3599 3600/3600
f 3599/3599 3756/3756 3647/3647
f 3599/3599 3647/3647 3600/3600
f 3756/3756 3759/3759 3647/3647
f 3647/3647 3759/3759 4024/4024
f 3759/3759 3758/3758 4025/4025
f 3759/3759 4025/4025 4024/4024
f 3758/3758 3757/3757 4063/4063
f 3758/3758 4063/4063 4025/4025
f 3757/3757 3983/3983 4063/4063
f 4063/4063 3983/3983 4215/4215
f 3983/3983 4003/4003 4215/4215
f 4215/4215 4003/4003 4269/4269
f 4003/4003 4004/4004 4278/4278
f 4003/4003 4278/4278 4269/4269
f 4004/4004 4281/4281 4278/4278
f 4277/4277 4156/4156 4228/4228
f 4228/4228 4156/4156 4190/4190
f 4156/4156 4120/4120 4155/4155
f 4156/4156 4155/4155 4190/4190
f 4120/4120 4111/4111 4103/4103
f 4120/4120 4103/4103 4155/4155
f 4111/4111 4102/4102 4103/4103
f 4103/4103 4102/4102 4101/4101
f 4102/4102 4082/4082 4101/4101
f 4101/4101 4082/4082 4100/4100
f 4082/4082 4081/4081 4100/4100
f 4081/4081 4080/4080 4112/4112
f 4081/4081 4112/4112 4100/4100
f 4080/4080 4076/4076 4112/4112
f 4076/4076 4075/4075 4114/4114
f 4076/4076 4114/4114 4112/4112
f 4075/4075 4077/4077 4113/4113
f 4075/4075 4113/4113 4114/4114
f 4077/4077 4078/4078 4086/4086
f 4077/4077 4086/4086 4113/4113
f 4078/4078 4079/4079 4083/4083
f 4078/4078 4083/4083 4086/4086
f 4079/4079 4084/4084 4083/4083
f 4083/4083 4084/4084 4087/4087
f 4084/4084 4045/4045 4085/4085
f 4084/4084 4085/4085 4087/4087
f 4045/4045 4335/4335 4085/4085
f 4085/4085 4335/4335 4336/4336
f 4292/4292 4303/4303 4304/4304
f 4303/4303 4305/4305 4304/4304
f 4303/4303 4307/4307 4306/4306
f 4303/4303 4306/4306 4305/4305
f 4307/4307 4309/4309 4308/4308
f 4307/4307 4308/4308 4306/4306
f 4309/4309 4311/4311 4310/4310
f 4309/4309 4310/4310 4308/4308
f 4372/4372 4369/4369 4364/4364
f 4311/4311 4317/4317 4310/4310
f 4368/4368 4364/4364 4365/4365
f 4365/4365 4364/4364 4363/4363
f 4369/4369 4370/4370 4360/4360
f 4369/4369 4360/4360 4364/4364
f 4364/4364 4360/4360 4363/4363
f 4363/4363 4360/4360 4362/4362
f 4370/4370 4371/4371 4360/4360
f 4360/4360 4371/4371 4361/4361
f 4360/4360 4361/4361 4362/4362
f 4362/4362 4361/4361 4355/4355
f 4371/4371 4373/4373 4361/4361
f 4361/4361 4373/4373 4412/4412
f 4361/4361 4366/4366 4358/4358
f 4361/4361 4358/4358 4355/4355
f 4373/4373 4378/4378 4412/4412
f 4366/4366 4367/4367 4358/4358
f 4378/4378 4413/4413 4412/4412
f 4367/4367 4359/4359 4358/4358
f 4378/4378 4381/4381 4413/4413
f 4381/4381 4384/4384 4411/4411
f 4381/4381 4411/4411 4413/4413
f 4384/4384 4385/4385 4411/4411
f 4411/4411 4385/4385 4410/4410
f 4385/4385 4387/4387 4410/4410
f 4387/4387 4388/4388 4409/4409
f 4387/4387 4409/4409 4410/4410
f 4388/4388 4390/4390 4409/4409
f 4409/4409 4390/4390 4408/4408
f 4390/4390 4393/4393 4407/4407
f 4390/4390 4407/4407 4408/4408
f 4393/4393 4394/4394 4407/4407
f 4407/4407 4394/4394 4406/4406
f 4394/4394 4397/4397 4406/4406
f 4397/4397 4399/4399 4406/4406
f 6428/6428 6850/6850 6852/6852
f 1084/1084 1099/1099 1085/1085
f 6951/6951 6950/6950 6952/6952
f 1119/1119 1120/1120 1121/1121
f 1121/1121 1120/1120 1122/1122
f 536/536 557/557 534/534
f 4164/4164 4118/4118 4119/4119
f 4164/4164 4119/4119 4165/4165
f 4118/4118 4116/4116 4117/4117
f 4118/4118 4117/4117 4119/4119
f 4116/4116 4031/4031 4115/4115
f 4116/4116 4115/4115 4117/4117
f 4031/4031 3776/3776 4106/4106
f 4031/4031 4106/4106 4115/4115
f 3776/3776 3634/3634 4106/4106
f 3634/3634 3099/3099 4072/4072
f 3634/3634 4072/4072 4106/4106
f 3099/3099 3606/3606 4067/4067
f 3099/3099 4067/4067 4072/4072
f 3606/3606 3607/3607 4067/4067
f 4067/4067 3607/3607 4066/4066
f 3607/3607 3249/3249 1191/1191
f 3607/3607 1191/1191 4066/4066
f 3249/3249 2926/2926 3250/3250
f 3249/3249 3250/3250 1191/1191
f 2926/2926 3251/3251 3250/3250
f 3263/3263 3265/3265 3269/3269
f 3265/3265 3267/3267 3268/3268
f 3265/3265 3268/3268 3269/3269
f 3267/3267 3274/3274 3272/3272
f 3267/3267 3272/3272 3268/3268
f 3274/3274 3303/3303 3304/3304
f 3274/3274 3304/3304 3272/3272
f 3303/3303 3307/3307 3305/3305
f 3303/3303 3305/3305 3304/3304
f 3307/3307 2820/2820 3305/3305
f 2818/2818 2817/2817 2820/2820
f 2818/2818 2816/2816 2817/2817
f 2816/2816 3363/3363 2814/2814
f 2816/2816 2814/2814 2817/2817
f 3363/3363 2815/2815 2814/2814
f 2814/2814 2815/2815 2812/2812
f 2815/2815 2813/2813 2812/2812
f 2812/2812 2813/2813 2811/2811
f 2813/2813 2727/2727 2811/2811
f 2727/2727 2729/2729 2811/2811
f 2727/2727 2728/2728 2729/2729
f 2729/2729 2728/2728 2732/2732
f 2728/2728 2731/2731 2732/2732
f 2731/2731 2733/2733 2732/2732
f 2732/2732 2733/2733 2736/2736
f 2733/2733 2734/2734 2735/2735
f 2733/2733 2735/2735 2736/2736
f 2734/2734 2737/2737 2735/2735
f 2737/2737 2741/2741 2735/2735
f 2740/2740 2763/2763 2741/2741
f 2740/2740 2762/2762 2763/2763
f 2763/2763 2764/2764 3327/3327
f 2764/2764 2768/2768 3327/3327
f 3327/3327 2768/2768 3328/3328
f 2810/2810 3335/3335 3332/3332
f 2810/2810 3337/3337 3336/3336
f 2810/2810 3336/3336 3335/3335
f 3337/3337 2807/2807 3338/3338
f 3337/3337 3338/3338 3336/3336
f 2807/2807 3339/3339 3338/3338
f 3338/3338 3339/3339 3340/3340
f 3339/3339 3341/3341 3340/3340
f 3339/3339 3342/3342 3341/3341
f 3342/3342 3344/3344 3343/3343
f 3342/3342 3343/3343 3341/3341
f 3343/3343 3344/3344 3345/3345
f 3344/3344 3346/3346 3345/3345
f 3346/3346 3347/3347 3345/3345
f 3346/3346 3351/3351 3347/3347
f 3347/3347 3351/3351 3622/3622
f 3351/3351 3352/3352 3625/3625
f 3351/3351 3625/3625 3622/3622
f 3352/3352 3353/3353 3625/3625
f 3625/3625 3353/3353 3626/3626
f 3353/3353 3596/3596 3626/3626
f 3626/3626 3596/3596 4030/4030
f 3596/3596 3598/3598 4030/4030
f 4030/4030 3598/3598 4068/4068
f 3598/3598 3600/3600 1184/1184
f 3598/3598 1184/1184 4068/4068
f 3600/3600 3647/3647 4328/4328
f 3600/3600 4328/4328 1184/1184
f 3647/3647 4024/4024 4328/4328
f 583/583 600/600 580/580
f 600/600 598/598 580/580
f 580/580 598/598 576/576
f 598/598 599/599 576/576
f 599/599 601/601 575/575
f 599/599 575/575 576/576
f 601/601 597/597 575/575
f 597/597 596/596 575/575
f 575/575 596/596 572/572
f 596/596 593/593 572/572
f 572/572 593/593 569/569
f 593/593 567/567 569/569
f 557/557 533/533 534/534
f 534/534 533/533 483/483
f 533/533 494/494 483/483
f 483/483 494/494 484/484
f 494/494 506/506 487/487
f 494/494 487/487 484/484
f 506/506 540/540 504/504
f 506/506 504/504 487/487
f 495/495 496/496 492/492
f 495/495 492/492 491/491
f 496/496 497/497 492/492
f 1/1 2/2 3/3
f 4363/4363 4357/4357 4365/4365
f 4362/4362 4355/4355 4357/4357
f 4355/4355 4358/4358 4356/4356
f 4355/4355 4356/4356 4357/4357
f 4358/4358 4359/4359 4356/4356
f 4351/4351 4349/4349 4346/4346
f 4349/4349 4347/4347 4346/4346
f 4346/4346 4347/4347 4348/4348
f 1192/1192 1191/1191 1190/1190
f 1190/1190 1191/1191 1189/1189
f 1191/1191 3250/3250 3252/3252
f 1191/1191 3252/3252 1189/1189
f 3250/3250 3251/3251 3252/3252
f 3252/3252 3251/3251 3253/3253
f 3251/3251 3263/3263 3253/3253
f 3253/3253 3263/3263 3264/3264
f 3263/3263 3269/3269 3264/3264
f 3264/3264 3269/3269 3270/3270
f 3269/3269 3268/3268 3270/3270
f 3270/3270 3268/3268 3271/3271
f 3268/3268 3272/3272 3271/3271
f 3272/3272 3304/3304 3273/3273
f 3272/3272 3273/3273 3271/3271
f 3304/3304 3305/3305 3306/3306
f 3304/3304 3306/3306 3273/3273
f 3305/3305 2820/2820 3315/3315
f 3305/3305 3315/3315 3306/3306
f 2820/2820 2817/2817 3316/3316
f 2820/2820 3316/3316 3315/3315
f 2817/2817 2814/2814 3316/3316
f 2814/2814 3317/3317 3316/3316
f 2814/2814 2812/2812 3317/3317
f 2812/2812 3318/3318 3317/3317
f 2812/2812 2811/2811 3319/3319
f 2812/2812 3319/3319 3318/3318
f 2811/2811 2729/2729 3320/3320
f 2811/2811 3320/3320 3319/3319
f 3320/3320 2729/2729 3321/3321
f 2729/2729 2732/2732 3321/3321
f 2732/2732 3322/3322 3321/3321
f 2732/2732 2736/2736 3322/3322
f 3322/3322 2736/2736 3323/3323
f 2736/2736 2735/2735 3323/3323
f 3323/3323 2735/2735 3324/3324
f 2735/2735 2741/2741 3324/3324
f 2741/2741 2763/2763 3325/3325
f 2741/2741 3325/3325 3324/3324
f 2763/2763 3327/3327 3326/3326
f 2763/2763 3326/3326 3325/3325
f 3327/3327 3328/3328 3326/3326
f 3326/3326 3328/3328 3329/3329
f 3328/3328 3330/3330 3329/3329
f 3328/3328 3331/3331 3330/3330
f 3331/3331 3332/3332 3330/3330
f 3330/3330 3332/3332 3333/3333
f 3332/3332 3335/3335 3334/3334
f 3332/3332 3334/3334 3333/3333
f 3335/3335 3336/3336 3522/3522
f 3335/3335 3522/3522 3334/3334
f 3336/3336 3338/3338 3619/3619
f 3336/3336 3619/3619 3522/3522
f 3338/3338 3340/3340 3619/3619
f 3619/3619 3340/3340 3617/3617
f 3340/3340 3341/3341 3617/3617
f 3617/3617 3341/3341 3613/3613
f 3341/3341 3343/3343 3613/3613
f 3613/3613 3343/3343 3614/3614
f 3343/3343 3345/3345 3614/3614
f 3614/3614 3345/3345 3620/3620
f 3345/3345 3347/3347 3621/3621
f 3345/3345 3621/3621 3620/3620
f 3347/3347 3622/3622 3621/3621
f 3621/3621 3622/3622 3623/3623
f 3622/3622 3625/3625 3624/3624
f 3622/3622 3624/3624 3623/3623
f 3625/3625 3626/3626 3624/3624
f 3624/3624 3626/3626 3989/3989
f 3626/3626 4030/4030 4029/4029
f 3626/3626 4029/4029 3989/3989
f 4030/4030 4068/4068 4029/4029
f 4029/4029 4068/4068 1179/1179
f 4068/4068 1184/1184 1181/1181
f 4068/4068 1181/1181 1179/1179
f 8682/8682 8683/8683 8680/8680
f 7159/7159 7686/7686 7197/7197
f 1190/1190 1189/1189 1185/1185
f 1185/1185 1189/1189 1188/1188
f 1189/1189 3252/3252 1188/1188
f 1188/1188 3252/3252 3636/3636
f 3252/3252 3253/3253 3636/3636
f 3636/3636 3253/3253 3651/3651
f 3253/3253 3264/3264 3648/3648
f 3253/3253 3648/3648 3651/3651
f 3264/3264 3270/3270 3649/3649
f 3264/3264 3649/3649 3648/3648
f 3270/3270 3271/3271 3725/3725
f 3270/3270 3725/3725 3649/3649
f 3725/3725 3271/3271 3724/3724
f 3271/3271 3273/3273 3724/3724
f 3724/3724 3273/3273 3633/3633
f 3273/3273 3306/3306 3633/3633
f 3633/3633 3306/3306 3629/3629
f 3306/3306 3315/3315 3629/3629
f 3629/3629 3315/3315 3628/3628
f 3315/3315 3627/3627 3628/3628
f 3315/3315 3316/3316 3627/3627
f 3316/3316 3576/3576 3627/3627
f 3316/3316 3575/3575 3576/3576
f 3316/3316 3317/3317 3575/3575
f 3575/3575 3317/3317 3574/3574
f 3574/3574 3317/3317 3567/3567
f 3317/3317 3318/3318 3567/3567
f 3567/3567 3318/3318 3566/3566
f 3318/3318 3319/3319 3566/3566
f 3566/3566 3319/3319 3569/3569
f 3319/3319 3320/3320 3569/3569
f 3320/3320 3321/3321 3571/3571
f 3320/3320 3571/3571 3569/3569
f 3321/3321 3322/3322 3552/3552
f 3321/3321 3552/3552 3571/3571
f 3322/3322 3323/3323 3553/3553
f 3322/3322 3553/3553 3552/3552
f 3323/3323 3324/3324 3553/3553
f 3553/3553 3324/3324 3556/3556
f 3324/3324 3558/3558 3556/3556
f 3324/3324 3325/3325 3558/3558
f 3558/3558 3325/3325 3559/3559
f 3559/3559 3325/3325 3560/3560
f 3325/3325 3326/3326 3560/3560
f 3560/3560 3326/3326 3561/3561
f 3326/3326 3329/3329 3562/3562
f 3326/3326 3562/3562 3561/3561
f 3329/3329 3330/3330 3562/3562
f 3330/3330 3563/3563 3562/3562
f 3330/3330 3333/3333 3563/3563
f 3563/3563 3333/3333 3564/3564
f 3333/3333 3334/3334 3565/3565
f 3333/3333 3565/3565 3564/3564
f 3334/3334 3522/3522 3573/3573
f 3334/3334 3573/3573 3565/3565
f 3522/3522 3619/3619 3612/3612
f 3522/3522 3612/3612 3573/3573
f 3612/3612 3619/3619 3618/3618
f 3619/3619 3617/3617 3618/3618
f 3618/3618 3617/3617 3616/3616
f 3617/3617 3613/3613 3616/3616
f 3613/3613 3614/3614 3615/3615
f 3613/3613 3615/3615 3616/3616
f 3615/3615 3614/3614 3682/3682
f 3614/3614 3620/3620 3682/3682
f 3682/3682 3620/3620 3770/3770
f 3620/3620 3621/3621 3770/3770
f 3770/3770 3621/3621 3797/3797
f 3621/3621 3623/3623 3797/3797
f 3797/3797 3623/3623 3798/3798
f 3623/3623 3624/3624 3798/3798
f 3798/3798 3624/3624 3950/3950
f 3624/3624 3989/3989 3967/3967
f 3624/3624 3967/3967 3950/3950
f 3989/3989 4029/4029 1174/1174
f 3989/3989 1174/1174 3967/3967
f 4029/4029 1179/1179 1178/1178
f 4029/4029 1178/1178 1174/1174
f 7159/7159 7197/7197 7158/7158
f 7158/7158 7197/7197 7053/7053
f 1185/1185 1188/1188 1186/1186
f 1185/1185 1186/1186 1187/1187
f 1188/1188 3636/3636 3792/3792
f 1188/1188 3792/3792 1186/1186
f 3636/3636 3651/3651 3751/3751
f 3636/3636 3751/3751 3792/3792
f 3651/3651 3648/3648 3751/3751
f 3751/3751 3648/3648 3650/3650
f 3648/3648 3649/3649 3650/3650
f 3650/3650 3649/3649 3970/3970
f 3649/3649 3725/3725 3970/3970
f 3970/3970 3725/3725 3962/3962
f 3725/3725 3724/3724 3962/3962
f 3962/3962 3724/3724 3825/3825
f 3724/3724 3633/3633 3825/3825
f 3825/3825 3633/3633 3632/3632
f 3633/3633 3629/3629 3632/3632
f 3629/3629 3628/3628 3632/3632
f 3632/3632 3628/3628 3630/3630
f 3628/3628 3627/3627 3630/3630
f 3630/3630 3627/3627 3631/3631
f 3627/3627 3576/3576 3631/3631
f 3575/3575 3574/3574 3567/3567
f 3567/3567 3566/3566 3568/3568
f 3566/3566 3569/3569 3568/3568
f 3569/3569 3570/3570 3568/3568
f 3569/3569 3571/3571 3570/3570
f 3570/3570 3571/3571 3572/3572
f 3571/3571 3552/3552 3572/3572
f 3572/3572 3552/3552 3555/3555
f 3552/3552 3553/3553 3554/3554
f 3552/3552 3554/3554 3555/3555
f 3553/3553 3556/3556 3557/3557
f 3553/3553 3557/3557 3554/3554
f 3556/3556 3637/3637 3557/3557
f 3556/3556 3558/3558 3637/3637
f 3637/3637 3558/3558 3791/3791
f 3558/3558 3559/3559 3791/3791
f 3791/3791 3559/3559 3951/3951
f 3559/3559 3560/3560 3951/3951
f 3560/3560 3561/3561 3951/3951
f 3951/3951 3561/3561 3999/3999
f 3561/3561 3997/3997 3999/3999
f 3561/3561 3562/3562 3997/3997
f 3997/3997 3562/3562 3996/3996
f 3562/3562 3563/3563 3996/3996
f 3563/3563 3998/3998 3996/3996
f 3563/3563 3564/3564 3998/3998
f 3998/3998 3564/3564 4041/4041
f 3564/3564 3565/3565 4041/4041
f 4041/4041 3565/3565 4088/4088
f 3565/3565 3573/3573 4088/4088
f 4088/4088 3573/3573 4152/4152
f 3573/3573 3612/3612 4152/4152
f 3612/3612 3618/3618 4184/4184
f 3612/3612 4184/4184 4152/4152
f 4184/4184 3618/3618 4286/4286
f 3618/3618 3616/3616 4217/4217
f 3618/3618 4217/4217 4286/4286
f 3616/3616 4216/4216 4217/4217
f 3616/3616 3615/3615 4216/4216
f 3615/3615 3682/3682 4216/4216
f 3682/3682 3770/3770 4185/4185
f 3682/3682 4185/4185 4216/4216
f 3770/3770 3797/3797 4185/4185
f 3797/3797 3798/3798 4186/4186
f 3797/3797 4186/4186 4185/4185
f 3798/3798 3950/3950 4187/4187
f 3798/3798 4187/4187 4186/4186
f 3950/3950 3967/3967 4187/4187
f 4187/4187 3967/3967 4188/4188
f 3967/3967 1174/1174 4188/4188
f 4188/4188 1174/1174 1177/1177
f 1028/1028 1056/1056 1026/1026
f 3751/3751 3650/3650 4323/4323
f 3751/3751 4323/4323 4329/4329
f 3650/3650 3970/3970 4323/4323
f 3970/3970 3962/3962 4323/4323
f 4323/4323 3962/3962 4334/4334
f 3962/3962 3825/3825 4334/4334
f 4334/4334 3825/3825 4333/4333
f 3825/3825 3632/3632 4333/4333
f 3632/3632 4330/4330 4333/4333
f 3632/3632 3630/3630 4330/4330
f 3630/3630 3631/3631 4331/4331
f 3630/3630 4331/4331 4330/4330
f 3631/3631 4332/4332 4331/4331
f 3631/3631 3576/3576 4332/4332
f 1016/1016 1069/1069 1007/1007
f 1069/1069 1068/1068 1007/1007
f 1068/1068 1064/1064 1007/1007
f 1064/1064 1004/1004 1007/1007
f 1064/1064 1065/1065 1004/1004
f 1065/1065 1073/1073 1004/1004
f 1004/1004 1073/1073 1003/1003
f 1073/1073 1074/1074 1003/1003
f 1074/1074 1063/1063 1003/1003
f 1063/1063 1000/1000 1003/1003
f 1063/1063 1061/1061 1000/1000
f 1061/1061 1070/1070 998/998
f 1061/1061 998/998 1000/1000
f 1070/1070 1071/1071 998/998
f 1071/1071 1072/1072 998/998
f 998/998 1072/1072 997/997
f 1072/1072 1078/1078 997/997
f 1078/1078 1077/1077 997/997
f 1077/1077 1076/1076 990/990
f 1077/1077 990/990 997/997
f 1076/1076 1060/1060 990/990
f 1060/1060 988/988 990/990
f 1060/1060 1055/1055 988/988
f 1055/1055 1054/1054 993/993
f 1055/1055 993/993 988/988
f 1054/1054 1053/1053 993/993
f 1053/1053 1052/1052 993/993
f 993/993 1052/1052 995/995
f 1052/1052 1051/1051 995/995
f 1051/1051 1036/1036 1009/1009
f 1051/1051 1009/1009 995/995
f 7589/7589 7592/7592 7591/7591
f 7589/7589 7591/7591 7590/7590
f 790/790 756/756 789/789
f 789/789 756/756 760/760
f 7592/7592 7593/7593 7591/7591
f 756/756 746/746 760/760
f 760/760 746/746 751/751
f 746/746 743/743 751/751
f 7593/7593 7594/7594 7591/7591
f 743/743 741/741 751/751
f 751/751 741/741 758/758
f 7594/7594 7595/7595 7591/7591
f 741/741 739/739 758/758
f 7594/7594 7596/7596 7595/7595
f 758/758 739/739 759/759
f 7596/7596 7598/7598 7597/7597
f 7596/7596 7597/7597 7595/7595
f 739/739 736/736 759/759
f 759/759 736/736 791/791
f 7598/7598 7599/7599 7597/7597
f 736/736 732/732 791/791
f 791/791 732/732 799/799
f 7599/7599 7600/7600 7597/7597
f 732/732 733/733 799/799
f 799/799 733/733 813/813
f 7600/7600 7601/7601 7597/7597
f 733/733 734/734 813/813
f 7600/7600 7602/7602 7601/7601
f 734/734 748/748 826/826
f 734/734 826/826 813/813
f 7601/7601 7602/7602 7603/7603
f 748/748 752/752 826/826
f 7602/7602 7604/7604 7603/7603
f 826/826 752/752 831/831
f 752/752 753/753 831/831
f 7604/7604 7605/7605 7603/7603
f 7604/7604 7606/7606 7605/7605
f 753/753 754/754 827/827
f 753/753 827/827 831/831
f 7606/7606 7608/7608 7607/7607
f 7606/7606 7607/7607 7605/7605
f 754/754 761/761 827/827
f 827/827 761/761 830/830
f 7608/7608 7609/7609 7607/7607
f 761/761 762/762 830/830
f 830/830 762/762 835/835
f 7609/7609 7610/7610 7607/7607
f 762/762 763/763 835/835
f 835/835 763/763 842/842
f 7610/7610 7611/7611 7607/7607
f 763/763 764/764 842/842
f 842/842 764/764 847/847
f 7611/7611 7613/7613 7612/7612
f 7611/7611 7612/7612 7607/7607
f 764/764 765/765 847/847
f 847/847 765/765 849/849
f 7613/7613 7614/7614 7612/7612
f 765/765 766/766 849/849
f 849/849 766/766 853/853
f 766/766 794/794 853/853
f 7614/7614 7615/7615 7612/7612
f 7615/7615 7616/7616 7612/7612
f 7612/7612 7616/7616 7617/7617
f 7617/7617 7618/7618 7612/7612
f 7616/7616 7622/7622 7617/7617
f 7618/7618 7619/7619 7620/7620
f 7622/7622 7619/7619 7617/7617
f 7617/7617 7619/7619 7618/7618
f 7628/7628 7630/7630 7629/7629
f 7629/7629 7632/7632 7662/7662
f 7630/7630 7631/7631 7629/7629
f 7629/7629 7631/7631 7632/7632
f 7631/7631 7633/7633 7632/7632
f 7632/7632 7635/7635 7637/7637
f 7632/7632 7637/7637 7662/7662
f 7635/7635 7638/7638 7637/7637
f 7635/7635 7639/7639 7638/7638
f 7638/7638 7639/7639 7640/7640
f 7639/7639 7641/7641 7640/7640
f 7641/7641 7642/7642 7640/7640
f 7641/7641 7644/7644 7643/7643
f 7641/7641 7643/7643 7642/7642
f 7644/7644 7646/7646 7643/7643
f 7643/7643 7646/7646 7647/7647
f 7646/7646 7648/7648 7647/7647
f 7647/7647 7648/7648 7649/7649
f 7648/7648 7650/7650 7649/7649
f 7650/7650 7653/7653 7649/7649
f 7649/7649 7653/7653 7654/7654
f 7653/7653 7655/7655 7654/7654
f 7655/7655 7656/7656 7654/7654
f 7654/7654 7656/7656 7657/7657
f 7656/7656 7658/7658 7657/7657
f 7657/7657 7658/7658 7659/7659
f 8793/8793 8794/8794 8795/8795
f 8795/8795 8794/8794 8796/8796
f 8794/8794 8797/8797 8796/8796
f 8796/8796 8797/8797 8798/8798
f 8797/8797 8799/8799 8798/8798
f 8798/8798 8799/8799 8800/8800
f 8799/8799 8801/8801 8800/8800
f 8800/8800 8801/8801 8802/8802
f 8801/8801 8804/8804 8803/8803
f 8801/8801 8803/8803 8802/8802
f 282/282 118/118 119/119
f 6903/6903 6901/6901 6902/6902
f 6902/6902 6907/6907 7250/7250
f 6902/6902 7250/7250 7029/7029
f 6901/6901 6900/6900 6902/6902
f 6902/6902 6900/6900 6907/6907
f 6900/6900 6906/6906 6907/6907
f 8765/8765 8766/8766 8767/8767
f 6907/6907 7680/7680 7250/7250
f 6906/6906 7501/7501 6907/6907
f 8765/8765 8768/8768 8766/8766
f 7332/7332 7294/7294 7680/7680
f 7501/7501 7299/7299 7332/7332
f 7332/7332 7299/7299 7294/7294
f 7294/7294 7295/7295 7680/7680
f 7299/7299 7289/7289 7294/7294
f 7294/7294 7293/7293 7295/7295
f 7294/7294 7289/7289 7293/7293
f 7293/7293 7296/7296 7295/7295
f 7289/7289 7292/7292 7293/7293
f 7293/7293 7297/7297 7296/7296
f 7292/7292 7398/7398 7297/7297
f 7292/7292 7297/7297 7293/7293
f 7297/7297 7469/7469 7296/7296
f 7296/7296 7469/7469 7479/7479
f 7398/7398 7399/7399 7297/7297
f 7297/7297 7399/7399 7469/7469
f 7399/7399 7470/7470 7469/7469
f 7469/7469 7471/7471 7479/7479
f 7479/7479 7471/7471 7475/7475
f 7470/7470 7472/7472 7471/7471
f 7470/7470 7471/7471 7469/7469
f 7471/7471 7474/7474 7475/7475
f 7472/7472 7473/7473 7471/7471
f 7471/7471 7473/7473 7474/7474
f 7474/7474 7477/7477 7476/7476
f 7474/7474 7476/7476 7475/7475
f 7477/7477 7520/7520 7476/7476
f 7476/7476 7520/7520 7521/7521
f 7520/7520 7522/7522 7521/7521
f 7521/7521 7522/7522 7523/7523
f 7522/7522 7524/7524 7523/7523
f 7524/7524 7527/7527 7540/7540
f 7524/7524 7540/7540 7523/7523
f 7540/7540 7527/7527 7532/7532
f 7527/7527 7530/7530 7532/7532
f 7532/7532 7530/7530 7533/7533
f 7530/7530 7535/7535 7538/7538
f 7530/7530 7538/7538 7533/7533
f 7535/7535 7579/7579 7538/7538
f 7538/7538 7579/7579 7580/7580
f 7580/7580 7579/7579 7581/7581
f 7579/7579 7582/7582 7581/7581
f 7582/7582 7584/7584 7583/7583
f 7582/7582 7583/7583 7581/7581
f 7584/7584 7586/7586 7585/7585
f 7584/7584 7585/7585 7583/7583
f 7586/7586 7587/7587 7585/7585
f 7585/7585 7587/7587 7588/7588
f 7619/7619 7621/7621 7620/7620
f 7620/7620 7621/7621 7623/7623
f 7621/7621 7624/7624 7623/7623
f 7623/7623 7624/7624 7625/7625
f 7624/7624 7626/7626 7625/7625
f 7626/7626 7628/7628 7627/7627
f 7626/7626 7627/7627 7625/7625
f 118/118 117/117 116/116
f 118/118 116/116 119/119
f 123/123 283/283 125/125
f 283/283 233/233 124/124
f 283/283 124/124 125/125
f 7116/7116 7105/7105 7107/7107
f 7107/7107 7105/7105 7106/7106
f 7573/7573 7115/7115 7105/7105
f 7573/7573 7105/7105 7116/7116
f 7105/7105 7103/7103 7106/7106
f 7106/7106 7103/7103 7118/7118
f 7103/7103 7100/7100 7118/7118
f 7118/7118 7100/7100 7409/7409
f 7409/7409 7100/7100 7559/7559
f 7100/7100 7090/7090 7559/7559
f 7559/7559 7090/7090 7092/7092
f 7090/7090 7091/7091 7092/7092
f 7092/7092 7091/7091 7093/7093
f 7091/7091 7094/7094 7093/7093
f 7093/7093 7094/7094 7095/7095
f 7094/7094 7367/7367 7096/7096
f 7094/7094 7096/7096 7095/7095
f 7367/7367 6932/6932 7509/7509
f 7367/7367 7509/7509 7096/7096
f 6932/6932 6931/6931 7509/7509
f 8730/8730 8731/8731 8732/8732
f 8731/8731 8733/8733 8732/8732
f 6937/6937 6922/6922 6918/6918
f 6922/6922 6903/6903 6918/6918
f 6918/6918 6903/6903 6904/6904
f 117/117 114/114 116/116
f 4074/4074 4258/4258 4253/4253
f 4258/4258 4263/4263 4253/4253
f 4263/4263 4259/4259 4254/4254
f 4263/4263 4254/4254 4253/4253
f 4254/4254 4259/4259 4255/4255
f 4259/4259 4260/4260 4255/4255
f 4255/4255 4260/4260 4256/4256
f 4260/4260 4261/4261 4256/4256
f 4256/4256 4261/4261 4257/4257
f 4176/4176 4262/4262 4177/4177
f 4261/4261 4262/4262 4257/4257
f 4257/4257 4262/4262 4176/4176
f 7634/7634 7635/7635 7632/7632
f 688/688 685/685 706/706
f 7634/7634 7636/7636 7635/7635
f 685/685 683/683 705/705
f 685/685 705/705 706/706
f 7636/7636 7663/7663 7635/7635
f 7635/7635 7663/7663 7639/7639
f 683/683 680/680 687/687
f 683/683 687/687 705/705
f 7663/7663 7661/7661 7639/7639
f 680/680 686/686 687/687
f 7661/7661 7641/7641 7639/7639
f 680/680 673/673 686/686
f 7661/7661 7645/7645 7641/7641
f 673/673 671/671 674/674
f 673/673 674/674 686/686
f 7645/7645 7660/7660 7644/7644
f 7645/7645 7644/7644 7641/7641
f 671/671 651/651 674/674
f 7660/7660 7652/7652 7646/7646
f 7660/7660 7646/7646 7644/7644
f 651/651 650/650 643/643
f 7652/7652 7651/7651 7648/7648
f 7652/7652 7648/7648 7646/7646
f 650/650 640/640 643/643
f 643/643 640/640 642/642
f 642/642 624/624 855/855
f 7651/7651 7650/7650 7648/7648
f 640/640 624/624 642/642
f 624/624 626/626 854/854
f 624/624 854/854 855/855
f 640/640 625/625 624/624
f 624/624 625/625 626/626
f 626/626 628/628 852/852
f 626/626 852/852 854/854
f 625/625 627/627 626/626
f 626/626 627/627 628/628
f 628/628 629/629 848/848
f 628/628 848/848 852/852
f 627/627 630/630 629/629
f 627/627 629/629 628/628
f 629/629 631/631 846/846
f 629/629 846/846 848/848
f 630/630 623/623 629/629
f 629/629 623/623 631/631
f 631/631 632/632 839/839
f 631/631 839/839 846/846
f 623/623 617/617 631/631
f 631/631 617/617 632/632
f 632/632 633/633 839/839
f 617/617 613/613 632/632
f 632/632 613/613 633/633
f 633/633 838/838 839/839
f 613/613 612/612 633/633
f 633/633 622/622 838/838
f 612/612 619/619 633/633
f 633/633 619/619 622/622
f 838/838 622/622 840/840
f 622/622 634/634 840/840
f 619/619 621/621 622/622
f 622/622 621/621 634/634
f 634/634 637/637 845/845
f 634/634 845/845 840/840
f 621/621 635/635 634/634
f 634/634 635/635 637/637
f 637/637 639/639 845/845
f 8801/8801 8805/8805 8804/8804
f 635/635 638/638 637/637
f 637/637 638/638 639/639
f 8805/8805 8806/8806 8804/8804
f 8804/8804 8806/8806 8807/8807
f 638/638 641/641 639/639
f 639/639 641/641 644/644
f 8806/8806 8809/8809 8808/8808
f 8806/8806 8808/8808 8807/8807
f 641/641 646/646 645/645
f 641/641 645/645 644/644
f 8809/8809 8811/8811 8810/8810
f 8809/8809 8810/8810 8808/8808
f 480/480 478/478 479/479
f 479/479 478/478 477/477
f 646/646 850/850 645/645
f 645/645 850/850 851/851
f 7474/7474 7473/7473 7477/7477
f 816/816 817/817 814/814
f 7473/7473 7478/7478 7477/7477
f 7477/7477 7478/7478 7520/7520
f 817/817 812/812 814/814
f 814/814 812/812 811/811
f 7478/7478 7541/7541 7520/7520
f 812/812 810/810 811/811
f 811/811 810/810 809/809
f 7541/7541 7522/7522 7520/7520
f 810/810 808/808 809/809
f 7541/7541 7525/7525 7522/7522
f 808/808 807/807 809/809
f 7522/7522 7525/7525 7524/7524
f 808/808 806/806 807/807
f 7525/7525 7526/7526 7524/7524
f 807/807 806/806 805/805
f 7526/7526 7528/7528 7527/7527
f 7526/7526 7527/7527 7524/7524
f 806/806 804/804 805/805
f 805/805 804/804 803/803
f 7528/7528 7529/7529 7527/7527
f 804/804 802/802 803/803
f 803/803 802/802 801/801
f 802/802 800/800 801/801
f 7529/7529 7531/7531 7530/7530
f 7529/7529 7530/7530 7527/7527
f 801/801 800/800 797/797
f 7531/7531 7534/7534 7530/7530
f 800/800 793/793 797/797
f 797/797 793/793 788/788
f 7534/7534 7536/7536 7535/7535
f 7534/7534 7535/7535 7530/7530
f 793/793 785/785 788/788
f 788/788 785/785 781/781
f 7536/7536 7537/7537 7535/7535
f 785/785 775/775 781/781
f 781/781 775/775 777/777
f 7537/7537 7539/7539 7535/7535
f 7535/7535 7539/7539 7579/7579
f 775/775 778/778 776/776
f 775/775 776/776 777/777
f 7539/7539 7664/7664 7579/7579
f 776/776 778/778 779/779
f 779/779 774/774 841/841
f 7664/7664 7582/7582 7579/7579
f 778/778 780/780 779/779
f 779/779 780/780 774/774
f 774/774 772/772 825/825
f 774/774 825/825 841/841
f 780/780 773/773 774/774
f 774/774 773/773 772/772
f 772/772 770/770 798/798
f 772/772 798/798 825/825
f 773/773 771/771 772/772
f 772/772 771/771 770/770
f 770/770 757/757 790/790
f 770/770 790/790 798/798
f 771/771 769/769 770/770
f 770/770 769/769 757/757
f 757/757 747/747 756/756
f 757/757 756/756 790/790
f 769/769 768/768 747/747
f 769/769 747/747 757/757
f 747/747 744/744 746/746
f 747/747 746/746 756/756
f 747/747 768/768 744/744
f 744/744 742/742 743/743
f 744/744 743/743 746/746
f 768/768 767/767 744/744
f 744/744 767/767 742/742
f 742/742 737/737 741/741
f 742/742 741/741 743/743
f 742/742 767/767 737/737
f 737/737 738/738 739/739
f 737/737 739/739 741/741
f 767/767 755/755 737/737
f 737/737 755/755 738/738
f 755/755 750/750 738/738
f 738/738 740/740 736/736
f 738/738 736/736 739/739
f 750/750 749/749 740/740
f 750/750 740/740 738/738
f 740/740 735/735 736/736
f 749/749 745/745 740/740
f 740/740 745/745 735/735
f 735/735 732/732 736/736
f 745/745 728/728 735/735
f 735/735 728/728 732/732
f 732/732 730/730 733/733
f 728/728 729/729 730/730
f 728/728 730/730 732/732
f 733/733 730/730 734/734
f 730/730 731/731 734/734
f 734/734 731/731 748/748
f 729/729 727/727 731/731
f 729/729 731/731 730/730
f 731/731 726/726 748/748
f 748/748 726/726 752/752
f 731/731 727/727 726/726
f 726/726 724/724 752/752
f 752/752 724/724 753/753
f 727/727 725/725 726/726
f 726/726 725/725 724/724
f 724/724 721/721 753/753
f 725/725 723/723 724/724
f 724/724 723/723 721/721
f 753/753 721/721 754/754
f 721/721 720/720 754/754
f 723/723 722/722 721/721
f 721/721 722/722 720/720
f 720/720 719/719 761/761
f 720/720 761/761 754/754
f 722/722 718/718 720/720
f 720/720 718/718 719/719
f 719/719 717/717 762/762
f 719/719 762/762 761/761
f 718/718 716/716 717/717
f 718/718 717/717 719/719
f 717/717 715/715 763/763
f 717/717 763/763 762/762
f 716/716 714/714 715/715
f 716/716 715/715 717/717
f 715/715 710/710 764/764
f 715/715 764/764 763/763
f 714/714 713/713 710/710
f 714/714 710/710 715/715
f 710/710 708/708 765/765
f 710/710 765/765 764/764
f 713/713 709/709 710/710
f 710/710 709/709 708/708
f 708/708 704/704 766/766
f 708/708 766/766 765/765
f 709/709 707/707 708/708
f 708/708 707/707 704/704
f 704/704 702/702 794/794
f 704/704 794/794 766/766
f 707/707 703/703 704/704
f 704/704 703/703 702/702
f 702/702 691/691 795/795
f 702/702 795/795 794/794
f 703/703 701/701 702/702
f 702/702 701/701 691/691
f 691/691 693/693 796/796
f 691/691 796/796 795/795
f 701/701 692/692 691/691
f 691/691 692/692 693/693
f 693/693 694/694 818/818
f 693/693 818/818 796/796
f 693/693 692/692 694/694
f 694/694 819/819 818/818
f 692/692 695/695 694/694
f 694/694 696/696 819/819
f 819/819 696/696 820/820
f 695/695 697/697 696/696
f 695/695 696/696 694/694
f 820/820 696/696 821/821
f 696/696 698/698 821/821
f 821/821 698/698 824/824
f 697/697 699/699 698/698
f 697/697 698/698 696/696
f 698/698 700/700 824/824
f 824/824 700/700 792/792
f 699/699 700/700 698/698
f 700/700 690/690 792/792
f 792/792 690/690 712/712
f 699/699 689/689 690/690
f 699/699 690/690 700/700
f 690/690 688/688 712/712
f 712/712 688/688 711/711
f 689/689 684/684 688/688
f 689/689 688/688 690/690
f 688/688 684/684 685/685
f 684/684 681/681 683/683
f 684/684 683/683 685/685
f 681/681 682/682 683/683
f 683/683 682/682 680/680
f 682/682 677/677 680/680
f 677/677 676/676 673/673
f 677/677 673/673 680/680
f 676/676 672/672 673/673
f 673/673 672/672 671/671
f 672/672 670/670 671/671
f 671/671 670/670 651/651
f 670/670 653/653 650/650
f 670/670 650/650 651/651
f 653/653 652/652 640/640
f 653/653 640/640 650/650
f 652/652 649/649 640/640
f 649/649 648/648 625/625
f 649/649 625/625 640/640
f 648/648 647/647 625/625
f 625/625 647/647 627/627
f 647/647 636/636 627/627
f 627/627 636/636 630/630
f 636/636 618/618 623/623
f 636/636 623/623 630/630
f 618/618 616/616 617/617
f 618/618 617/617 623/623
f 616/616 611/611 613/613
f 616/616 613/613 617/617
f 611/611 614/614 612/612
f 611/611 612/612 613/613
f 614/614 615/615 612/612
f 612/612 615/615 619/619
f 615/615 620/620 619/619
f 620/620 658/658 621/621
f 620/620 621/621 619/619
f 658/658 659/659 621/621
f 621/621 659/659 635/635
f 659/659 660/660 635/635
f 635/635 660/660 638/638
f 660/660 664/664 641/641
f 660/660 641/641 638/638
f 664/664 665/665 641/641
f 641/641 665/665 646/646
f 478/478 476/476 477/477
f 477/477 476/476 471/471
f 665/665 843/843 646/646
f 646/646 843/843 850/850
f 7108/7108 7104/7104 7105/7105
f 7105/7105 7104/7104 7103/7103
f 7109/7109 7110/7110 7104/7104
f 7109/7109 7104/7104 7108/7108
f 7104/7104 7102/7102 7103/7103
f 7103/7103 7102/7102 7100/7100
f 7102/7102 7099/7099 7100/7100
f 7100/7100 7099/7099 7090/7090
f 7099/7099 7088/7088 7090/7090
f 7088/7088 7089/7089 7090/7090
f 7090/7090 7089/7089 7091/7091
f 7089/7089 7285/7285 7091/7091
f 7091/7091 7285/7285 7094/7094
f 8671/8671 8672/8672 8673/8673
f 8673/8673 8672/8672 8674/8674
f 6929/6929 6928/6928 6932/6932
f 6929/6929 6932/6932 7367/7367
f 6928/6928 6930/6930 6931/6931
f 6928/6928 6931/6931 6932/6932
f 8734/8734 8735/8735 8733/8733
f 8734/8734 8733/8733 8731/8731
f 7198/7198 6905/6905 6903/6903
f 7198/7198 6903/6903 6922/6922
f 6905/6905 6898/6898 6901/6901
f 6905/6905 6901/6901 6903/6903
f 6898/6898 6899/6899 6900/6900
f 6898/6898 6900/6900 6901/6901
f 6899/6899 6921/6921 6906/6906
f 6899/6899 6906/6906 6900/6900
f 6921/6921 7464/7464 7501/7501
f 6921/6921 7501/7501 6906/6906
f 7464/7464 7286/7286 7299/7299
f 7464/7464 7299/7299 7501/7501
f 7286/7286 7287/7287 7299/7299
f 7299/7299 7287/7287 7289/7289
f 7287/7287 7288/7288 7289/7289
f 7288/7288 7291/7291 7289/7289
f 7289/7289 7291/7291 7292/7292
f 837/837 833/833 836/836
f 836/836 833/833 834/834
f 833/833 829/829 832/832
f 833/833 832/832 834/834
f 829/829 823/823 828/828
f 829/829 828/828 832/832
f 823/823 815/815 822/822
f 823/823 822/822 828/828
f 815/815 816/816 814/814
f 815/815 814/814 822/822
f 782/782 775/775 785/785
f 782/782 783/783 778/778
f 782/782 778/778 775/775
f 783/783 784/784 778/778
f 778/778 784/784 780/780
f 784/784 786/786 780/780
f 780/780 786/786 773/773
f 786/786 787/787 773/773
f 773/773 787/787 771/771
f 672/672 675/675 670/670
f 675/675 679/679 653/653
f 675/675 653/653 670/670
f 679/679 652/652 653/653
f 647/647 678/678 636/636
f 678/678 656/656 618/618
f 678/678 618/618 636/636
f 618/618 656/656 616/616
f 656/656 655/655 611/611
f 656/656 611/611 616/616
f 655/655 614/614 611/611
f 655/655 654/654 615/615
f 655/655 615/615 614/614
f 654/654 657/657 620/620
f 654/654 620/620 615/615
f 657/657 662/662 658/658
f 657/657 658/658 620/620
f 662/662 661/661 659/659
f 662/662 659/659 658/658
f 661/661 663/663 660/660
f 661/661 660/660 659/659
f 663/663 666/666 664/664
f 663/663 664/664 660/660
f 666/666 667/667 665/665
f 666/666 665/665 664/664
f 476/476 469/469 471/471
f 471/471 469/469 468/468
f 667/667 844/844 843/843
f 667/667 843/843 665/665
f 7112/7112 7109/7109 7115/7115
f 893/893 947/947 899/899
f 668/668 669/669 667/667
f 668/668 667/667 666/666
f 469/469 454/454 468/468
f 468/468 454/454 467/467
f 1160/1160 1159/1159 1158/1158
f 1159/1159 1155/1155 1158/1158
f 1158/1158 1155/1155 1157/1157
f 1155/1155 1152/1152 1154/1154
f 1155/1155 1154/1154 1157/1157
f 1152/1152 1149/1149 1154/1154
f 1154/1154 1149/1149 1150/1150
f 1149/1149 1146/1146 1150/1150
f 1150/1150 1146/1146 1147/1147
f 1146/1146 1145/1145 1144/1144
f 1146/1146 1144/1144 1147/1147
f 1145/1145 1142/1142 1144/1144
f 1144/1144 1142/1142 1143/1143
f 1142/1142 1140/1140 1143/1143
f 1143/1143 1140/1140 1141/1141
f 1140/1140 1138/1138 1141/1141
f 1138/1138 1136/1136 1137/1137
f 1138/1138 1137/1137 1141/1141
f 1136/1136 1131/1131 1137/1137
f 1137/1137 1131/1131 1130/1130
f 1131/1131 1126/1126 1130/1130
f 1130/1130 1126/1126 1129/1129
f 454/454 405/405 455/455
f 454/454 455/455 467/467
f 1165/1165 1162/1162 1163/1163
f 1163/1163 1162/1162 1160/1160
f 1162/1162 1156/1156 1159/1159
f 1162/1162 1159/1159 1160/1160
f 1156/1156 1153/1153 1155/1155
f 1156/1156 1155/1155 1159/1159
f 1155/1155 1153/1153 1152/1152
f 1153/1153 1151/1151 1152/1152
f 1152/1152 1151/1151 1149/1149
f 1151/1151 1148/1148 1149/1149
f 1149/1149 1148/1148 1146/1146
f 1148/1148 1145/1145 1146/1146
f 1142/1142 1139/1139 1140/1140
f 1139/1139 1138/1138 1140/1140
f 1139/1139 1135/1135 1138/1138
f 1138/1138 1135/1135 1136/1136
f 1135/1135 1132/1132 1131/1131
f 1135/1135 1131/1131 1136/1136
f 1132/1132 1133/1133 1126/1126
f 1132/1132 1126/1126 1131/1131
f 1133/1133 1161/1161 1134/1134
f 1133/1133 1134/1134 1126/1126
f 4495/4495 4492/4492 4479/4479
f 1161/1161 1166/1166 1134/1134
f 4492/4492 4489/4489 4449/4449
f 4492/4492 4449/4449 4479/4479
f 405/405 410/410 435/435
f 405/405 435/435 455/455
f 7102/7102 7101/7101 7099/7099
f 7101/7101 7088/7088 7099/7099
f 7088/7088 7078/7078 7089/7089
f 7078/7078 7387/7387 7089/7089
f 7089/7089 7387/7387 7285/7285
f 7387/7387 6935/6935 7285/7285
f 7285/7285 6935/6935 6929/6929
f 6935/6935 6927/6927 6929/6929
f 6929/6929 6927/6927 6928/6928
f 6927/6927 6926/6926 6928/6928
f 6928/6928 6926/6926 6930/6930
f 6926/6926 6933/6933 6930/6930
f 6930/6930 6933/6933 7198/7198
f 6933/6933 7679/7679 7198/7198
f 7198/7198 7679/7679 6905/6905
f 7679/7679 6897/6897 6905/6905
f 6905/6905 6897/6897 6898/6898
f 6897/6897 6888/6888 6898/6898
f 6898/6898 6888/6888 6899/6899
f 6888/6888 6893/6893 6921/6921
f 6888/6888 6921/6921 6899/6899
f 6893/6893 7464/7464 6921/6921
f 6893/6893 7149/7149 7464/7464
f 7464/7464 7149/7149 7286/7286
f 7149/7149 7281/7281 7286/7286
f 7286/7286 7281/7281 7287/7287
f 7281/7281 7288/7288 7287/7287
f 7281/7281 7290/7290 7288/7288
f 7288/7288 7290/7290 7291/7291
f 7290/7290 7298/7298 7291/7291
f 7291/7291 7298/7298 7390/7390
f 8517/8517 8519/8519 8523/8523
f 4878/4878 4876/4876 7390/7390
f 4878/4878 4872/4872 4876/4876
f 4876/4876 4872/4872 4874/4874
f 4872/4872 4871/4871 4873/4873
f 4872/4872 4873/4873 4874/4874
f 4871/4871 4868/4868 5052/5052
f 4871/4871 5052/5052 4873/4873
f 4868/4868 4854/4854 5052/5052
f 4868/4868 4852/4852 4854/4854
f 4854/4854 4852/4852 4853/4853
f 4852/4852 4850/4850 4853/4853
f 4852/4852 4847/4847 4850/4850
f 4850/4850 4847/4847 4848/4848
f 4847/4847 4846/4846 4848/4848
f 4846/4846 4903/4903 4849/4849
f 4846/4846 4849/4849 4848/4848
f 4903/4903 7487/7487 4849/4849
f 7487/7487 7018/7018 7551/7551
f 7487/7487 7551/7551 4849/4849
f 7018/7018 7438/7438 7460/7460
f 7018/7018 7460/7460 7551/7551
f 7438/7438 4887/4887 7460/7460
f 7460/7460 4887/4887 4866/4866
f 4887/4887 4864/4864 4866/4866
f 4864/4864 4863/4863 4865/4865
f 4864/4864 4865/4865 4866/4866
f 4863/4863 6512/6512 4867/4867
f 4863/4863 4867/4867 4865/4865
f 6512/6512 7553/7553 4867/4867
f 7150/7150 7154/7154 7162/7162
f 7150/7150 7162/7162 7172/7172
f 7154/7154 7272/7272 7162/7162
f 7162/7162 7272/7272 7505/7505
f 7272/7272 7449/7449 7505/7505
f 7505/7505 7449/7449 7546/7546
f 7449/7449 5559/5559 7546/7546
f 7546/7546 5559/5559 5272/5272
f 5559/5559 5270/5270 5272/5272
f 5272/5272 5270/5270 5271/5271
f 5270/5270 5267/5267 5268/5268
f 5270/5270 5268/5268 5271/5271
f 5267/5267 5266/5266 5268/5268
f 5268/5268 5266/5266 5269/5269
f 5266/5266 5265/5265 5274/5274
f 5266/5266 5274/5274 5269/5269
f 5265/5265 7356/7356 5274/5274
f 8762/8762 8763/8763 8764/8764
f 7356/7356 6328/6328 6330/6330
f 6328/6328 6329/6329 6330/6330
f 6330/6330 6329/6329 6331/6331
f 6329/6329 7433/7433 6331/6331
f 7433/7433 5404/5404 7673/7673
f 7433/7433 7673/7673 6331/6331
f 5404/5404 5394/5394 5395/5395
f 5404/5404 5395/5395 7673/7673
f 5394/5394 5387/5387 5395/5395
f 5387/5387 5385/5385 5399/5399
f 5387/5387 5399/5399 5395/5395
f 5385/5385 5382/5382 5384/5384
f 5385/5385 5384/5384 5399/5399
f 5382/5382 5383/5383 5384/5384
f 5382/5382 5379/5379 5381/5381
f 5382/5382 5381/5381 5383/5383
f 5379/5379 5380/5380 5381/5381
f 5379/5379 5375/5375 5380/5380
f 5380/5380 5375/5375 5398/5398
f 5375/5375 5548/5548 5398/5398
f 5398/5398 5548/5548 7444/7444
f 5548/5548 7386/7386 7430/7430
f 5548/5548 7430/7430 7444/7444
f 7386/7386 5369/5369 7446/7446
f 7386/7386 7446/7446 7430/7430
f 5369/5369 5362/5362 5363/5363
f 5369/5369 5363/5363 7446/7446
f 5362/5362 5361/5361 5363/5363
f 5361/5361 5370/5370 5364/5364
f 5361/5361 5364/5364 5363/5363
f 5370/5370 7443/7443 5364/5364
f 8772/8772 8773/8773 8774/8774
f 7443/7443 5512/5512 5516/5516
f 5516/5516 5512/5512 5514/5514
f 5512/5512 5513/5513 5514/5514
f 5513/5513 5648/5648 5515/5515
f 5513/5513 5515/5515 5514/5514
f 5648/5648 7491/7491 5515/5515
f 5515/5515 7491/7491 7500/7500
f 7491/7491 7265/7265 7502/7502
f 7491/7491 7502/7502 7500/7500
f 7265/7265 7507/7507 7502/7502
f 7502/7502 7507/7507 7668/7668
f 7507/7507 7283/7283 7668/7668
f 7668/7668 7283/7283 6736/6736
f 7283/7283 6211/6211 6736/6736
f 6736/6736 6211/6211 6726/6726
f 6211/6211 6714/6714 6726/6726
f 6726/6726 6714/6714 6727/6727
f 6714/6714 6728/6728 6727/6727
f 8721/8721 8723/8723 8724/8724
f 8721/8721 8724/8724 8725/8725
f 7274/7274 6387/6387 6388/6388
f 6388/6388 6387/6387 6386/6386
f 6387/6387 6383/6383 6386/6386
f 6386/6386 6383/6383 6384/6384
f 6383/6383 6379/6379 6384/6384
f 7376/7376 7378/7378 7379/7379
f 7379/7379 7378/7378 7380/7380
f 466/466 409/409 465/465
f 465/465 409/409 453/453
f 7113/7113 7111/7111 7112/7112
f 7112/7112 7111/7111 7109/7109
f 7111/7111 7110/7110 7109/7109
f 7553/7553 7169/7169 7168/7168
f 7169/7169 7166/7166 7168/7168
f 7168/7168 7166/7166 7167/7167
f 7166/7166 7164/7164 7167/7167
f 6379/6379 6356/6356 6358/6358
f 6358/6358 6356/6356 6355/6355
f 6356/6356 6353/6353 6355/6355
f 6355/6355 6353/6353 6354/6354
f 6353/6353 6352/6352 6354/6354
f 6354/6354 6352/6352 6357/6357
f 6352/6352 7320/7320 6357/6357
f 8708/8708 8709/8709 8710/8710
f 7320/7320 6365/6365 6369/6369
f 6369/6369 6365/6365 6366/6366
f 6365/6365 6364/6364 6366/6366
f 6366/6366 6364/6364 6368/6368
f 6364/6364 7467/7467 6368/6368
f 6368/6368 7467/7467 7574/7574
f 7467/7467 7667/7667 7575/7575
f 7467/7467 7575/7575 7574/7574
f 856/856 857/857 667/667
f 667/667 857/857 844/844
f 409/409 406/406 430/430
f 409/409 430/430 453/453
f 4297/4297 4047/4047 4275/4275
f 895/895 894/894 890/890
f 3961/3961 4046/4046 1888/1888
f 1888/1888 4046/4046 3635/3635
f 4046/4046 4104/4104 3729/3729
f 4046/4046 3729/3729 3635/3635
f 3729/3729 4104/4104 3730/3730
f 4104/4104 4133/4133 3730/3730
f 4133/4133 4134/4134 3730/3730
f 3730/3730 4134/4134 3731/3731
f 4134/4134 4146/4146 3731/3731
f 3731/3731 4146/4146 3968/3968
f 4146/4146 4154/4154 3968/3968
f 3968/3968 4154/4154 3969/3969
f 4154/4154 4224/4224 4008/4008
f 4154/4154 4008/4008 3969/3969
f 4224/4224 4227/4227 4022/4022
f 4224/4224 4022/4022 4008/4008
f 4227/4227 4242/4242 4022/4022
f 4022/4022 4242/4242 4033/4033
f 4242/4242 4243/4243 4033/4033
f 4243/4243 4273/4273 4033/4033
f 4033/4033 4273/4273 4055/4055
f 4273/4273 4274/4274 4065/4065
f 4273/4273 4065/4065 4055/4055
f 4455/4455 4446/4446 4451/4451
f 4455/4455 4451/4451 4456/4456
f 7667/7667 7515/7515 7517/7517
f 8769/8769 8770/8770 8771/8771
f 406/406 370/370 380/380
f 406/406 380/380 430/430
f 379/379 422/422 410/410
f 379/379 410/410 405/405
f 475/475 422/422 379/379
f 8790/8790 8791/8791 8792/8792
f 4/4 5/5 6/6
f 419/419 399/399 423/423
f 423/423 399/399 418/418
f 7117/7117 7119/7119 7104/7104
f 7104/7104 7119/7119 7102/7102
f 7119/7119 7101/7101 7102/7102
f 7101/7101 7071/7071 7088/7088
f 7088/7088 7071/7071 7078/7078
f 7071/7071 6934/6934 7078/7078
f 7078/7078 6934/6934 7387/7387
f 6934/6934 6924/6924 7387/7387
f 7387/7387 6924/6924 6935/6935
f 6924/6924 6927/6927 6935/6935
f 6924/6924 6925/6925 6926/6926
f 6924/6924 6926/6926 6927/6927
f 8590/8590 8586/8586 8589/8589
f 8589/8589 8586/8586 8588/8588
f 8591/8591 8586/8586 8590/8590
f 6908/6908 6883/6883 7679/7679
f 8586/8586 8587/8587 8588/8588
f 7679/7679 6883/6883 6897/6897
f 6883/6883 6886/6886 6888/6888
f 6883/6883 6888/6888 6897/6897
f 6888/6888 6886/6886 6893/6893
f 6886/6886 6894/6894 6893/6893
f 6894/6894 7240/7240 7149/7149
f 6894/6894 7149/7149 6893/6893
f 7240/7240 7281/7281 7149/7149
f 7240/7240 7405/7405 7281/7281
f 7405/7405 7290/7290 7281/7281
f 8522/8522 8520/8520 8521/8521
f 8521/8521 8520/8520 8517/8517
f 8520/8520 8518/8518 8517/8517
f 8517/8517 8518/8518 8519/8519
f 7333/7333 4875/4875 4878/4878
f 4875/4875 4872/4872 4878/4878
f 4875/4875 4870/4870 4872/4872
f 4872/4872 4870/4870 4871/4871
f 4871/4871 4870/4870 4868/4868
f 4870/4870 4869/4869 4868/4868
f 4869/4869 6971/6971 4852/4852
f 4869/4869 4852/4852 4868/4868
f 6971/6971 4845/4845 4847/4847
f 6971/6971 4847/4847 4852/4852
f 4856/4856 4843/4843 6971/6971
f 6971/6971 4843/4843 4845/4845
f 4845/4845 4844/4844 4846/4846
f 4845/4845 4846/4846 4847/4847
f 4845/4845 4843/4843 4844/4844
f 4846/4846 4844/4844 4903/4903
f 4843/4843 4842/4842 4844/4844
f 4844/4844 4855/4855 4903/4903
f 4903/4903 4855/4855 7487/7487
f 4842/4842 4855/4855 4844/4844
f 7487/7487 4855/4855 7018/7018
f 4842/4842 4857/4857 4855/4855
f 4855/4855 4934/4934 7018/7018
f 7018/7018 4934/4934 7438/7438
f 4857/4857 4934/4934 4855/4855
f 4934/4934 4877/4877 7438/7438
f 7438/7438 4877/4877 4887/4887
f 4934/4934 4857/4857 4877/4877
f 4877/4877 4861/4861 4887/4887
f 4887/4887 4861/4861 4864/4864
f 4857/4857 4860/4860 4861/4861
f 4857/4857 4861/4861 4877/4877
f 4864/4864 4861/4861 4863/4863
f 4861/4861 4862/4862 4863/4863
f 4863/4863 4862/4862 6512/6512
f 4860/4860 4862/4862 4861/4861
f 4862/4862 5030/5030 7547/7547
f 4862/4862 7547/7547 6512/6512
f 4860/4860 5030/5030 4862/4862
f 4860/4860 4883/4883 5030/5030
f 5030/5030 4883/4883 7138/7138
f 5030/5030 7138/7138 7547/7547
f 8346/8346 8348/8348 8349/8349
f 8349/8349 8348/8348 8350/8350
f 6683/6683 6680/6680 7150/7150
f 6683/6683 7150/7150 7163/7163
f 7150/7150 6680/6680 7154/7154
f 6680/6680 6681/6681 7272/7272
f 6680/6680 7272/7272 7154/7154
f 6681/6681 6707/6707 7272/7272
f 7272/7272 6707/6707 7449/7449
f 6707/6707 5282/5282 7449/7449
f 5282/5282 5281/5281 5559/5559
f 5282/5282 5559/5559 7449/7449
f 8666/8666 8669/8669 8667/8667
f 8666/8666 8667/8667 8668/8668
f 8669/8669 8670/8670 8667/8667
f 5270/5270 7254/7254 5267/5267
f 7254/7254 5263/5263 5267/5267
f 5267/5267 5263/5263 5266/5266
f 5263/5263 5264/5264 5265/5265
f 5263/5263 5265/5265 5266/5266
f 5264/5264 5285/5285 7356/7356
f 5264/5264 7356/7356 5265/5265
f 5285/5285 6327/6327 6328/6328
f 5285/5285 6328/6328 7356/7356
f 6327/6327 6329/6329 6328/6328
f 7746/7746 7748/7748 7749/7749
f 7749/7749 7748/7748 7750/7750
f 5520/5520 5393/5393 7433/7433
f 7433/7433 5393/5393 5404/5404
f 5393/5393 5390/5390 5404/5404
f 5404/5404 5390/5390 5394/5394
f 5390/5390 5388/5388 5387/5387
f 5390/5390 5387/5387 5394/5394
f 5388/5388 5386/5386 5387/5387
f 5387/5387 5386/5386 5385/5385
f 5386/5386 7340/7340 5382/5382
f 5386/5386 5382/5382 5385/5385
f 7340/7340 5397/5397 5379/5379
f 7340/7340 5379/5379 5382/5382
f 5397/5397 5373/5373 5379/5379
f 5379/5379 5373/5373 5375/5375
f 5373/5373 5371/5371 5375/5375
f 5375/5375 5371/5371 5548/5548
f 5371/5371 5367/5367 5548/5548
f 5548/5548 5367/5367 7386/7386
f 5367/5367 5360/5360 5369/5369
f 5367/5367 5369/5369 7386/7386
f 5369/5369 5360/5360 5362/5362
f 5360/5360 5358/5358 5361/5361
f 5360/5360 5361/5361 5362/5362
f 5358/5358 5357/5357 5370/5370
f 5358/5358 5370/5370 5361/5361
f 5357/5357 5356/5356 7443/7443
f 5357/5357 7443/7443 5370/5370
f 5356/5356 5512/5512 7443/7443
f 5356/5356 5359/5359 5512/5512
f 5359/5359 5513/5513 5512/5512
f 5359/5359 7431/7431 5648/5648
f 5359/5359 5648/5648 5513/5513
f 5648/5648 7431/7431 7491/7491
f 7431/7431 7084/7084 7491/7491
f 7491/7491 7084/7084 7265/7265
f 7084/7084 7264/7264 7265/7265
f 7265/7265 7264/7264 7507/7507
f 7264/7264 5481/5481 7507/7507
f 5481/5481 5453/5453 7283/7283
f 5481/5481 7283/7283 7507/7507
f 5453/5453 5452/5452 6211/6211
f 5453/5453 6211/6211 7283/7283
f 5452/5452 7365/7365 6714/6714
f 5452/5452 6714/6714 6211/6211
f 8729/8729 8727/8727 8728/8728
f 7365/7365 6748/6748 6714/6714
f 8728/8728 8727/8727 8726/8726
f 5468/5468 5503/5503 7385/7385
f 8727/8727 8721/8721 8726/8726
f 5503/5503 5463/5463 7385/7385
f 8721/8721 8722/8722 8723/8723
f 5463/5463 5484/5484 7274/7274
f 8703/8703 8698/8698 8700/8700
f 8698/8698 8699/8699 8700/8700
f 8698/8698 8702/8702 8701/8701
f 8698/8698 8701/8701 8699/8699
f 7684/7684 6381/6381 6382/6382
f 8704/8704 8705/8705 8706/8706
f 8705/8705 8707/8707 8706/8706
f 6377/6377 6349/6349 6713/6713
f 7374/7374 7377/7377 7376/7376
f 7376/7376 7377/7377 7378/7378
f 399/399 390/390 398/398
f 399/399 398/398 418/418
f 7113/7113 7114/7114 7111/7111
f 7114/7114 7344/7344 7110/7110
f 7114/7114 7110/7110 7111/7111
f 6713/6713 6347/6347 6353/6353
f 6713/6713 6353/6353 6356/6356
f 6347/6347 6351/6351 6352/6352
f 6347/6347 6352/6352 6353/6353
f 6351/6351 6378/6378 6352/6352
f 6352/6352 6378/6378 7320/7320
f 6378/6378 6361/6361 7320/7320
f 7320/7320 6361/6361 6365/6365
f 6361/6361 6362/6362 6364/6364
f 6361/6361 6364/6364 6365/6365
f 6362/6362 6367/6367 6364/6364
f 6364/6364 6367/6367 7467/7467
f 8757/8757 8760/8760 8761/8761
f 6367/6367 7667/7667 7467/7467
f 7372/7372 7373/7373 7384/7384
f 7372/7372 7384/7384 7513/7513
f 391/391 361/361 409/409
f 409/409 361/361 406/406
f 1883/1883 1882/1882 1888/1888
f 1888/1888 1882/1882 3961/3961
f 1879/1879 1882/1882 1881/1881
f 1881/1881 1882/1882 1883/1883
f 7516/7516 7514/7514 7515/7515
f 7516/7516 7515/7515 7667/7667
f 361/361 362/362 370/370
f 361/361 370/370 406/406
f 6960/6960 6962/6962 7550/7550
f 7550/7550 6962/6962 7683/7683
f 425/425 386/386 419/419
f 419/419 386/386 399/399
f 7117/7117 7518/7518 7119/7119
f 7119/7119 7518/7518 7101/7101
f 7518/7518 7276/7276 7101/7101
f 7276/7276 7239/7239 7101/7101
f 7101/7101 7239/7239 7071/7071
f 7239/7239 6878/6878 7071/7071
f 7071/7071 6878/6878 6934/6934
f 6878/6878 6877/6877 6934/6934
f 6934/6934 6877/6877 6924/6924
f 6877/6877 6879/6879 6924/6924
f 6924/6924 6879/6879 6925/6925
f 6879/6879 6938/6938 6925/6925
f 6881/6881 6882/6882 6883/6883
f 6881/6881 6883/6883 6908/6908
f 6882/6882 6884/6884 6883/6883
f 6884/6884 6885/6885 6883/6883
f 6883/6883 6885/6885 6886/6886
f 6885/6885 6887/6887 6886/6886
f 6887/6887 6894/6894 6886/6886
f 6887/6887 7240/7240 6894/6894
f 6887/6887 7160/7160 7405/7405
f 6887/6887 7405/7405 7240/7240
f 7160/7160 5043/5043 5045/5045
f 7160/7160 5045/5045 7405/7405
f 5043/5043 5044/5044 5045/5045
f 5045/5045 5044/5044 7333/7333
f 8511/8511 8508/8508 8510/8510
f 8508/8508 8509/8509 8510/8510
f 4875/4875 7067/7067 4870/4870
f 8512/8512 8513/8513 8514/8514
f 8514/8514 8513/8513 8515/8515
f 8515/8515 8513/8513 8516/8516
f 4837/4837 4856/4856 6971/6971
f 8346/8346 8347/8347 8348/8348
f 7077/7077 6678/6678 6683/6683
f 6678/6678 6677/6677 6683/6683
f 6683/6683 6677/6677 6680/6680
f 6677/6677 6676/6676 6680/6680
f 6676/6676 6673/6673 6681/6681
f 6676/6676 6681/6681 6680/6680
f 6673/6673 6707/6707 6681/6681
f 5282/5282 5279/5279 5281/5281
f 5279/5279 5277/5277 5280/5280
f 5279/5279 5280/5280 5281/5281
f 5277/5277 5541/5541 7254/7254
f 5277/5277 7254/7254 5280/5280
f 5541/5541 5262/5262 7254/7254
f 7254/7254 5262/5262 5263/5263
f 5262/5262 5261/5261 5263/5263
f 5263/5263 5261/5261 5264/5264
f 5261/5261 5284/5284 5264/5264
f 5264/5264 5284/5284 5285/5285
f 5284/5284 5286/5286 5285/5285
f 5285/5285 5286/5286 6327/6327
f 5286/5286 7062/7062 6327/6327
f 7746/7746 7747/7747 7748/7748
f 7062/7062 5396/5396 5520/5520
f 5520/5520 5396/5396 5393/5393
f 5396/5396 5391/5391 5393/5393
f 5393/5393 5391/5391 5390/5390
f 5391/5391 5392/5392 5388/5388
f 5391/5391 5388/5388 5390/5390
f 5392/5392 5400/5400 5388/5388
f 5388/5388 5400/5400 5386/5386
f 5400/5400 7263/7263 5386/5386
f 5386/5386 7263/7263 7340/7340
f 7760/7760 7761/7761 7762/7762
f 7201/7201 5378/5378 5397/5397
f 7201/7201 5397/5397 7340/7340
f 5378/5378 5376/5376 5397/5397
f 5376/5376 5374/5374 5373/5373
f 5376/5376 5373/5373 5397/5397
f 5374/5374 5372/5372 5373/5373
f 5373/5373 5372/5372 5371/5371
f 5372/5372 5368/5368 5371/5371
f 5371/5371 5368/5368 5367/5367
f 5368/5368 5366/5366 5367/5367
f 5367/5367 5366/5366 5360/5360
f 5366/5366 5365/5365 5360/5360
f 5365/5365 5354/5354 5360/5360
f 5360/5360 5354/5354 5358/5358
f 5358/5358 5354/5354 5357/5357
f 5357/5357 5354/5354 5356/5356
f 5354/5354 5355/5355 5356/5356
f 5356/5356 5355/5355 5359/5359
f 7431/7431 5470/5470 7084/7084
f 7084/7084 5445/5445 7264/7264
f 5445/5445 5446/5446 7264/7264
f 7264/7264 5446/5446 5481/5481
f 5446/5446 5447/5447 5481/5481
f 5481/5481 5447/5447 5453/5453
f 5447/5447 5450/5450 5452/5452
f 5447/5447 5452/5452 5453/5453
f 5450/5450 5467/5467 5452/5452
f 5452/5452 5467/5467 7365/7365
f 5467/5467 5456/5456 5468/5468
f 5467/5467 5468/5468 7365/7365
f 5456/5456 5457/5457 5503/5503
f 5456/5456 5503/5503 5468/5468
f 5457/5457 5461/5461 5463/5463
f 5457/5457 5463/5463 5503/5503
f 5463/5463 5461/5461 5484/5484
f 5461/5461 5466/5466 5484/5484
f 5484/5484 5466/5466 7684/7684
f 5466/5466 7141/7141 7684/7684
f 7684/7684 7141/7141 6377/6377
f 7141/7141 6359/6359 6377/6377
f 6377/6377 6359/6359 6349/6349
f 6359/6359 6348/6348 6349/6349
f 6349/6349 6348/6348 6347/6347
f 6348/6348 6345/6345 6347/6347
f 6347/6347 6345/6345 6346/6346
f 6345/6345 6344/6344 6346/6346
f 6346/6346 6344/6344 6350/6350
f 6350/6350 6344/6344 6378/6378
f 8816/8816 8814/8814 8815/8815
f 8815/8815 8814/8814 8813/8813
f 386/386 373/373 390/390
f 386/386 390/390 399/399
f 7564/7564 7563/7563 7113/7113
f 7113/7113 7563/7563 7114/7114
f 7563/7563 7344/7344 7114/7114
f 4843/4843 4841/4841 4842/4842
f 4842/4842 4858/4858 4857/4857
f 4858/4858 4859/4859 4857/4857
f 4857/4857 4859/4859 4860/4860
f 4859/4859 4879/4879 4860/4860
f 4879/4879 4882/4882 4860/4860
f 4882/4882 4883/4883 4860/4860
f 6344/6344 6360/6360 6361/6361
f 6344/6344 6361/6361 6378/6378
f 6360/6360 6363/6363 6362/6362
f 6360/6360 6362/6362 6361/6361
f 6363/6363 7459/7459 6367/6367
f 6363/6363 6367/6367 6362/6362
f 8755/8755 8756/8756 8757/8757
f 8757/8757 8756/8756 8758/8758
f 7369/7369 7371/7371 7372/7372
f 7372/7372 7371/7371 7373/7373
f 358/358 360/360 361/361
f 358/358 361/361 391/391
f 4071/4071 4062/4062 4098/4098
f 4098/4098 4062/4062 4097/4097
f 4062/4062 4038/4038 4096/4096
f 4062/4062 4096/4096 4097/4097
f 4038/4038 4095/4095 4096/4096
f 1881/1881 1880/1880 1879/1879
f 360/360 362/362 361/361
f 387/387 429/429 421/421
f 387/387 421/421 388/388
f 6959/6959 6958/6958 6960/6960
f 6960/6960 6958/6958 6962/6962
f 6958/6958 6957/6957 6962/6962
f 6962/6962 6957/6957 7362/7362
f 404/404 385/385 397/397
f 7220/7220 7217/7217 7221/7221
f 8456/8456 8455/8455 8452/8452
f 8455/8455 8453/8453 8452/8452
f 8452/8452 8453/8453 8454/8454
f 7213/7213 7214/7214 7518/7518
f 7214/7214 7216/7216 7518/7518
f 8448/8448 8449/8449 8450/8450
f 7276/7276 6923/6923 7239/7239
f 7239/7239 6923/6923 6878/6878
f 6923/6923 6874/6874 6878/6878
f 6878/6878 6874/6874 6877/6877
f 6874/6874 6876/6876 6877/6877
f 6877/6877 6876/6876 6879/6879
f 6876/6876 6880/6880 6879/6879
f 6879/6879 6880/6880 6881/6881
f 6880/6880 6882/6882 6881/6881
f 6885/6885 6889/6889 6887/6887
f 6889/6889 6890/6890 6887/6887
f 6890/6890 6909/6909 7160/7160
f 6890/6890 7160/7160 6887/6887
f 8462/8462 8463/8463 8464/8464
f 5046/5046 5042/5042 5043/5043
f 5046/5046 5043/5043 7160/7160
f 5042/5042 5041/5041 5043/5043
f 5041/5041 7180/7180 5044/5044
f 5041/5041 5044/5044 5043/5043
f 8506/8506 8507/8507 8508/8508
f 8508/8508 8507/8507 8509/8509
f 4827/4827 4946/4946 7067/7067
f 4946/4946 4835/4835 7067/7067
f 7067/7067 4835/4835 4837/4837
f 4835/4835 4836/4836 4837/4837
f 4837/4837 4836/4836 4856/4856
f 4856/4856 4836/4836 4841/4841
f 4836/4836 4839/4839 4841/4841
f 4881/4881 5026/5026 7077/7077
f 8342/8342 8343/8343 8344/8344
f 7077/7077 6679/6679 6678/6678
f 6679/6679 6675/6675 6678/6678
f 6678/6678 6675/6675 6677/6677
f 6677/6677 6675/6675 6676/6676
f 6675/6675 6673/6673 6676/6676
f 6673/6673 6670/6670 6707/6707
f 6670/6670 5282/5282 6707/6707
f 5277/5277 5249/5249 5541/5541
f 5249/5249 5251/5251 5541/5541
f 5541/5541 5251/5251 5262/5262
f 5251/5251 5261/5261 5262/5262
f 5261/5261 7338/7338 5284/5284
f 7741/7741 7742/7742 7743/7743
f 7743/7743 7742/7742 7744/7744
f 7744/7744 7742/7742 7745/7745
f 5231/5231 5233/5233 7062/7062
f 7751/7751 7752/7752 7753/7753
f 7752/7752 7754/7754 7753/7753
f 7548/7548 6731/6731 5396/5396
f 5396/5396 6731/6731 5391/5391
f 6731/6731 5392/5392 5391/5391
f 5392/5392 7326/7326 5400/5400
f 7326/7326 7263/7263 5400/5400
f 5368/5368 5402/5402 5366/5366
f 5402/5402 5542/5542 5366/5366
f 5366/5366 5542/5542 5365/5365
f 5365/5365 5542/5542 5354/5354
f 5542/5542 5352/5352 5354/5354
f 5352/5352 5353/5353 5354/5354
f 5354/5354 5353/5353 5355/5355
f 5353/5353 7190/7190 5355/5355
f 5355/5355 7190/7190 5359/5359
f 5359/5359 7190/7190 7431/7431
f 7190/7190 5470/5470 7431/7431
f 5470/5470 5445/5445 7084/7084
f 5445/5445 5444/5444 5446/5446
f 5444/5444 5447/5447 5446/5446
f 5447/5447 5449/5449 5450/5450
f 5449/5449 5451/5451 5450/5450
f 5450/5450 5451/5451 5467/5467
f 5467/5467 5451/5451 5456/5456
f 5451/5451 5455/5455 5456/5456
f 5455/5455 5460/5460 5457/5457
f 5455/5455 5457/5457 5456/5456
f 5460/5460 5462/5462 5461/5461
f 5460/5460 5461/5461 5457/5457
f 5462/5462 5465/5465 5461/5461
f 5461/5461 5465/5465 5466/5466
f 5465/5465 5885/5885 5466/5466
f 5466/5466 5885/5885 7141/7141
f 5885/5885 6806/6806 7141/7141
f 8312/8312 8311/8311 8310/8310
f 8311/8311 8307/8307 8310/8310
f 8310/8310 8307/8307 8309/8309
f 8307/8307 8308/8308 8309/8309
f 6348/6348 6788/6788 6345/6345
f 6788/6788 6341/6341 6345/6345
f 6345/6345 6341/6341 6344/6344
f 7571/7571 6965/6965 6961/6961
f 8817/8817 8814/8814 8816/8816
f 384/384 374/374 373/373
f 384/384 373/373 386/386
f 7565/7565 7330/7330 7563/7563
f 7565/7565 7563/7563 7564/7564
f 4841/4841 4839/4839 4842/4842
f 4839/4839 4900/4900 4842/4842
f 4842/4842 4900/4900 4858/4858
f 4900/4900 4859/4859 4858/4858
f 4900/4900 4880/4880 4859/4859
f 4859/4859 4880/4880 4879/4879
f 4880/4880 4881/4881 4879/4879
f 4879/4879 4881/4881 4882/4882
f 6344/6344 6342/6342 6360/6360
f 6342/6342 6380/6380 6360/6360
f 6360/6360 6380/6380 6363/6363
f 6380/6380 6376/6376 7459/7459
f 6380/6380 7459/7459 6363/6363
f 6376/6376 6608/6608 7369/7369
f 6376/6376 7369/7369 7459/7459
f 6608/6608 7370/7370 7369/7369
f 7369/7369 7370/7370 7371/7371
f 374/374 359/359 373/373
f 4037/4037 4035/4035 4036/4036
f 4035/4035 4034/4034 4036/4036
f 1817/1817 1819/1819 1818/1818
f 1819/1819 1820/1820 1818/1818
f 1823/1823 1826/1826 1824/1824
f 1826/1826 1828/1828 1827/1827
f 1857/1857 1876/1876 1874/1874
f 1874/1874 1876/1876 1878/1878
f 1874/1874 1878/1878 1880/1880
f 359/359 357/357 360/360
f 360/360 357/357 362/362
f 371/371 432/432 429/429
f 371/371 429/429 387/387
f 6963/6963 6956/6956 6959/6959
f 6959/6959 6956/6956 6958/6958
f 6956/6956 6957/6957 6958/6958
f 7329/7329 7219/7219 7220/7220
f 7220/7220 7219/7219 7217/7217
f 7219/7219 7211/7211 7217/7217
f 7217/7217 7211/7211 7213/7213
f 7211/7211 7212/7212 7213/7213
f 7213/7213 7212/7212 7214/7214
f 7212/7212 7215/7215 7214/7214
f 7214/7214 7215/7215 7216/7216
f 7215/7215 7336/7336 7216/7216
f 8449/8449 8451/8451 8450/8450
f 7336/7336 7074/7074 7276/7276
f 7276/7276 7074/7074 6923/6923
f 7074/7074 6875/6875 6923/6923
f 6923/6923 6875/6875 6874/6874
f 6875/6875 6873/6873 6874/6874
f 6873/6873 6872/6872 6874/6874
f 6874/6874 6872/6872 6876/6876
f 6872/6872 6939/6939 6876/6876
f 6876/6876 6939/6939 6880/6880
f 6939/6939 6911/6911 6882/6882
f 6939/6939 6882/6882 6880/6880
f 6911/6911 6912/6912 6884/6884
f 6911/6911 6884/6884 6882/6882
f 6912/6912 6920/6920 6884/6884
f 6884/6884 6920/6920 6885/6885
f 6920/6920 6891/6891 6889/6889
f 6920/6920 6889/6889 6885/6885
f 6889/6889 6891/6891 6890/6890
f 6891/6891 6892/6892 6890/6890
f 6892/6892 6919/6919 6909/6909
f 6892/6892 6909/6909 6890/6890
f 6919/6919 7181/7181 6909/6909
f 8462/8462 8465/8465 8463/8463
f 7181/7181 5040/5040 5046/5046
f 5046/5046 5040/5040 5042/5042
f 5040/5040 4885/4885 5041/5041
f 5040/5040 5041/5041 5042/5042
f 4885/4885 7180/7180 5041/5041
f 7180/7180 6705/6705 4827/4827
f 6705/6705 4820/4820 4827/4827
f 4820/4820 4819/4819 4827/4827
f 4827/4827 4819/4819 4946/4946
f 4819/4819 4829/4829 4946/4946
f 4946/4946 4829/4829 4835/4835
f 4829/4829 4834/4834 4835/4835
f 4835/4835 4834/4834 4836/4836
f 4834/4834 4838/4838 4836/4836
f 4836/4836 4838/4838 4839/4839
f 4838/4838 4851/4851 4839/4839
f 4884/4884 4905/4905 4881/4881
f 4881/4881 4905/4905 5026/5026
f 4905/4905 4907/4907 5026/5026
f 4907/4907 7001/7001 5026/5026
f 8342/8342 8345/8345 8343/8343
f 6679/6679 7001/7001 6675/6675
f 7001/7001 6674/6674 6675/6675
f 6674/6674 6672/6672 6673/6673
f 6674/6674 6673/6673 6675/6675
f 6672/6672 6670/6670 6673/6673
f 6670/6670 5283/5283 5282/5282
f 5283/5283 5278/5278 5279/5279
f 5283/5283 5279/5279 5282/5282
f 5278/5278 5276/5276 5277/5277
f 5278/5278 5277/5277 5279/5279
f 5276/5276 5249/5249 5277/5277
f 5249/5249 5250/5250 5251/5251
f 5250/5250 5260/5260 5251/5251
f 5251/5251 5260/5260 5261/5261
f 5260/5260 6823/6823 5261/5261
f 5261/5261 6823/6823 7338/7338
f 6823/6823 5288/5288 7338/7338
f 7338/7338 5288/5288 5231/5231
f 5288/5288 5230/5230 5231/5231
f 5230/5230 5227/5227 5231/5231
f 5231/5231 5227/5227 5233/5233
f 5227/5227 5225/5225 5233/5233
f 5225/5225 7577/7577 5233/5233
f 7752/7752 7755/7755 7754/7754
f 7577/7577 6731/6731 7548/7548
f 7759/7759 7756/7756 7758/7758
f 7756/7756 7757/7757 7758/7758
f 7764/7764 7763/7763 7760/7760
f 7763/7763 7761/7761 7760/7760
f 7763/7763 7765/7765 7761/7761
f 7201/7201 5377/5377 5378/5378
f 5377/5377 5376/5376 5378/5378
f 5377/5377 5401/5401 5374/5374
f 5377/5377 5374/5374 5376/5376
f 5401/5401 5389/5389 5372/5372
f 5401/5401 5372/5372 5374/5374
f 5389/5389 5405/5405 5368/5368
f 5389/5389 5368/5368 5372/5372
f 5405/5405 5403/5403 5368/5368
f 5368/5368 5403/5403 5402/5402
f 5403/5403 5523/5523 5402/5402
f 5402/5402 5523/5523 5542/5542
f 7770/7770 7772/7772 7773/7773
f 5542/5542 5351/5351 5352/5352
f 5351/5351 5350/5350 5352/5352
f 5352/5352 5350/5350 5353/5353
f 5353/5353 5350/5350 7190/7190
f 7774/7774 7776/7776 7777/7777
f 7190/7190 5441/5441 5470/5470
f 5441/5441 5439/5439 5470/5470
f 5470/5470 5439/5439 5445/5445
f 5439/5439 5444/5444 5445/5445
f 5444/5444 5448/5448 5447/5447
f 5448/5448 5449/5449 5447/5447
f 5449/5449 5454/5454 5451/5451
f 5454/5454 5455/5455 5451/5451
f 5455/5455 5479/5479 5460/5460
f 5479/5479 7120/7120 5462/5462
f 5479/5479 5462/5462 5460/5460
f 7120/7120 5469/5469 5462/5462
f 5469/5469 5465/5465 5462/5462
f 5465/5465 5476/5476 5885/5885
f 5476/5476 5478/5478 5885/5885
f 5885/5885 5478/5478 6806/6806
f 5478/5478 5508/5508 6806/6806
f 6806/6806 5508/5508 5510/5510
f 8822/8822 8821/8821 8823/8823
f 7571/7571 6964/6964 6965/6965
f 375/375 354/354 374/374
f 375/375 374/374 384/384
f 883/883 903/903 885/885
f 4851/4851 7142/7142 4839/4839
f 4839/4839 7142/7142 4900/4900
f 7142/7142 4880/4880 4900/4900
f 7142/7142 4884/4884 4880/4880
f 4880/4880 4884/4884 4881/4881
f 6343/6343 6370/6370 6342/6342
f 6342/6342 6370/6370 6380/6380
f 6370/6370 6373/6373 6376/6376
f 6370/6370 6376/6376 6380/6380
f 6373/6373 6374/6374 6608/6608
f 6373/6373 6608/6608 6376/6376
f 6374/6374 7414/7414 6608/6608
f 6608/6608 7414/7414 7370/7370
f 354/354 363/363 359/359
f 354/354 359/359 374/374
f 4007/4007 3978/3978 3993/3993
f 4007/4007 3975/3975 3978/3978
f 1622/1622 1829/1829 1621/1621
f 1855/1855 1857/1857 1858/1858
f 1857/1857 1864/1864 1858/1858
f 4459/4459 4452/4452 4461/4461
f 4459/4459 4461/4461 4460/4460
f 355/355 357/357 359/359
f 4441/4441 4427/4427 4442/4442
f 4441/4441 4442/4442 4452/4452
f 371/371 431/431 432/432
f 7328/7328 5646/5646 6956/6956
f 7328/7328 6956/6956 6963/6963
f 5646/5646 6584/6584 6956/6956
f 6956/6956 6584/6584 6957/6957
f 348/348 385/385 404/404
f 7352/7352 7208/7208 7329/7329
f 7352/7352 7329/7329 7331/7331
f 7208/7208 7219/7219 7329/7329
f 7208/7208 7206/7206 7219/7219
f 7219/7219 7206/7206 7211/7211
f 7206/7206 7209/7209 7211/7211
f 7211/7211 7209/7209 7212/7212
f 7209/7209 7227/7227 7212/7212
f 7212/7212 7227/7227 7215/7215
f 7227/7227 7228/7228 7215/7215
f 7215/7215 7228/7228 7336/7336
f 8470/8470 8471/8471 8472/8472
f 7336/7336 7202/7202 7074/7074
f 7202/7202 6943/6943 7074/7074
f 6943/6943 6875/6875 7074/7074
f 6873/6873 6870/6870 6872/6872
f 6870/6870 6871/6871 6872/6872
f 6872/6872 6871/6871 6939/6939
f 8458/8458 8459/8459 8460/8460
f 6912/6912 6917/6917 6920/6920
f 8446/8446 8444/8444 8447/8447
f 6920/6920 6896/6896 6891/6891
f 6896/6896 6895/6895 6891/6891
f 6895/6895 6892/6892 6891/6891
f 6892/6892 7125/7125 6919/6919
f 8469/8469 8467/8467 8466/8466
f 8466/8466 8467/8467 8468/8468
f 5047/5047 5039/5039 5040/5040
f 5047/5047 5040/5040 7181/7181
f 5039/5039 4885/4885 5040/5040
f 4885/4885 4947/4947 7180/7180
f 4947/4947 4926/4926 7180/7180
f 7180/7180 4926/4926 6705/6705
f 4926/4926 4816/4816 6705/6705
f 6705/6705 4816/4816 4820/4820
f 4816/4816 4819/4819 4820/4820
f 8333/8333 8334/8334 8332/8332
f 4884/4884 4906/4906 4905/4905
f 4906/4906 4907/4907 4905/4905
f 8324/8324 8323/8323 8326/8326
f 8323/8323 8327/8327 8326/8326
f 7001/7001 6682/6682 6674/6674
f 6682/6682 6672/6672 6674/6674
f 6672/6672 6671/6671 6670/6670
f 6671/6671 5283/5283 6670/6670
f 5283/5283 6824/6824 5278/5278
f 6824/6824 7192/7192 5278/5278
f 7192/7192 5246/5246 5276/5276
f 7192/7192 5276/5276 5278/5278
f 5246/5246 5248/5248 5249/5249
f 5246/5246 5249/5249 5276/5276
f 5249/5249 5248/5248 5250/5250
f 5248/5248 5289/5289 5250/5250
f 5250/5250 5289/5289 5260/5260
f 7738/7738 7737/7737 7739/7739
f 7739/7739 7737/7737 7740/7740
f 5239/5239 5236/5236 6823/6823
f 6823/6823 5236/5236 5288/5288
f 5236/5236 5230/5230 5288/5288
f 5225/5225 5224/5224 7577/7577
f 7577/7577 5224/5224 6731/6731
f 5224/5224 5222/5222 5290/5290
f 5224/5224 5290/5290 6731/6731
f 5222/5222 5275/5275 5290/5290
f 5290/5290 5275/5275 7326/7326
f 5275/5275 6695/6695 7326/7326
f 7766/7766 7767/7767 7765/7765
f 7766/7766 7765/7765 7763/7763
f 7496/7496 7063/7063 5377/5377
f 8316/8316 8313/8313 8315/8315
f 7063/7063 5401/5401 5377/5377
f 8313/8313 8314/8314 8315/8315
f 5401/5401 7435/7435 5389/5389
f 7435/7435 6992/6992 5389/5389
f 5389/5389 6992/6992 5405/5405
f 6992/6992 7447/7447 5405/5405
f 5405/5405 7447/7447 5403/5403
f 7447/7447 5523/5523 5403/5403
f 5351/5351 5347/5347 5350/5350
f 5347/5347 5349/5349 5350/5350
f 5349/5349 5561/5561 5350/5350
f 7774/7774 7775/7775 7776/7776
f 5561/5561 5440/5440 5441/5441
f 5440/5440 5439/5439 5441/5441
f 5444/5444 6853/6853 5448/5448
f 6853/6853 5506/5506 5449/5449
f 6853/6853 5449/5449 5448/5448
f 5506/5506 5454/5454 5449/5449
f 5454/5454 5458/5458 5455/5455
f 5458/5458 5479/5479 5455/5455
f 5469/5469 5471/5471 5465/5465
f 5471/5471 5475/5475 5465/5465
f 5465/5465 5475/5475 5476/5476
f 5475/5475 5477/5477 5476/5476
f 5476/5476 5477/5477 5478/5478
f 5478/5478 5507/5507 5508/5508
f 5507/5507 5509/5509 5508/5508
f 5508/5508 5509/5509 5510/5510
f 5509/5509 5909/5909 5510/5510
f 5510/5510 5909/5909 6788/6788
f 7796/7796 7797/7797 7798/7798
f 6788/6788 6339/6339 6341/6341
f 6339/6339 6340/6340 6341/6341
f 6341/6341 6340/6340 6342/6342
f 6340/6340 6343/6343 6342/6342
f 8822/8822 8819/8819 8821/8821
f 353/353 352/352 354/354
f 353/353 354/354 375/375
f 8340/8340 8341/8341 8338/8338
f 6977/6977 6976/6976 7142/7142
f 6976/6976 6555/6555 7142/7142
f 8330/8330 8331/8331 8332/8332
f 6343/6343 6371/6371 6370/6370
f 6371/6371 6372/6372 6370/6370
f 6370/6370 6372/6372 6373/6373
f 6372/6372 6375/6375 6374/6374
f 6372/6372 6374/6374 6373/6373
f 6375/6375 7570/7570 6374/6374
f 6374/6374 7570/7570 7414/7414
f 352/352 363/363 354/354
f 3974/3974 3973/3973 3976/3976
f 3974/3974 3714/3714 3973/3973
f 1621/1621 1618/1618 1620/1620
f 1618/1618 1619/1619 1620/1620
f 1849/1849 1607/1607 1848/1848
f 1607/1607 1606/1606 1603/1603
f 355/355 356/356 357/357
f 5642/5642 5643/5643 5646/5646
f 5642/5642 5646/5646 7328/7328
f 5643/5643 6583/6583 5646/5646
f 5646/5646 6583/6583 6584/6584
f 344/344 343/343 348/348
f 7230/7230 7229/7229 7208/7208
f 7230/7230 7208/7208 7352/7352
f 7229/7229 7207/7207 7208/7208
f 7207/7207 7206/7206 7208/7208
f 7209/7209 7363/7363 7227/7227
f 7363/7363 7317/7317 7227/7227
f 7227/7227 7317/7317 7228/7228
f 8473/8473 8471/8471 8470/8470
f 6943/6943 6942/6942 6875/6875
f 6942/6942 6941/6941 6875/6875
f 6875/6875 6941/6941 6873/6873
f 6941/6941 6870/6870 6873/6873
f 6911/6911 6913/6913 6912/6912
f 6913/6913 6914/6914 6912/6912
f 6912/6912 6914/6914 6917/6917
f 8445/8445 8444/8444 8446/8446
f 6895/6895 7319/7319 6892/6892
f 7319/7319 7510/7510 7125/7125
f 7319/7319 7125/7125 6892/6892
f 7510/7510 5890/5890 7125/7125
f 7125/7125 5890/5890 5047/5047
f 5890/5890 4886/4886 5039/5039
f 5890/5890 5039/5039 5047/5047
f 4886/4886 4885/4885 5039/5039
f 4816/4816 4815/4815 4819/4819
f 4815/4815 4826/4826 4819/4819
f 4819/4819 4826/4826 4829/4829
f 4826/4826 4830/4830 4829/4829
f 4829/4829 4830/4830 4834/4834
f 4830/4830 4896/4896 4834/4834
f 4896/4896 4840/4840 4834/4834
f 4834/4834 4840/4840 4838/4838
f 4840/4840 5072/5072 4838/4838
f 8339/8339 8337/8337 8336/8336
f 8336/8336 8337/8337 8338/8338
f 8337/8337 8340/8340 8338/8338
f 4906/4906 6809/6809 4907/4907
f 8325/8325 8322/8322 8324/8324
f 8322/8322 8323/8323 8324/8324
f 8323/8323 8328/8328 8327/8327
f 8328/8328 8329/8329 8327/8327
f 6682/6682 6757/6757 6672/6672
f 6757/6757 6671/6671 6672/6672
f 6671/6671 6824/6824 5283/5283
f 8528/8528 8529/8529 8530/8530
f 5259/5259 5243/5243 5246/5246
f 5259/5259 5246/5246 7192/7192
f 5243/5243 5242/5242 5246/5246
f 5246/5246 5242/5242 5248/5248
f 5242/5242 6751/6751 5248/5248
f 5248/5248 6751/6751 5289/5289
f 7736/7736 7737/7737 7738/7738
f 5236/5236 5235/5235 5230/5230
f 5235/5235 5228/5228 5230/5230
f 5230/5230 5228/5228 5227/5227
f 5228/5228 5226/5226 5227/5227
f 5227/5227 5226/5226 5225/5225
f 5226/5226 5223/5223 5225/5225
f 5225/5225 5223/5223 5224/5224
f 5223/5223 5222/5222 5224/5224
f 5275/5275 5555/5555 6695/6695
f 6318/6318 7262/7262 5555/5555
f 5555/5555 7262/7262 7496/7496
f 7262/7262 5413/5413 7496/7496
f 7496/7496 5413/5413 7063/7063
f 5413/5413 5411/5411 5416/5416
f 5413/5413 5416/5416 7063/7063
f 5411/5411 5409/5409 7435/7435
f 5411/5411 7435/7435 5416/5416
f 5409/5409 6992/6992 7435/7435
f 6992/6992 5408/5408 7447/7447
f 5408/5408 5407/5407 7447/7447
f 7768/7768 7769/7769 7770/7770
f 7769/7769 7771/7771 7770/7770
f 7770/7770 7771/7771 7772/7772
f 5554/5554 5347/5347 5351/5351
f 5347/5347 5348/5348 5349/5349
f 5348/5348 5517/5517 5349/5349
f 5349/5349 5517/5517 5561/5561
f 5517/5517 7193/7193 5561/5561
f 7193/7193 5440/5440 5561/5561
f 5440/5440 5438/5438 5439/5439
f 5438/5438 5437/5437 5439/5439
f 5439/5439 5437/5437 5444/5444
f 5437/5437 6853/6853 5444/5444
f 5506/5506 5464/5464 5454/5454
f 5458/5458 7355/7355 5479/5479
f 7355/7355 5473/5473 7120/7120
f 7355/7355 7120/7120 5479/5479
f 5473/5473 5472/5472 5469/5469
f 5473/5473 5469/5469 7120/7120
f 5472/5472 5474/5474 5471/5471
f 5472/5472 5471/5471 5469/5469
f 5474/5474 5475/5475 5471/5471
f 5475/5475 5480/5480 5477/5477
f 5477/5477 5483/5483 5478/5478
f 5478/5478 5483/5483 5507/5507
f 5507/5507 5909/5909 5509/5509
f 7796/7796 7793/7793 7797/7797
f 6338/6338 6337/6337 6339/6339
f 6339/6339 6337/6337 6340/6340
f 6337/6337 7203/7203 6340/6340
f 6340/6340 7203/7203 6343/6343
f 6343/6343 7203/7203 6371/6371
f 5638/5638 5639/5639 5647/5647
f 5638/5638 5647/5647 7324/7324
f 350/350 351/351 352/352
f 350/350 352/352 353/353
f 7203/7203 7406/7406 6371/6371
f 6371/6371 7406/7406 6372/6372
f 8742/8742 8743/8743 8744/8744
f 8744/8744 8743/8743 8745/8745
f 5631/5631 5630/5630 7570/7570
f 8743/8743 8746/8746 8745/8745
f 351/351 368/368 363/363
f 351/351 363/363 352/352
f 3714/3714 3068/3068 3789/3789
f 3789/3789 3068/3068 3505/3505
f 4470/4470 4458/4458 4464/4464
f 4464/4464 4458/4458 4471/4471
f 364/364 356/356 355/355
f 5641/5641 5645/5645 5643/5643
f 5641/5641 5643/5643 5642/5642
f 5645/5645 7368/7368 5643/5643
f 5643/5643 7368/7368 6583/6583
f 339/339 342/342 343/343
f 339/339 343/343 344/344
f 7260/7260 7210/7210 7230/7230
f 7230/7230 7210/7210 7229/7229
f 7210/7210 7207/7207 7229/7229
f 7206/7206 6150/6150 7209/7209
f 6150/6150 6167/6167 7363/7363
f 6150/6150 7363/7363 7209/7209
f 6167/6167 6997/6997 7363/7363
f 7363/7363 6997/6997 7317/7317
f 6997/6997 6145/6145 7317/7317
f 7317/7317 6145/6145 7202/7202
f 6145/6145 7123/7123 7202/7202
f 7202/7202 7123/7123 6943/6943
f 7123/7123 6942/6942 6943/6943
f 8458/8458 8461/8461 8459/8459
f 6940/6940 6913/6913 6911/6911
f 8443/8443 8444/8444 8445/8445
f 6936/6936 6910/6910 6896/6896
f 6896/6896 6910/6910 6895/6895
f 6910/6910 7319/7319 6895/6895
f 7510/7510 7251/7251 5890/5890
f 7251/7251 4886/4886 5890/5890
f 4886/4886 4824/4824 4885/4885
f 4824/4824 4822/4822 4885/4885
f 4885/4885 4822/4822 4947/4947
f 4822/4822 4817/4817 4926/4926
f 4822/4822 4926/4926 4947/4947
f 4817/4817 4816/4816 4926/4926
f 4830/4830 4833/4833 4896/4896
f 4610/4610 4607/4607 6709/6709
f 4607/4607 4604/4604 6709/6709
f 6709/6709 4604/4604 6555/6555
f 4604/4604 4600/4600 6555/6555
f 8333/8333 8335/8335 8334/8334
f 4532/4532 4533/4533 6865/6865
f 4533/4533 4514/4514 6865/6865
f 6865/6865 4514/4514 4530/4530
f 6757/6757 7678/7678 6671/6671
f 7678/7678 6825/6825 6671/6671
f 6671/6671 6825/6825 6824/6824
f 8531/8531 8532/8532 8529/8529
f 8531/8531 8529/8529 8528/8528
f 7343/7343 5244/5244 5259/5259
f 5259/5259 5244/5244 5243/5243
f 5244/5244 5241/5241 5243/5243
f 5243/5243 5241/5241 5242/5242
f 5241/5241 5237/5237 5242/5242
f 5242/5242 5237/5237 6751/6751
f 6751/6751 5237/5237 5239/5239
f 5237/5237 5236/5236 5239/5239
f 5226/5226 5232/5232 5223/5223
f 5232/5232 5234/5234 5223/5223
f 5234/5234 5217/5217 5223/5223
f 5223/5223 5217/5217 5222/5222
f 5217/5217 5220/5220 5222/5222
f 5222/5222 5220/5220 5275/5275
f 5220/5220 5555/5555 5275/5275
f 5220/5220 6318/6318 5555/5555
f 7262/7262 5420/5420 5413/5413
f 5420/5420 5412/5412 5413/5413
f 5413/5413 5412/5412 5411/5411
f 5412/5412 5410/5410 5411/5411
f 5411/5411 5410/5410 5409/5409
f 5409/5409 5408/5408 6992/6992
f 5437/5437 5500/5500 6853/6853
f 7778/7778 7779/7779 7780/7780
f 6853/6853 5504/5504 5506/5506
f 5504/5504 5464/5464 5506/5506
f 5464/5464 5459/5459 5454/5454
f 5454/5454 5459/5459 5458/5458
f 5459/5459 7355/7355 5458/5458
f 7355/7355 6730/6730 5473/5473
f 6730/6730 5472/5472 5473/5473
f 5474/5474 5480/5480 5475/5475
f 5477/5477 7388/7388 5483/5483
f 7388/7388 5511/5511 5483/5483
f 5483/5483 5511/5511 5507/5507
f 5511/5511 7061/7061 5507/5507
f 5507/5507 7061/7061 5909/5909
f 7791/7791 7793/7793 7796/7796
f 6337/6337 5627/5627 7203/7203
f 5627/5627 6212/6212 7203/7203
f 6212/6212 5625/5625 7406/7406
f 6212/6212 7406/7406 7203/7203
f 5632/5632 5640/5640 5639/5639
f 5632/5632 5639/5639 5638/5638
f 349/349 351/351 350/350
f 6977/6977 4610/4610 6976/6976
f 5625/5625 5628/5628 5631/5631
f 5625/5625 5631/5631 7406/7406
f 5628/5628 5629/5629 5630/5630
f 5628/5628 5630/5630 5631/5631
f 364/364 365/365 356/356
f 5644/5644 5645/5645 5641/5641
f 5645/5645 7401/7401 7368/7368
f 337/337 338/338 339/339
f 339/339 338/338 342/342
f 7210/7210 7205/7205 7207/7207
f 7207/7207 7205/7205 7206/7206
f 7205/7205 6150/6150 7206/7206
f 6167/6167 6144/6144 6997/6997
f 6144/6144 6145/6145 6997/6997
f 7123/7123 6941/6941 6942/6942
f 6941/6941 6868/6868 6870/6870
f 6868/6868 6869/6869 6870/6870
f 6870/6870 6869/6869 6871/6871
f 6869/6869 6940/6940 6871/6871
f 6913/6913 6915/6915 6914/6914
f 6914/6914 6915/6915 6936/6936
f 8440/8440 8439/8439 8441/8441
f 6047/6047 6045/6045 7319/7319
f 8439/8439 8442/8442 8441/8441
f 6045/6045 6046/6046 7510/7510
f 6045/6045 7510/7510 7319/7319
f 6046/6046 7251/7251 7510/7510
f 7251/7251 7504/7504 4886/4886
f 7504/7504 4824/4824 4886/4886
f 4815/4815 5889/5889 4826/4826
f 4826/4826 4831/4831 4830/4830
f 4831/4831 4833/4833 4830/4830
f 4833/4833 7425/7425 4896/4896
f 4896/4896 7425/7425 4840/4840
f 4840/4840 7425/7425 5072/5072
f 7425/7425 4609/4609 5072/5072
f 5072/5072 4609/4609 4610/4610
f 4609/4609 4607/4607 4610/4610
f 4604/4604 4597/4597 4600/4600
f 4597/4597 4519/4519 4600/4600
f 4600/4600 4519/4519 6809/6809
f 4519/4519 4531/4531 6809/6809
f 6809/6809 4531/4531 4532/4532
f 4531/4531 4516/4516 4532/4532
f 4532/4532 4516/4516 4533/4533
f 4516/4516 4514/4514 4533/4533
f 4514/4514 4513/4513 4530/4530
f 4513/4513 4512/4512 4530/4530
f 4530/4530 4512/4512 6757/6757
f 4512/4512 4525/4525 7678/7678
f 4512/4512 7678/7678 6757/6757
f 4525/4525 7342/7342 7678/7678
f 8535/8535 8534/8534 8531/8531
f 8534/8534 8533/8533 8531/8531
f 8531/8531 8533/8533 8532/8532
f 5606/5606 5245/5245 5244/5244
f 5606/5606 5244/5244 7343/7343
f 5245/5245 5252/5252 5241/5241
f 5245/5245 5241/5241 5244/5244
f 5252/5252 5273/5273 5241/5241
f 5273/5273 5238/5238 5241/5241
f 5241/5241 5238/5238 5237/5237
f 5238/5238 5235/5235 5237/5237
f 5237/5237 5235/5235 5236/5236
f 5235/5235 5229/5229 5228/5228
f 5228/5228 5229/5229 5226/5226
f 5229/5229 5232/5232 5226/5226
f 5287/5287 6800/6800 5220/5220
f 5220/5220 6800/6800 6318/6318
f 8658/8658 8659/8659 8660/8660
f 8660/8660 8659/8659 8661/8661
f 5422/5422 5420/5420 7262/7262
f 5420/5420 5414/5414 5412/5412
f 5414/5414 5410/5410 5412/5412
f 5410/5410 5337/5337 5409/5409
f 5409/5409 5337/5337 5408/5408
f 5408/5408 5337/5337 5407/5407
f 5337/5337 5338/5338 5407/5407
f 5407/5407 5338/5338 5554/5554
f 5338/5338 5344/5344 5554/5554
f 5554/5554 5344/5344 5347/5347
f 5344/5344 5346/5346 5347/5347
f 5347/5347 5346/5346 5348/5348
f 5348/5348 5424/5424 5517/5517
f 5424/5424 7193/7193 5517/5517
f 7193/7193 5442/5442 5440/5440
f 5442/5442 5436/5436 5440/5440
f 5440/5440 5436/5436 5438/5438
f 5436/5436 5437/5437 5438/5438
f 6730/6730 5474/5474 5472/5472
f 7782/7782 7783/7783 7784/7784
f 6694/6694 5480/5480 5474/5474
f 7783/7783 7785/7785 7784/7784
f 5480/5480 6210/6210 5477/5477
f 5477/5477 6210/6210 7388/7388
f 7786/7786 7788/7788 7789/7789
f 7791/7791 7792/7792 7793/7793
f 7555/7555 5886/5886 6338/6338
f 6338/6338 5886/5886 6337/6337
f 5886/5886 5627/5627 6337/6337
f 5627/5627 5624/5624 6212/6212
f 5624/5624 5623/5623 5625/5625
f 5624/5624 5625/5625 6212/6212
f 5650/5650 7544/7544 5640/5640
f 5650/5650 5640/5640 5632/5632
f 377/377 369/369 349/349
f 349/349 369/369 351/351
f 5623/5623 5626/5626 5625/5625
f 5625/5625 5626/5626 5628/5628
f 5626/5626 5633/5633 5629/5629
f 5626/5626 5629/5629 5628/5628
f 369/369 372/372 368/368
f 369/369 368/368 351/351
f 1645/1645 1648/1648 1647/1647
f 1108/1108 1105/1105 1116/1116
f 1116/1116 1105/1105 1111/1111
f 366/366 365/365 364/364
f 366/366 367/367 365/365
f 7481/7481 7439/7439 5644/5644
f 5644/5644 7439/7439 5645/5645
f 7439/7439 7480/7480 7401/7401
f 7439/7439 7401/7401 5645/5645
f 341/341 340/340 337/337
f 337/337 340/340 338/338
f 7308/7308 7486/7486 7210/7210
f 7308/7308 7210/7210 7260/7260
f 7486/7486 7205/7205 7210/7210
f 7486/7486 7128/7128 7205/7205
f 7128/7128 6149/6149 6150/6150
f 7128/7128 6150/6150 7205/7205
f 6149/6149 6146/6146 6150/6150
f 6150/6150 6146/6146 6167/6167
f 6146/6146 6144/6144 6167/6167
f 6144/6144 6142/6142 6145/6145
f 6142/6142 6187/6187 6145/6145
f 6145/6145 6187/6187 7123/7123
f 6187/6187 7277/7277 7123/7123
f 7123/7123 7277/7277 6941/6941
f 7277/7277 6868/6868 6941/6941
f 6869/6869 7310/7310 6940/6940
f 7310/7310 6913/6913 6940/6940
f 6915/6915 7349/7349 6936/6936
f 8438/8438 8439/8439 8440/8440
f 6046/6046 6044/6044 7251/7251
f 6044/6044 7504/7504 7251/7251
f 4824/4824 4821/4821 4822/4822
f 4821/4821 4818/4818 4817/4817
f 4821/4821 4817/4817 4822/4822
f 4818/4818 4637/4637 4817/4817
f 4817/4817 4637/4637 4816/4816
f 4637/4637 4815/4815 4816/4816
f 5889/5889 4832/4832 4826/4826
f 4832/4832 4831/4831 4826/4826
f 8524/8524 8526/8526 8527/8527
f 6336/6336 6335/6335 7425/7425
f 7425/7425 6335/6335 4609/4609
f 6335/6335 4608/4608 4609/4609
f 4609/4609 4608/4608 4607/4607
f 4608/4608 4605/4605 4607/4607
f 4607/4607 4605/4605 4604/4604
f 4605/4605 4597/4597 4604/4604
f 4519/4519 4515/4515 4531/4531
f 4531/4531 4515/4515 4516/4516
f 4515/4515 4514/4514 4516/4516
f 4525/4525 6754/6754 7342/7342
f 7726/7726 7725/7725 7727/7727
f 7342/7342 5255/5255 5606/5606
f 5255/5255 5245/5245 5606/5606
f 5238/5238 5240/5240 5235/5235
f 5240/5240 5292/5292 5235/5235
f 5235/5235 5292/5292 5229/5229
f 5292/5292 7253/7253 5229/5229
f 5229/5229 7253/7253 5232/5232
f 7253/7253 5234/5234 5232/5232
f 5217/5217 5219/5219 5220/5220
f 5219/5219 5287/5287 5220/5220
f 5287/5287 7506/7506 6800/6800
f 7506/7506 5421/5421 6800/6800
f 6800/6800 5421/5421 5422/5422
f 5421/5421 5418/5418 5420/5420
f 5421/5421 5420/5420 5422/5422
f 5418/5418 5414/5414 5420/5420
f 5414/5414 5415/5415 5410/5410
f 5415/5415 6999/6999 5410/5410
f 5410/5410 6999/6999 5337/5337
f 6999/6999 5339/5339 5337/5337
f 5336/5336 5338/5338 5337/5337
f 5424/5424 5425/5425 7193/7193
f 5425/5425 5442/5442 7193/7193
f 5436/5436 5435/5435 5437/5437
f 5435/5435 5485/5485 5437/5437
f 5437/5437 5485/5485 5500/5500
f 5485/5485 5549/5549 5500/5500
f 7778/7778 7781/7781 7779/7779
f 5549/5549 5482/5482 5504/5504
f 5504/5504 5482/5482 5464/5464
f 5482/5482 5522/5522 5459/5459
f 5482/5482 5459/5459 5464/5464
f 7804/7804 7805/7805 7806/7806
f 7806/7806 7805/7805 7807/7807
f 5499/5499 5556/5556 6730/6730
f 5499/5499 6730/6730 7355/7355
f 7808/7808 7809/7809 7810/7810
f 7808/7808 7811/7811 7809/7809
f 5587/5587 5585/5585 6210/6210
f 5585/5585 5589/5589 6210/6210
f 7786/7786 7787/7787 7788/7788
f 7787/7787 7790/7790 7788/7788
f 7788/7788 7790/7790 7791/7791
f 7790/7790 7792/7792 7791/7791
f 5886/5886 5635/5635 5627/5627
f 5635/5635 5622/5622 5627/5627
f 5627/5627 5622/5622 5624/5624
f 5622/5622 5623/5623 5624/5624
f 7545/7545 7672/7672 7544/7544
f 7545/7545 7544/7544 5650/5650
f 377/377 376/376 369/369
f 5623/5623 7669/7669 5626/5626
f 7669/7669 7674/7674 5633/5633
f 7669/7669 5633/5633 5626/5626
f 376/376 383/383 372/372
f 376/376 372/372 369/369
f 1103/1103 1104/1104 1105/1105
f 1103/1103 1105/1105 1108/1108
f 381/381 382/382 367/367
f 381/381 367/367 366/366
f 8781/8781 8778/8778 8780/8780
f 7482/7482 7439/7439 7481/7481
f 8778/8778 8779/8779 8780/8780
f 8780/8780 8779/8779 8782/8782
f 346/346 345/345 341/341
f 341/341 345/345 340/340
f 7308/7308 6772/6772 7486/7486
f 6772/6772 6168/6168 7486/7486
f 6168/6168 6152/6152 7128/7128
f 6168/6168 7128/7128 7486/7486
f 6152/6152 6148/6148 7128/7128
f 7128/7128 6148/6148 6149/6149
f 6148/6148 6146/6146 6149/6149
f 6146/6146 6143/6143 6144/6144
f 6143/6143 6142/6142 6144/6144
f 6187/6187 6863/6863 7277/7277
f 6863/6863 6136/6136 7277/7277
f 6136/6136 6861/6861 7277/7277
f 7277/7277 6861/6861 6868/6868
f 6861/6861 6867/6867 6868/6868
f 6868/6868 6867/6867 6869/6869
f 6867/6867 7310/7310 6869/6869
f 7310/7310 6916/6916 6913/6913
f 6916/6916 6915/6915 6913/6913
f 6916/6916 7349/7349 6915/6915
f 7349/7349 6039/6039 6047/6047
f 6039/6039 6040/6040 6047/6047
f 6047/6047 6040/6040 6045/6045
f 6040/6040 6042/6042 6045/6045
f 6045/6045 6042/6042 6046/6046
f 6042/6042 6044/6044 6046/6046
f 6044/6044 6797/6797 7504/7504
f 6797/6797 4828/4828 7504/7504
f 7504/7504 4828/4828 4824/4824
f 4828/4828 4821/4821 4824/4824
f 4637/4637 4814/4814 4815/4815
f 4815/4815 4814/4814 5889/5889
f 7696/7696 7692/7692 7697/7697
f 4832/4832 7057/7057 4831/4831
f 4831/4831 7057/7057 4833/4833
f 8524/8524 8525/8525 8526/8526
f 7057/7057 4617/4617 6336/6336
f 6336/6336 4617/4617 6335/6335
f 4617/4617 4615/4615 6335/6335
f 6335/6335 4615/4615 4608/4608
f 4615/4615 4612/4612 4608/4608
f 4612/4612 4611/4611 4608/4608
f 4608/4608 4611/4611 4605/4605
f 4597/4597 4594/4594 4519/4519
f 4594/4594 4517/4517 4519/4519
f 4519/4519 4517/4517 4515/4515
f 4517/4517 4508/4508 4515/4515
f 4515/4515 4508/4508 4514/4514
f 4508/4508 4511/4511 4514/4514
f 4514/4514 4511/4511 4513/4513
f 4511/4511 4507/4507 4512/4512
f 4511/4511 4512/4512 4513/4513
f 4507/4507 4509/4509 4525/4525
f 4507/4507 4525/4525 4512/4512
f 4509/4509 4524/4524 4525/4525
f 4525/4525 4524/4524 6754/6754
f 7723/7723 7724/7724 7725/7725
f 7723/7723 7725/7725 7726/7726
f 7058/7058 5254/5254 5255/5255
f 5255/5255 5254/5254 5245/5245
f 5254/5254 5253/5253 5245/5245
f 5245/5245 5253/5253 5252/5252
f 5253/5253 7237/7237 5273/5273
f 5253/5253 5273/5273 5252/5252
f 7237/7237 5247/5247 5238/5238
f 7237/7237 5238/5238 5273/5273
f 5238/5238 5247/5247 5240/5240
f 5247/5247 5524/5524 5240/5240
f 7849/7849 7846/7846 7848/7848
f 7846/7846 7847/7847 7848/7848
f 5240/5240 6752/6752 5292/5292
f 7853/7853 7851/7851 7850/7850
f 7850/7850 7851/7851 7852/7852
f 5214/5214 5215/5215 7253/7253
f 7253/7253 5215/5215 5234/5234
f 5215/5215 5217/5217 5234/5234
f 5219/5219 5221/5221 5287/5287
f 5221/5221 7489/7489 5287/5287
f 5287/5287 7489/7489 7506/7506
f 7489/7489 5553/5553 5421/5421
f 7489/7489 5421/5421 7506/7506
f 5553/5553 5419/5419 5418/5418
f 5553/5553 5418/5418 5421/5421
f 5419/5419 5417/5417 5418/5418
f 5418/5418 5417/5417 5414/5414
f 5417/5417 5415/5415 5414/5414
f 5336/5336 5340/5340 5338/5338
f 5338/5338 5340/5340 5344/5344
f 5340/5340 5345/5345 5344/5344
f 5344/5344 5345/5345 5346/5346
f 5345/5345 5423/5423 5346/5346
f 5346/5346 5423/5423 5348/5348
f 5348/5348 5423/5423 5424/5424
f 5423/5423 5425/5425 5424/5424
f 5425/5425 5428/5428 5442/5442
f 5428/5428 5433/5433 5442/5442
f 5442/5442 5433/5433 5436/5436
f 5433/5433 5435/5435 5436/5436
f 5485/5485 5486/5486 5549/5549
f 7815/7815 7814/7814 7816/7816
f 5482/5482 7350/7350 5522/5522
f 5499/5499 5498/5498 5556/5556
f 5498/5498 5505/5505 5556/5556
f 5505/5505 6694/6694 5556/5556
f 6694/6694 5586/5586 5587/5587
f 5587/5587 5586/5586 5585/5585
f 5585/5585 5588/5588 5589/5589
f 5588/5588 5578/5578 5589/5589
f 5578/5578 5590/5590 5589/5589
f 7790/7790 7794/7794 7792/7792
f 7556/7556 6390/6390 7555/7555
f 7555/7555 6390/6390 5886/5886
f 6390/6390 5635/5635 5886/5886
f 5621/5621 5618/5618 7669/7669
f 5619/5619 5637/5637 7672/7672
f 8788/8788 8789/8789 8786/8786
f 345/345 401/401 378/378
f 345/345 378/378 340/340
f 5618/5618 5620/5620 7669/7669
f 7669/7669 5620/5620 7674/7674
f 389/389 395/395 383/383
f 389/389 383/383 376/376
f 392/392 393/393 381/381
f 1106/1106 1107/1107 1104/1104
f 1106/1106 1104/1104 1103/1103
f 4414/4414 4415/4415 4416/4416
f 1110/1110 1107/1107 1106/1106
f 393/393 394/394 382/382
f 393/393 382/382 381/381
f 470/470 394/394 473/473
f 473/473 394/394 393/393
f 7671/7671 7452/7452 7455/7455
f 8783/8783 8778/8778 8781/8781
f 5613/5613 7451/7451 7671/7671
f 7671/7671 7451/7451 7452/7452
f 7452/7452 7454/7454 7455/7455
f 7455/7455 7454/7454 7456/7456
f 424/424 347/347 346/346
f 346/346 347/347 345/345
f 6185/6185 6772/6772 7308/7308
f 6152/6152 6151/6151 6148/6148
f 6151/6151 6147/6147 6148/6148
f 6148/6148 6147/6147 6146/6146
f 6147/6147 6143/6143 6146/6146
f 6142/6142 6137/6137 6187/6187
f 6137/6137 6863/6863 6187/6187
f 6867/6867 6944/6944 7310/7310
f 8435/8435 8433/8433 8436/8436
f 7064/7064 6050/6050 7349/7349
f 8432/8432 8434/8434 8433/8433
f 6050/6050 6039/6039 7349/7349
f 6042/6042 6043/6043 6044/6044
f 6043/6043 6797/6797 6044/6044
f 6797/6797 4825/4825 4828/4828
f 4825/4825 4823/4823 4821/4821
f 4825/4825 4821/4821 4828/4828
f 4823/4823 4637/4637 4821/4821
f 4821/4821 4637/4637 4818/4818
f 4637/4637 4639/4639 4814/4814
f 4639/4639 5027/5027 4814/4814
f 5027/5027 7069/7069 4814/4814
f 7696/7696 7695/7695 7692/7692
f 7695/7695 7693/7693 7692/7692
f 7692/7692 7693/7693 7694/7694
f 4627/4627 4617/4617 7057/7057
f 4617/4617 4616/4616 4615/4615
f 4616/4616 4614/4614 4615/4615
f 4615/4615 4614/4614 4612/4612
f 4614/4614 4613/4613 4612/4612
f 4612/4612 4613/4613 4611/4611
f 4611/4611 7392/7392 4605/4605
f 4605/4605 7392/7392 4597/4597
f 7392/7392 4594/4594 4597/4597
f 4520/4520 4518/4518 4517/4517
f 4518/4518 4508/4508 4517/4517
f 4508/4508 4507/4507 4511/4511
f 7058/7058 5256/5256 5254/5254
f 5256/5256 5253/5253 5254/5254
f 7854/7854 7855/7855 7856/7856
f 7855/7855 7857/7857 7856/7856
f 5211/5211 5214/5214 6752/6752
f 5215/5215 5216/5216 5217/5217
f 5216/5216 5218/5218 5217/5217
f 5217/5217 5218/5218 5219/5219
f 5218/5218 5221/5221 5219/5219
f 5221/5221 5294/5294 7489/7489
f 5294/5294 5295/5295 5553/5553
f 5294/5294 5553/5553 7489/7489
f 7832/7832 7830/7830 7831/7831
f 7832/7832 7831/7831 7833/7833
f 7830/7830 7828/7828 7831/7831
f 5419/5419 6514/6514 5417/5417
f 7828/7828 7825/7825 7827/7827
f 6514/6514 5415/5415 5417/5417
f 5321/5321 5342/5342 6999/6999
f 7825/7825 7826/7826 7827/7827
f 6999/6999 5342/5342 5339/5339
f 5342/5342 5333/5333 5339/5339
f 5339/5339 5333/5333 5337/5337
f 5337/5337 5333/5333 5336/5336
f 5428/5428 5432/5432 5433/5433
f 5432/5432 5434/5434 5433/5433
f 5433/5433 5434/5434 5435/5435
f 5435/5435 5434/5434 5485/5485
f 5434/5434 5486/5486 5485/5485
f 7815/7815 7812/7812 7814/7814
f 7812/7812 7813/7813 7814/7814
f 7350/7350 5491/5491 5522/5522
f 5491/5491 5495/5495 5522/5522
f 5522/5522 5495/5495 5499/5499
f 5495/5495 5498/5498 5499/5499
f 5505/5505 7345/7345 6694/6694
f 7345/7345 5586/5586 6694/6694
f 5605/5605 5574/5574 5586/5586
f 5586/5586 5574/5574 5585/5585
f 5574/5574 5584/5584 5585/5585
f 5585/5585 5584/5584 5588/5588
f 5584/5584 5578/5578 5588/5588
f 5578/5578 5597/5597 5590/5590
f 5597/5597 7670/7670 5590/5590
f 7790/7790 7795/7795 7794/7794
f 7670/7670 6390/6390 7556/7556
f 6390/6390 7576/7576 5635/5635
f 7576/7576 5636/5636 5635/5635
f 5635/5635 5636/5636 5622/5622
f 5636/5636 5612/5612 5622/5622
f 5622/5622 5612/5612 5621/5621
f 5612/5612 5617/5617 5618/5618
f 5612/5612 5618/5618 5621/5621
f 5611/5611 5613/5613 5637/5637
f 5611/5611 5637/5637 5619/5619
f 347/347 407/407 401/401
f 347/347 401/401 345/345
f 5618/5618 5617/5617 5620/5620
f 400/400 396/396 395/395
f 400/400 395/395 389/389
f 1717/1717 1718/1718 1719/1719
f 403/403 402/402 392/392
f 392/392 402/402 393/393
f 7424/7424 7421/7421 7454/7454
f 7424/7424 7454/7454 7452/7452
f 449/449 411/411 424/424
f 424/424 411/411 347/347
f 6151/6151 7257/7257 6147/6147
f 7257/7257 6189/6189 6147/6147
f 6147/6147 6189/6189 6143/6143
f 6189/6189 6141/6141 6143/6143
f 6143/6143 6141/6141 6142/6142
f 6141/6141 6137/6137 6142/6142
f 6137/6137 6135/6135 6863/6863
f 6135/6135 6136/6136 6863/6863
f 6861/6861 6862/6862 6867/6867
f 6862/6862 6944/6944 6867/6867
f 8435/8435 8431/8431 8433/8433
f 8431/8431 8432/8432 8433/8433
f 6032/6032 6050/6050 7064/7064
f 6040/6040 6041/6041 6042/6042
f 6041/6041 6043/6043 6042/6042
f 8577/8577 8576/8576 8578/8578
f 5882/5882 4825/4825 6797/6797
f 4823/4823 4937/4937 4637/4637
f 4937/4937 4635/4635 4637/4637
f 4635/4635 4633/4633 4637/4637
f 4637/4637 4633/4633 4639/4639
f 4633/4633 7170/7170 4639/4639
f 4639/4639 7170/7170 5027/5027
f 7698/7698 7699/7699 7700/7700
f 7700/7700 7699/7699 7701/7701
f 4631/4631 4621/4621 7069/7069
f 7069/7069 4621/4621 4627/4627
f 4621/4621 4618/4618 4627/4627
f 4627/4627 4618/4618 4617/4617
f 4617/4617 4618/4618 4616/4616
f 4616/4616 5053/5053 4614/4614
f 5053/5053 4613/4613 4614/4614
f 4613/4613 5057/5057 4611/4611
f 5057/5057 6321/6321 4611/4611
f 4611/4611 6321/6321 7392/7392
f 7690/7690 7689/7689 7691/7691
f 7392/7392 4521/4521 4594/4594
f 4594/4594 4521/4521 4517/4517
f 4521/4521 4520/4520 4517/4517
f 4518/4518 7072/7072 4508/4508
f 7072/7072 4503/4503 4508/4508
f 4508/4508 4503/4503 4507/4507
f 4503/4503 4506/4506 4507/4507
f 4506/4506 4523/4523 4509/4509
f 4506/4506 4509/4509 4507/4507
f 4523/4523 4526/4526 4524/4524
f 4523/4523 4524/4524 4509/4509
f 4526/4526 4529/4529 7058/7058
f 4526/4526 7058/7058 4524/4524
f 7730/7730 7734/7734 7735/7735
f 5256/5256 5257/5257 5253/5253
f 5257/5257 5649/5649 7237/7237
f 5257/5257 7237/7237 5253/5253
f 8300/8300 8299/8299 8301/8301
f 7237/7237 5544/5544 5299/5299
f 5544/5544 5298/5298 5299/5299
f 5298/5298 5206/5206 5299/5299
f 5299/5299 5206/5206 5524/5524
f 5206/5206 5208/5208 5524/5524
f 5208/5208 5209/5209 6752/6752
f 5209/5209 5211/5211 6752/6752
f 5211/5211 5213/5213 5214/5214
f 5214/5214 5213/5213 5215/5215
f 5213/5213 5216/5216 5215/5215
f 5218/5218 5293/5293 5221/5221
f 5221/5221 5293/5293 5294/5294
f 5293/5293 5296/5296 5295/5295
f 5293/5293 5295/5295 5294/5294
f 5296/5296 5297/5297 5295/5295
f 5295/5295 5297/5297 5560/5560
f 5297/5297 6611/6611 5560/5560
f 7830/7830 7829/7829 7828/7828
f 7829/7829 7825/7825 7828/7828
f 5321/5321 5322/5322 5342/5342
f 5322/5322 5328/5328 5342/5342
f 5328/5328 5330/5330 5342/5342
f 5342/5342 5330/5330 5333/5333
f 5330/5330 5331/5331 5333/5333
f 5333/5333 5331/5331 5336/5336
f 5331/5331 5406/5406 5336/5336
f 5336/5336 5406/5406 5340/5340
f 5340/5340 5406/5406 5345/5345
f 5345/5345 7019/7019 5423/5423
f 7019/7019 5426/5426 5423/5423
f 5423/5423 5426/5426 5425/5425
f 5426/5426 5427/5427 5425/5425
f 5427/5427 5428/5428 5425/5425
f 5428/5428 5429/5429 5432/5432
f 5429/5429 5443/5443 5432/5432
f 5432/5432 5443/5443 5434/5434
f 5434/5434 5487/5487 5486/5486
f 5487/5487 5488/5488 5486/5486
f 5488/5488 5491/5491 7350/7350
f 5495/5495 5497/5497 5498/5498
f 5498/5498 5497/5497 5505/5505
f 5497/5497 7345/7345 5505/5505
f 7345/7345 5877/5877 5586/5586
f 5877/5877 5605/5605 5586/5586
f 5574/5574 5576/5576 5584/5584
f 5576/5576 5578/5578 5584/5584
f 5578/5578 5579/5579 5597/5597
f 5579/5579 5582/5582 5597/5597
f 5597/5597 5582/5582 7670/7670
f 5582/5582 5592/5592 7670/7670
f 7670/7670 5592/5592 6390/6390
f 5592/5592 5594/5594 6390/6390
f 6390/6390 5594/5594 7576/7576
f 5594/5594 5607/5607 7576/7576
f 7576/7576 5607/5607 5636/5636
f 5607/5607 5609/5609 5636/5636
f 5636/5636 5609/5609 5612/5612
f 5609/5609 5610/5610 5611/5611
f 5609/5609 5611/5611 5612/5612
f 5610/5610 5614/5614 5613/5613
f 5610/5610 5613/5613 5611/5611
f 5614/5614 5634/5634 5613/5613
f 5613/5613 5634/5634 7451/7451
f 411/411 412/412 407/407
f 411/411 407/407 347/347
f 408/408 413/413 396/396
f 408/408 396/396 400/400
f 1717/1717 1716/1716 1718/1718
f 415/415 414/414 403/403
f 403/403 414/414 402/402
f 4341/4341 4342/4342 4151/4151
f 4341/4341 4151/4151 4150/4150
f 7418/7418 7420/7420 7421/7421
f 7418/7418 7421/7421 7424/7424
f 472/472 416/416 449/449
f 449/449 416/416 411/411
f 6184/6184 6160/6160 6185/6185
f 6185/6185 6160/6160 6772/6772
f 6160/6160 6168/6168 6772/6772
f 6168/6168 6153/6153 6152/6152
f 6153/6153 6154/6154 6151/6151
f 6153/6153 6151/6151 6152/6152
f 6154/6154 6163/6163 7257/7257
f 6154/6154 7257/7257 6151/6151
f 6163/6163 6189/6189 7257/7257
f 6135/6135 6133/6133 6136/6136
f 6133/6133 6188/6188 6136/6136
f 6136/6136 6188/6188 6861/6861
f 6188/6188 6862/6862 6861/6861
f 6862/6862 6982/6982 6944/6944
f 8437/8437 8431/8431 8435/8435
f 6616/6616 6032/6032 7064/7064
f 6032/6032 6031/6031 6050/6050
f 6031/6031 6037/6037 6050/6050
f 6050/6050 6037/6037 6039/6039
f 6037/6037 6038/6038 6039/6039
f 6039/6039 6038/6038 6040/6040
f 6038/6038 6087/6087 6041/6041
f 6038/6038 6041/6041 6040/6040
f 6087/6087 7055/7055 6043/6043
f 6087/6087 6043/6043 6041/6041
f 8575/8575 8576/8576 8577/8577
f 5882/5882 4893/4893 4825/4825
f 4893/4893 4901/4901 4823/4823
f 4893/4893 4823/4823 4825/4825
f 8355/8355 8356/8356 8357/8357
f 8357/8357 8356/8356 8358/8358
f 4640/4640 4636/4636 4901/4901
f 4636/4636 4635/4635 4937/4937
f 4633/4633 4625/4625 7170/7170
f 4625/4625 4631/4631 7170/7170
f 4625/4625 4622/4622 4631/4631
f 4631/4631 4622/4622 4621/4621
f 4622/4622 4620/4620 4621/4621
f 4621/4621 4620/4620 4618/4618
f 4620/4620 4619/4619 4618/4618
f 4618/4618 4619/4619 4616/4616
f 4619/4619 5054/5054 5053/5053
f 4619/4619 5053/5053 4616/4616
f 5054/5054 6668/6668 4613/4613
f 5054/5054 4613/4613 5053/5053
f 6668/6668 5057/5057 4613/4613
f 7710/7710 7711/7711 7712/7712
f 7712/7712 7711/7711 7713/7713
f 5912/5912 5914/5914 6321/6321
f 7690/7690 7687/7687 7689/7689
f 7687/7687 7688/7688 7689/7689
f 4521/4521 7441/7441 4520/4520
f 7441/7441 4522/4522 4520/4520
f 4520/4520 4522/4522 4518/4518
f 4522/4522 7072/7072 4518/4518
f 4523/4523 4527/4527 4526/4526
f 4527/4527 4529/4529 4526/4526
f 7730/7730 7729/7729 7734/7734
f 5258/5258 5649/5649 5257/5257
f 5258/5258 5257/5257 5256/5256
f 8298/8298 8299/8299 8300/8300
f 5206/5206 5207/5207 5208/5208
f 5207/5207 5209/5209 5208/5208
f 5300/5300 5296/5296 5293/5293
f 5296/5296 5318/5318 5297/5297
f 5318/5318 6611/6611 5297/5297
f 5318/5318 5320/5320 5321/5321
f 5318/5318 5321/5321 6611/6611
f 5320/5320 5322/5322 5321/5321
f 5328/5328 5329/5329 5330/5330
f 5329/5329 5331/5331 5330/5330
f 5329/5329 5332/5332 5331/5331
f 5332/5332 6692/6692 5406/5406
f 5332/5332 5406/5406 5331/5331
f 6692/6692 7076/7076 5406/5406
f 5406/5406 7076/7076 5345/5345
f 7076/7076 7019/7019 5345/5345
f 5427/5427 5430/5430 5429/5429
f 5427/5427 5429/5429 5428/5428
f 5430/5430 5443/5443 5429/5429
f 5487/5487 5489/5489 5488/5488
f 5489/5489 5490/5490 5488/5488
f 5488/5488 5490/5490 5491/5491
f 5490/5490 5492/5492 5491/5491
f 5492/5492 5493/5493 5491/5491
f 5491/5491 5493/5493 5495/5495
f 5493/5493 5496/5496 5495/5495
f 5495/5495 5496/5496 5497/5497
f 5496/5496 5518/5518 5497/5497
f 5518/5518 7345/7345 5497/5497
f 5574/5574 5575/5575 5576/5576
f 5575/5575 5577/5577 5576/5576
f 5576/5576 5577/5577 5578/5578
f 5577/5577 5579/5579 5578/5578
f 5579/5579 5581/5581 5582/5582
f 5581/5581 5583/5583 5582/5582
f 5582/5582 5583/5583 5592/5592
f 5583/5583 5593/5593 5592/5592
f 5592/5592 5593/5593 5594/5594
f 5593/5593 5595/5595 5594/5594
f 5594/5594 5595/5595 5607/5607
f 5595/5595 5608/5608 5607/5607
f 5607/5607 5608/5608 5609/5609
f 5608/5608 5610/5610 5609/5609
f 5610/5610 5615/5615 5614/5614
f 5615/5615 7417/7417 5634/5634
f 5615/5615 5634/5634 5614/5614
f 416/416 417/417 412/412
f 416/416 412/412 411/411
f 420/420 451/451 413/413
f 420/420 413/413 408/408
f 1717/1717 1712/1712 1716/1716
f 7419/7419 7422/7422 7420/7420
f 7419/7419 7420/7420 7418/7418
f 7422/7422 7423/7423 7420/7420
f 472/472 428/428 416/416
f 7675/7675 7423/7423 7422/7422
f 7675/7675 7422/7422 7419/7419
f 6160/6160 6153/6153 6168/6168
f 6153/6153 6155/6155 6154/6154
f 6155/6155 6156/6156 6154/6154
f 6154/6154 6156/6156 6163/6163
f 6156/6156 6164/6164 6163/6163
f 6163/6163 6164/6164 6189/6189
f 8424/8424 8423/8423 8425/8425
f 6189/6189 6140/6140 6141/6141
f 6141/6141 6140/6140 6137/6137
f 6140/6140 6134/6134 6137/6137
f 6137/6137 6134/6134 6135/6135
f 6134/6134 6133/6133 6135/6135
f 6188/6188 6982/6982 6862/6862
f 6982/6982 6033/6033 6616/6616
f 6033/6033 6030/6030 6032/6032
f 6033/6033 6032/6032 6616/6616
f 6032/6032 6030/6030 6031/6031
f 6030/6030 6027/6027 6031/6031
f 6027/6027 6028/6028 6037/6037
f 6027/6027 6037/6037 6031/6031
f 6028/6028 6038/6038 6037/6037
f 7055/7055 6753/6753 5882/5882
f 6753/6753 6843/6843 4893/4893
f 6753/6753 4893/4893 5882/5882
f 8600/8600 8601/8601 8602/8602
f 8602/8602 8601/8601 8604/8604
f 4642/4642 4640/4640 4901/4901
f 4638/4638 4634/4634 4636/4636
f 4636/4636 4634/4634 4635/4635
f 4635/4635 4634/4634 4633/4633
f 4634/4634 4628/4628 4633/4633
f 4633/4633 4628/4628 4625/4625
f 4628/4628 4624/4624 4625/4625
f 4625/4625 4624/4624 4622/4622
f 4624/4624 4623/4623 4622/4622
f 4623/4623 4629/4629 4620/4620
f 4623/4623 4620/4620 4622/4622
f 4629/4629 6603/6603 4620/4620
f 6603/6603 4619/4619 4620/4620
f 6603/6603 5065/5065 4619/4619
f 4619/4619 5065/5065 5054/5054
f 5065/5065 5066/5066 5054/5054
f 5054/5054 5066/5066 6668/6668
f 7706/7706 7707/7707 7708/7708
f 5910/5910 5911/5911 5912/5912
f 5910/5910 5912/5912 6668/6668
f 5911/5911 5913/5913 5912/5912
f 5912/5912 5913/5913 5914/5914
f 5913/5913 6700/6700 5914/5914
f 6700/6700 7441/7441 5914/5914
f 4522/4522 4503/4503 7072/7072
f 4505/4505 4506/4506 4503/4503
f 4505/4505 4606/4606 4506/4506
f 4506/4506 4606/4606 4523/4523
f 4606/4606 4528/4528 4523/4523
f 4523/4523 4528/4528 4527/4527
f 4528/4528 6975/6975 4529/4529
f 4528/4528 4529/4529 4527/4527
f 7728/7728 7729/7729 7730/7730
f 5258/5258 7246/7246 5649/5649
f 5544/5544 5189/5189 5298/5298
f 5189/5189 5206/5206 5298/5298
f 5207/5207 5210/5210 5209/5209
f 5209/5209 5210/5210 5211/5211
f 5210/5210 5212/5212 5211/5211
f 5211/5211 5212/5212 5213/5213
f 5212/5212 5291/5291 5213/5213
f 5291/5291 5216/5216 5213/5213
f 5291/5291 5300/5300 5218/5218
f 5291/5291 5218/5218 5216/5216
f 5218/5218 5300/5300 5293/5293
f 5300/5300 7085/7085 5296/5296
f 7085/7085 5319/5319 5296/5296
f 5296/5296 5319/5319 5318/5318
f 5319/5319 5320/5320 5318/5318
f 5320/5320 5323/5323 5322/5322
f 5323/5323 5324/5324 5322/5322
f 5322/5322 5324/5324 5328/5328
f 5324/5324 5329/5329 5328/5328
f 5324/5324 5341/5341 5329/5329
f 5341/5341 5332/5332 5329/5329
f 5341/5341 7442/7442 5332/5332
f 5332/5332 7442/7442 6692/6692
f 6692/6692 7511/7511 7076/7076
f 7076/7076 7511/7511 7019/7019
f 7511/7511 5551/5551 7019/7019
f 5551/5551 5426/5426 7019/7019
f 5426/5426 5551/5551 5427/5427
f 5551/5551 5431/5431 5427/5427
f 5427/5427 5431/5431 5430/5430
f 5431/5431 7041/7041 5443/5443
f 5431/5431 5443/5443 5430/5430
f 5443/5443 7041/7041 5434/5434
f 5434/5434 7041/7041 5487/5487
f 7041/7041 5489/5489 5487/5487
f 5518/5518 5519/5519 7345/7345
f 5519/5519 5567/5567 5877/5877
f 5519/5519 5877/5877 7345/7345
f 5567/5567 5572/5572 5877/5877
f 5877/5877 5572/5572 5605/5605
f 5605/5605 5572/5572 5574/5574
f 5572/5572 5573/5573 5574/5574
f 5574/5574 5573/5573 5575/5575
f 5573/5573 5604/5604 5575/5575
f 5575/5575 5604/5604 5577/5577
f 5577/5577 5580/5580 5579/5579
f 5579/5579 5580/5580 5581/5581
f 5580/5580 5591/5591 5581/5581
f 5581/5581 5591/5591 5583/5583
f 5591/5591 7065/7065 5583/5583
f 5583/5583 7065/7065 5593/5593
f 7065/7065 5596/5596 5593/5593
f 5593/5593 5596/5596 5595/5595
f 5596/5596 7512/7512 5595/5595
f 5595/5595 7512/7512 5608/5608
f 7512/7512 5616/5616 5608/5608
f 5608/5608 5616/5616 5610/5610
f 5616/5616 7508/7508 5615/5615
f 5616/5616 5615/5615 5610/5610
f 7508/7508 7675/7675 7417/7417
f 7508/7508 7417/7417 5615/5615
f 428/428 426/426 416/416
f 416/416 426/426 417/417
f 4299/4299 3877/3877 4301/4301
f 4301/4301 3877/3877 4313/4313
f 6183/6183 6161/6161 6160/6160
f 6183/6183 6160/6160 6184/6184
f 6161/6161 6159/6159 6160/6160
f 6159/6159 6153/6153 6160/6160
f 6155/6155 7311/7311 6156/6156
f 7311/7311 6186/6186 6156/6156
f 6156/6156 6186/6186 6164/6164
f 8422/8422 8423/8423 8424/8424
f 6133/6133 6139/6139 6188/6188
f 6188/6188 6139/6139 6982/6982
f 8426/8426 8427/8427 8428/8428
f 6033/6033 6029/6029 6030/6030
f 6029/6029 6027/6027 6030/6030
f 6028/6028 6087/6087 6038/6038
f 8573/8573 8571/8571 8574/8574
f 6845/6845 6844/6844 6753/6753
f 6845/6845 6753/6753 7055/7055
f 6844/6844 6843/6843 6753/6753
f 4638/4638 4936/4936 4634/4634
f 4936/4936 7243/7243 4634/4634
f 4634/4634 7243/7243 4628/4628
f 7243/7243 4624/4624 4628/4628
f 7702/7702 7703/7703 7704/7704
f 5068/5068 5067/5067 5065/5065
f 5068/5068 5065/5065 6603/6603
f 5067/5067 6761/6761 5066/5066
f 5067/5067 5066/5066 5065/5065
f 7709/7709 7707/7707 7706/7706
f 5911/5911 7462/7462 5913/5913
f 7462/7462 6700/6700 5913/5913
f 6700/6700 4537/4537 7441/7441
f 4537/4537 4501/4501 7441/7441
f 7441/7441 4501/4501 4522/4522
f 4501/4501 4503/4503 4522/4522
f 4503/4503 4504/4504 4505/4505
f 4504/4504 4606/4606 4505/4505
f 7728/7728 7731/7731 7729/7729
f 7731/7731 7732/7732 7729/7729
f 7246/7246 5198/5198 5544/5544
f 5198/5198 5189/5189 5544/5544
f 5189/5189 5187/5187 5206/5206
f 5187/5187 5207/5207 5206/5206
f 5212/5212 7030/7030 5291/5291
f 5291/5291 7030/7030 5300/5300
f 7862/7862 7863/7863 7864/7864
f 7863/7863 7865/7865 7864/7864
f 7085/7085 5343/5343 5320/5320
f 7085/7085 5320/5320 5319/5319
f 5343/5343 5323/5323 5320/5320
f 5323/5323 5325/5325 5324/5324
f 5325/5325 6606/6606 5324/5324
f 5324/5324 6606/6606 5341/5341
f 6606/6606 7442/7442 5341/5341
f 7834/7834 7835/7835 7836/7836
f 7836/7836 7835/7835 7837/7837
f 5872/5872 6389/6389 7511/7511
f 7511/7511 6389/6389 5551/5551
f 7824/7824 7822/7822 7821/7821
f 6389/6389 5431/5431 5551/5551
f 7821/7821 7822/7822 7823/7823
f 5736/5736 5735/5735 7041/7041
f 7817/7817 7820/7820 7818/7818
f 7817/7817 7818/7818 7819/7819
f 5893/5893 5501/5501 5489/5489
f 5489/5489 5501/5501 5490/5490
f 5501/5501 5492/5492 5490/5490
f 5493/5493 5502/5502 5496/5496
f 5502/5502 5519/5519 5518/5518
f 5502/5502 5518/5518 5496/5496
f 5567/5567 5571/5571 5572/5572
f 5571/5571 5573/5573 5572/5572
f 7799/7799 7800/7800 7801/7801
f 5604/5604 5599/5599 5577/5577
f 5599/5599 5598/5598 5577/5577
f 5577/5577 5598/5598 5580/5580
f 5598/5598 7032/7032 5580/5580
f 5580/5580 7032/7032 5591/5591
f 8596/8596 8597/8597 8598/8598
f 8598/8598 8597/8597 8599/8599
f 6718/6718 6719/6719 7065/7065
f 8635/8635 8636/8636 8637/8637
f 8636/8636 8638/8638 8637/8637
f 8637/8637 8638/8638 8639/8639
f 6732/6732 6794/6794 7512/7512
f 8715/8715 8711/8711 8713/8713
f 8711/8711 8712/8712 8713/8713
f 8713/8713 8712/8712 8714/8714
f 6795/6795 7014/7014 7675/7675
f 8712/8712 8716/8716 8714/8714
f 7014/7014 7059/7059 7675/7675
f 8739/8739 8740/8740 8741/8741
f 463/463 438/438 428/428
f 428/428 438/438 426/426
f 438/438 440/440 439/439
f 438/438 439/439 426/426
f 6159/6159 6158/6158 6153/6153
f 6158/6158 6157/6157 6153/6153
f 6153/6153 6157/6157 6155/6155
f 6157/6157 6166/6166 6155/6155
f 6155/6155 6166/6166 7311/7311
f 6186/6186 6134/6134 6140/6140
f 6134/6134 6129/6129 6133/6133
f 6129/6129 6107/6107 6133/6133
f 6133/6133 6107/6107 6139/6139
f 8429/8429 8430/8430 8427/8427
f 8429/8429 8427/8427 8426/8426
f 7305/7305 6029/6029 6033/6033
f 6029/6029 6026/6026 6027/6027
f 6026/6026 6008/6008 6027/6027
f 6027/6027 6008/6008 6028/6028
f 6008/6008 7185/7185 6087/6087
f 6008/6008 6087/6087 6028/6028
f 8572/8572 8569/8569 8571/8571
f 8572/8572 8571/8571 8573/8573
f 8569/8569 8570/8570 8571/8571
f 6845/6845 7284/7284 6844/6844
f 7284/7284 7485/7485 6844/6844
f 6844/6844 7485/7485 6843/6843
f 7485/7485 5024/5024 4642/4642
f 8603/8603 8601/8601 8600/8600
f 5024/5024 4641/4641 4642/4642
f 4642/4642 4641/4641 4640/4640
f 4643/4643 4644/4644 4638/4638
f 4638/4638 4644/4644 4936/4936
f 8362/8362 8360/8360 8359/8359
f 8359/8359 8360/8360 8361/8361
f 4632/4632 4626/4626 4624/4624
f 4632/4632 4624/4624 7243/7243
f 4626/4626 4630/4630 4623/4623
f 4626/4626 4623/4623 4624/4624
f 4630/4630 6216/6216 4629/4629
f 4630/4630 4629/4629 4623/4623
f 7702/7702 7705/7705 7703/7703
f 6216/6216 5069/5069 5068/5068
f 5068/5068 5069/5069 5067/5067
f 5069/5069 6761/6761 5067/5067
f 8556/8556 8558/8558 8560/8560
f 5907/5907 5910/5910 6761/6761
f 5907/5907 5906/5906 5910/5910
f 5910/5910 5906/5906 5911/5911
f 5906/5906 5915/5915 5911/5911
f 5915/5915 7462/7462 5911/5911
f 7462/7462 4563/4563 6700/6700
f 4563/4563 4561/4561 6700/6700
f 6700/6700 4561/4561 4537/4537
f 4561/4561 4536/4536 4537/4537
f 4537/4537 4536/4536 4501/4501
f 4501/4501 4502/4502 4503/4503
f 4503/4503 4502/4502 4504/4504
f 4502/4502 4510/4510 4504/4504
f 4510/4510 7235/7235 4504/4504
f 4504/4504 7235/7235 4606/4606
f 7235/7235 4528/4528 4606/4606
f 4528/4528 7153/7153 6975/6975
f 7733/7733 7731/7731 7728/7728
f 5547/5547 5195/5195 7246/7246
f 8302/8302 8305/8305 8303/8303
f 8302/8302 8303/8303 8304/8304
f 5190/5190 5189/5189 5198/5198
f 5187/5187 5543/5543 5207/5207
f 5207/5207 5543/5543 5210/5210
f 5543/5543 5212/5212 5210/5210
f 7860/7860 7859/7859 7861/7861
f 5140/5140 5149/5149 7030/7030
f 5149/5149 6784/6784 7030/7030
f 6784/6784 5562/5562 7030/7030
f 5562/5562 5563/5563 7085/7085
f 7868/7868 7867/7867 7870/7870
f 7085/7085 5334/5334 5343/5343
f 5334/5334 5326/5326 5323/5323
f 5334/5334 5323/5323 5343/5343
f 5326/5326 5327/5327 5325/5325
f 5326/5326 5325/5325 5323/5323
f 5327/5327 6606/6606 5325/5325
f 6606/6606 5873/5873 7442/7442
f 5873/5873 5871/5871 7442/7442
f 5871/5871 5872/5872 7442/7442
f 5871/5871 5757/5757 5872/5872
f 5757/5757 6389/6389 5872/5872
f 5757/5757 5732/5732 6389/6389
f 6389/6389 5732/5732 5736/5736
f 5732/5732 5733/5733 5736/5736
f 5736/5736 5733/5733 5735/5735
f 5733/5733 5730/5730 5735/5735
f 5730/5730 5893/5893 5735/5735
f 5501/5501 5494/5494 5492/5492
f 5494/5494 5493/5493 5492/5492
f 5494/5494 5502/5502 5493/5493
f 5502/5502 5521/5521 5519/5519
f 5521/5521 5566/5566 5519/5519
f 5566/5566 5568/5568 5567/5567
f 5566/5566 5567/5567 5519/5519
f 5568/5568 5569/5569 5567/5567
f 5567/5567 5569/5569 5571/5571
f 5569/5569 7054/7054 5571/5571
f 5571/5571 7054/7054 5573/5573
f 7054/7054 7569/7569 5573/5573
f 7803/7803 7802/7802 7799/7799
f 7799/7799 7802/7802 7800/7800
f 5602/5602 5600/5600 5599/5599
f 5599/5599 5600/5600 5598/5598
f 5600/5600 5601/5601 5598/5598
f 5598/5598 5601/5601 7032/7032
f 8592/8592 8594/8594 8595/8595
f 7032/7032 6716/6716 6718/6718
f 6716/6716 6717/6717 6718/6718
f 6718/6718 6717/6717 6719/6719
f 6717/6717 6720/6720 6719/6719
f 6719/6719 6720/6720 6732/6732
f 6720/6720 6793/6793 6732/6732
f 6732/6732 6793/6793 6794/6794
f 6793/6793 6799/6799 6795/6795
f 6793/6793 6795/6795 6794/6794
f 6799/6799 7034/7034 7014/7014
f 6799/6799 7014/7014 6795/6795
f 7034/7034 7037/7037 7059/7059
f 7034/7034 7059/7059 7014/7014
f 7037/7037 7040/7040 7059/7059
f 7059/7059 7040/7040 7578/7578
f 450/450 442/442 456/456
f 441/441 447/447 440/440
f 441/441 440/440 438/438
f 7066/7066 6191/6191 6183/6183
f 6183/6183 6191/6191 6161/6161
f 6191/6191 6165/6165 6161/6161
f 6161/6161 6165/6165 6159/6159
f 6165/6165 6162/6162 6158/6158
f 6165/6165 6158/6158 6159/6159
f 6162/6162 6157/6157 6158/6158
f 6162/6162 7016/7016 6166/6166
f 6162/6162 6166/6166 6157/6157
f 8419/8419 8417/8417 8416/8416
f 8416/8416 8417/8417 8418/8418
f 8418/8418 8417/8417 8420/8420
f 8417/8417 8421/8421 8420/8420
f 6186/6186 7313/7313 6134/6134
f 6134/6134 7313/7313 6129/6129
f 7313/7313 6180/6180 6129/6129
f 6180/6180 6105/6105 6129/6129
f 6129/6129 6105/6105 6107/6107
f 7305/7305 6202/6202 6029/6029
f 6202/6202 6201/6201 6029/6029
f 6029/6029 6201/6201 6026/6026
f 6026/6026 6007/6007 6008/6008
f 6007/6007 6000/6000 6008/6008
f 6008/6008 6000/6000 7185/7185
f 6000/6000 5992/5992 7185/7185
f 5992/5992 6005/6005 7284/7284
f 6005/6005 5987/5987 7284/7284
f 7284/7284 5987/5987 7485/7485
f 5987/5987 7318/7318 7485/7485
f 7485/7485 7318/7318 5024/5024
f 7318/7318 4643/4643 5024/5024
f 4643/4643 4645/4645 4644/4644
f 4645/4645 4646/4646 4644/4644
f 8362/8362 8363/8363 8360/8360
f 8363/8363 8364/8364 8360/8360
f 7396/7396 7086/7086 4626/4626
f 7396/7396 4626/4626 4632/4632
f 7086/7086 4630/4630 4626/4626
f 4630/4630 7086/7086 6216/6216
f 8563/8563 8562/8562 8561/8561
f 8562/8562 8559/8559 8561/8561
f 8559/8559 8556/8556 8561/8561
f 8559/8559 8557/8557 8556/8556
f 8556/8556 8557/8557 8558/8558
f 6979/6979 4894/4894 5907/5907
f 4894/4894 5063/5063 5906/5906
f 4894/4894 5906/5906 5907/5907
f 5063/5063 6553/6553 5906/5906
f 5906/5906 6553/6553 5915/5915
f 8607/8607 8606/8606 8608/8608
f 6553/6553 7462/7462 5915/5915
f 4603/4603 4556/4556 4563/4563
f 4603/4603 4563/4563 7462/7462
f 4556/4556 4561/4561 4563/4563
f 4561/4561 4538/4538 4536/4536
f 4538/4538 4535/4535 4536/4536
f 4536/4536 4535/4535 4501/4501
f 4535/4535 4534/4534 4501/4501
f 4501/4501 4534/4534 4502/4502
f 4534/4534 7235/7235 4510/4510
f 4534/4534 4510/4510 4502/4502
f 7722/7722 7720/7720 7719/7719
f 7719/7719 7720/7720 7721/7721
f 5193/5193 5185/5185 5547/5547
f 5193/5193 5547/5547 7153/7153
f 5185/5185 5195/5195 5547/5547
f 8302/8302 8306/8306 8305/8305
f 6841/6841 5186/5186 5190/5190
f 5190/5190 5186/5186 5189/5189
f 5189/5189 5186/5186 5187/5187
f 5186/5186 5183/5183 5187/5187
f 5183/5183 5188/5188 5187/5187
f 5187/5187 5188/5188 5543/5543
f 7858/7858 7859/7859 7860/7860
f 5149/5149 5156/5156 6784/6784
f 5156/5156 5157/5157 6784/6784
f 6784/6784 5157/5157 5562/5562
f 5157/5157 5196/5196 5562/5562
f 5562/5562 5196/5196 5563/5563
f 7866/7866 7869/7869 7867/7867
f 7866/7866 7867/7867 7868/7868
f 6691/6691 5335/5335 5334/5334
f 5335/5335 5326/5326 5334/5334
f 7838/7838 7839/7839 7840/7840
f 5875/5875 5874/5874 5873/5873
f 5875/5875 5873/5873 6606/6606
f 5874/5874 5870/5870 5873/5873
f 5873/5873 5870/5870 5871/5871
f 5870/5870 5734/5734 5757/5757
f 5870/5870 5757/5757 5871/5871
f 5734/5734 5731/5731 5732/5732
f 5734/5734 5732/5732 5757/5757
f 5731/5731 5730/5730 5732/5732
f 5732/5732 5730/5730 5733/5733
f 8297/8297 8294/8294 8296/8296
f 8294/8294 8295/8295 8296/8296
f 5501/5501 7494/7494 5494/5494
f 7494/7494 5521/5521 5502/5502
f 7494/7494 5502/5502 5494/5494
f 5566/5566 5570/5570 5568/5568
f 5570/5570 5569/5569 5568/5568
f 6716/6716 6715/6715 6717/6717
f 6715/6715 6785/6785 6717/6717
f 6717/6717 6785/6785 6720/6720
f 6785/6785 7549/7549 6720/6720
f 6720/6720 7549/7549 6793/6793
f 7549/7549 7035/7035 6799/6799
f 7549/7549 6799/6799 6793/6793
f 7035/7035 7036/7036 7034/7034
f 7035/7035 7034/7034 6799/6799
f 7036/7036 7038/7038 7037/7037
f 7036/7036 7037/7037 7034/7034
f 7038/7038 7040/7040 7037/7037
f 450/450 444/444 442/442
f 443/443 464/464 447/447
f 443/443 447/447 441/441
f 8619/8619 8613/8613 8618/8618
f 8618/8618 8613/8613 8616/8616
f 8613/8613 8614/8614 8615/8615
f 8613/8613 8615/8615 8616/8616
f 6856/6856 6855/6855 6165/6165
f 6165/6165 6855/6855 6162/6162
f 6601/6601 6179/6179 7313/7313
f 6105/6105 6106/6106 6107/6107
f 6106/6106 7305/7305 6107/6107
f 6201/6201 6007/6007 6026/6026
f 6007/6007 6006/6006 6000/6000
f 6006/6006 5993/5993 6000/6000
f 5993/5993 5991/5991 5992/5992
f 5993/5993 5992/5992 6000/6000
f 5991/5991 5988/5988 5992/5992
f 5992/5992 5988/5988 6005/6005
f 5988/5988 5987/5987 6005/6005
f 5987/5987 5980/5980 7318/7318
f 5980/5980 5978/5978 4643/4643
f 5980/5980 4643/4643 7318/7318
f 5978/5978 4645/4645 4643/4643
f 4645/4645 4647/4647 4646/4646
f 4646/4646 4651/4651 7396/7396
f 4651/4651 4902/4902 7396/7396
f 7396/7396 4902/4902 7086/7086
f 4902/4902 4666/4666 7086/7086
f 4666/4666 4660/4660 7086/7086
f 7086/7086 4660/4660 6515/6515
f 6515/6515 4660/4660 4793/4793
f 4660/4660 4662/4662 4793/4793
f 4662/4662 4664/4664 4793/4793
f 4793/4793 4664/4664 6979/6979
f 4664/4664 4668/4668 4894/4894
f 4664/4664 4894/4894 6979/6979
f 4894/4894 4668/4668 5063/5063
f 4668/4668 7407/7407 6553/6553
f 4668/4668 6553/6553 5063/5063
f 7407/7407 4549/4549 4603/4603
f 8605/8605 8606/8606 8607/8607
f 4549/4549 4556/4556 4603/4603
f 4549/4549 4541/4541 4556/4556
f 4556/4556 4541/4541 4561/4561
f 4541/4541 4538/4538 4561/4561
f 4538/4538 4539/4539 4535/4535
f 4539/4539 6708/6708 4535/4535
f 4535/4535 6708/6708 4534/4534
f 4534/4534 6708/6708 7235/7235
f 7714/7714 7715/7715 7716/7716
f 7235/7235 5197/5197 5193/5193
f 5197/5197 5192/5192 5193/5193
f 5192/5192 5185/5185 5193/5193
f 5185/5185 5182/5182 5195/5195
f 5195/5195 5182/5182 6841/6841
f 6841/6841 5182/5182 5186/5186
f 5182/5182 5183/5183 5186/5186
f 5183/5183 7256/7256 5188/5188
f 7919/7919 7920/7920 7921/7921
f 7921/7921 7920/7920 7922/7922
f 5543/5543 5139/5139 5140/5140
f 5139/5139 5136/5136 5140/5140
f 5140/5140 5136/5136 5149/5149
f 5136/5136 5156/5156 5149/5149
f 5156/5156 5153/5153 5157/5157
f 5157/5157 5153/5153 5196/5196
f 5153/5153 5155/5155 5196/5196
f 5196/5196 5155/5155 6691/6691
f 5155/5155 7416/7416 6691/6691
f 6691/6691 7416/7416 5335/5335
f 7416/7416 5326/5326 5335/5335
f 7843/7843 7842/7842 7838/7838
f 7416/7416 5327/5327 5326/5326
f 7842/7842 7841/7841 7838/7838
f 7838/7838 7841/7841 7839/7839
f 7841/7841 7844/7844 7839/7839
f 5834/5834 5734/5734 5870/5870
f 5834/5834 5789/5789 5734/5734
f 5734/5734 5789/5789 5731/5731
f 5789/5789 5729/5729 5731/5731
f 5731/5731 5729/5729 5730/5730
f 5730/5730 5686/5686 5893/5893
f 5686/5686 5687/5687 5765/5765
f 5686/5686 5765/5765 5893/5893
f 5765/5765 6723/6723 7494/7494
f 7494/7494 6588/6588 5521/5521
f 5521/5521 6588/6588 5566/5566
f 5566/5566 6588/6588 5570/5570
f 5569/5569 5570/5570 7054/7054
f 7879/7879 7880/7880 7881/7881
f 5850/5850 5852/5852 7054/7054
f 7054/7054 5852/5852 7569/7569
f 5852/5852 6741/6741 7569/7569
f 7569/7569 6741/6741 5602/5602
f 6741/6741 5603/5603 5602/5602
f 5602/5602 5603/5603 5600/5600
f 5600/5600 5603/5603 5601/5601
f 5603/5603 6978/6978 5601/5601
f 8592/8592 8593/8593 8594/8594
f 6978/6978 6253/6253 6716/6716
f 6716/6716 6253/6253 6715/6715
f 6253/6253 6314/6314 6715/6715
f 6715/6715 6314/6314 6785/6785
f 6314/6314 7567/7567 6785/6785
f 6785/6785 7567/7567 7549/7549
f 7567/7567 7127/7127 7549/7549
f 7549/7549 7127/7127 7035/7035
f 7127/7127 7039/7039 7036/7036
f 7127/7127 7036/7036 7035/7035
f 7039/7039 7199/7199 7038/7038
f 7039/7039 7038/7038 7036/7036
f 8751/8751 8752/8752 8753/8753
f 8753/8753 8752/8752 8754/8754
f 452/452 444/444 450/450
f 443/443 462/462 464/464
f 1519/1519 1518/1518 1520/1520
f 6569/6569 6805/6805 6984/6984
f 8619/8619 8621/8621 8613/8613
f 6805/6805 7681/7681 7682/7682
f 8613/8613 8617/8617 8614/8614
f 8617/8617 8620/8620 8614/8614
f 6856/6856 7685/7685 6855/6855
f 7685/7685 7484/7484 6162/6162
f 7685/7685 6162/6162 6855/6855
f 7484/7484 7009/7009 7016/7016
f 7484/7484 7016/7016 6162/6162
f 7009/7009 6600/6600 7016/7016
f 7016/7016 6600/6600 6601/6601
f 6600/6600 6179/6179 6601/6601
f 6179/6179 6178/6178 7313/7313
f 6178/6178 6103/6103 7313/7313
f 7313/7313 6103/6103 6180/6180
f 6103/6103 6105/6105 6180/6180
f 8488/8488 8489/8489 8490/8490
f 8489/8489 8492/8492 8491/8491
f 8489/8489 8491/8491 8490/8490
f 7247/7247 6706/6706 6201/6201
f 6201/6201 6706/6706 6007/6007
f 6706/6706 7178/7178 6007/6007
f 6007/6007 7178/7178 6006/6006
f 7178/7178 5993/5993 6006/6006
f 5988/5988 5981/5981 5987/5987
f 5981/5981 5980/5980 5987/5987
f 4660/4660 4661/4661 4662/4662
f 4661/4661 4663/4663 4662/4662
f 4662/4662 4663/4663 4664/4664
f 4663/4663 4665/4665 4664/4664
f 4664/4664 4665/4665 4668/4668
f 4665/4665 4908/4908 4668/4668
f 8536/8536 8538/8538 8539/8539
f 4908/4908 7407/7407 4668/4668
f 7225/7225 4565/4565 4549/4549
f 7225/7225 4549/4549 7407/7407
f 4565/4565 4540/4540 4549/4549
f 4549/4549 4540/4540 4541/4541
f 4541/4541 4540/4540 4538/4538
f 4540/4540 4539/4539 4538/4538
f 4539/4539 4559/4559 6708/6708
f 4559/4559 4564/4564 6708/6708
f 7714/7714 7717/7717 7715/7715
f 7717/7717 7718/7718 7715/7715
f 5197/5197 6558/6558 5192/5192
f 6558/6558 5191/5191 5192/5192
f 5192/5192 5191/5191 5185/5185
f 5191/5191 5184/5184 5185/5185
f 5185/5185 5184/5184 5182/5182
f 5184/5184 5180/5180 5182/5182
f 5180/5180 5181/5181 5182/5182
f 5182/5182 5181/5181 5183/5183
f 5181/5181 5317/5317 5183/5183
f 5183/5183 5317/5317 7256/7256
f 5317/5317 5177/5177 7256/7256
f 7256/7256 5177/5177 5139/5139
f 5177/5177 5134/5134 5139/5139
f 5139/5139 5134/5134 5136/5136
f 5136/5136 5137/5137 5156/5156
f 5156/5156 5137/5137 5153/5153
f 5137/5137 5152/5152 5153/5153
f 5152/5152 5155/5155 5153/5153
f 5155/5155 5154/5154 7416/7416
f 5154/5154 7015/7015 7416/7416
f 7015/7015 5664/5664 7416/7416
f 7841/7841 7845/7845 7844/7844
f 5874/5874 6973/6973 5870/5870
f 6973/6973 5791/5791 5870/5870
f 5791/5791 5673/5673 5870/5870
f 7871/7871 7872/7872 7873/7873
f 7872/7872 7874/7874 7873/7873
f 7872/7872 7875/7875 7874/7874
f 5789/5789 5764/5764 5729/5729
f 5764/5764 5728/5728 5729/5729
f 5728/5728 5686/5686 5729/5729
f 5729/5729 5686/5686 5730/5730
f 5687/5687 6723/6723 5765/5765
f 8289/8289 8288/8288 8290/8290
f 7494/7494 5767/5767 6588/6588
f 5767/5767 5844/5844 6588/6588
f 5844/5844 5845/5845 6588/6588
f 7877/7877 7878/7878 7879/7879
f 7878/7878 7880/7880 7879/7879
f 5852/5852 5858/5858 6741/6741
f 8019/8019 8016/8016 8017/8017
f 8016/8016 8015/8015 8017/8017
f 8017/8017 8015/8015 8018/8018
f 6238/6238 6241/6241 6978/6978
f 6978/6978 6241/6241 6253/6253
f 6241/6241 6252/6252 6253/6253
f 6253/6253 6252/6252 6314/6314
f 6252/6252 6302/6302 6314/6314
f 6314/6314 6302/6302 7567/7567
f 6302/6302 6304/6304 7567/7567
f 7567/7567 6304/6304 7127/7127
f 6304/6304 6311/6311 7127/7127
f 8689/8689 8690/8690 8691/8691
f 6311/6311 6310/6310 7199/7199
f 8690/8690 8692/8692 8691/8691
f 6310/6310 6312/6312 6313/6313
f 6310/6310 6313/6313 7199/7199
f 448/448 444/444 452/452
f 445/445 457/457 462/462
f 445/445 462/462 443/443
f 6569/6569 6568/6568 6805/6805
f 863/863 910/910 909/909
f 6569/6569 6566/6566 6568/6568
f 6568/6568 7006/7006 6805/6805
f 6805/6805 7006/7006 7681/7681
f 7006/7006 6130/6130 7685/7685
f 7006/7006 7685/7685 7681/7681
f 6130/6130 7279/7279 7484/7484
f 6130/6130 7484/7484 7685/7685
f 7279/7279 6182/6182 7009/7009
f 7279/7279 7009/7009 7484/7484
f 6182/6182 6138/6138 7009/7009
f 7009/7009 6138/6138 6600/6600
f 6138/6138 6132/6132 6600/6600
f 6132/6132 6110/6110 6600/6600
f 6600/6600 6110/6110 6179/6179
f 6110/6110 6178/6178 6179/6179
f 6103/6103 6102/6102 6105/6105
f 6102/6102 6203/6203 6106/6106
f 6102/6102 6106/6106 6105/6105
f 6203/6203 6195/6195 7305/7305
f 6203/6203 7305/7305 6106/6106
f 6195/6195 6197/6197 7305/7305
f 8489/8489 8493/8493 8492/8492
f 7465/7465 6095/6095 7247/7247
f 7247/7247 6095/6095 6706/6706
f 6095/6095 5999/5999 6706/6706
f 5999/5999 7178/7178 6706/6706
f 7178/7178 6048/6048 5993/5993
f 6048/6048 5990/5990 5991/5991
f 6048/6048 5991/5991 5993/5993
f 5990/5990 5988/5988 5991/5991
f 5981/5981 5979/5979 5980/5980
f 5979/5979 5978/5978 5980/5980
f 5978/5978 4791/4791 4645/4645
f 4791/4791 4647/4647 4645/4645
f 4651/4651 4653/4653 4902/4902
f 4653/4653 4656/4656 4902/4902
f 4902/4902 4656/4656 4666/4666
f 4666/4666 4656/4656 4660/4660
f 4656/4656 4657/4657 4660/4660
f 4657/4657 4888/4888 4661/4661
f 4657/4657 4661/4661 4660/4660
f 4888/4888 4667/4667 4661/4661
f 4661/4661 4667/4667 4663/4663
f 4667/4667 4669/4669 4663/4663
f 4669/4669 4682/4682 4665/4665
f 4669/4669 4665/4665 4663/4663
f 4682/4682 4889/4889 4665/4665
f 4889/4889 4908/4908 4665/4665
f 4565/4565 4543/4543 4540/4540
f 4543/4543 4542/4542 4540/4540
f 4540/4540 4542/4542 4539/4539
f 4542/4542 4544/4544 4539/4539
f 4539/4539 4544/4544 4559/4559
f 4544/4544 4560/4560 4559/4559
f 4559/4559 4560/4560 4564/4564
f 6558/6558 5194/5194 5191/5191
f 5194/5194 5184/5184 5191/5191
f 5134/5134 5135/5135 5136/5136
f 5136/5136 5135/5135 5137/5137
f 5135/5135 5138/5138 5137/5137
f 5137/5137 5138/5138 5152/5152
f 5138/5138 5154/5154 5152/5152
f 5152/5152 5154/5154 5155/5155
f 7015/7015 6742/6742 5664/5664
f 6742/6742 5661/5661 5664/5664
f 5664/5664 5661/5661 5663/5663
f 5661/5661 5662/5662 5663/5663
f 5662/5662 6973/6973 5663/5663
f 5662/5662 5977/5977 6973/6973
f 5977/5977 5791/5791 6973/6973
f 5977/5977 5671/5671 5791/5791
f 5791/5791 5671/5671 5673/5673
f 5671/5671 5672/5672 5673/5673
f 5672/5672 5790/5790 5673/5673
f 7876/7876 7875/7875 7872/7872
f 5790/5790 5678/5678 5764/5764
f 5678/5678 5679/5679 5728/5728
f 5678/5678 5728/5728 5764/5764
f 5679/5679 5683/5683 5728/5728
f 5728/5728 5683/5683 5686/5686
f 5683/5683 5684/5684 5686/5686
f 5684/5684 5698/5698 5687/5687
f 5684/5684 5687/5687 5686/5686
f 5698/5698 6723/6723 5687/5687
f 5766/5766 5844/5844 5767/5767
f 5847/5847 5848/5848 5845/5845
f 5845/5845 5848/5848 5850/5850
f 5848/5848 5851/5851 5850/5850
f 5850/5850 5851/5851 5852/5852
f 5851/5851 5858/5858 5852/5852
f 8014/8014 8015/8015 8016/8016
f 6241/6241 6251/6251 6252/6252
f 6251/6251 6301/6301 6252/6252
f 6252/6252 6301/6301 6302/6302
f 6301/6301 6303/6303 6302/6302
f 6302/6302 6303/6303 6304/6304
f 6303/6303 6305/6305 6304/6304
f 6304/6304 6305/6305 6311/6311
f 6305/6305 6308/6308 6310/6310
f 6305/6305 6310/6310 6311/6311
f 6308/6308 6312/6312 6310/6310
f 6687/6687 6312/6312 6308/6308
f 446/446 458/458 457/457
f 446/446 457/457 445/445
f 3230/3230 3183/3183 3228/3228
f 3230/3230 3228/3228 3226/3226
f 6562/6562 6209/6209 7006/7006
f 6562/6562 7006/7006 6568/6568
f 6209/6209 6130/6130 7006/7006
f 6130/6130 6198/6198 7279/7279
f 6198/6198 6182/6182 7279/7279
f 6110/6110 6104/6104 6178/6178
f 6104/6104 6103/6103 6178/6178
f 6195/6195 6196/6196 6197/6197
f 6196/6196 7465/7465 6197/6197
f 7465/7465 6003/6003 6095/6095
f 6003/6003 6002/6002 5999/5999
f 6003/6003 5999/5999 6095/6095
f 5999/5999 5995/5995 7178/7178
f 5995/5995 6048/6048 7178/7178
f 5990/5990 5989/5989 5988/5988
f 5989/5989 5981/5981 5988/5988
f 5979/5979 4792/4792 5978/5978
f 4792/4792 4791/4791 5978/5978
f 4791/4791 4649/4649 4647/4647
f 4649/4649 4648/4648 4647/4647
f 4647/4647 4648/4648 4646/4646
f 4648/4648 4651/4651 4646/4646
f 4653/4653 4655/4655 4656/4656
f 4655/4655 4658/4658 4657/4657
f 4655/4655 4657/4657 4656/4656
f 8370/8370 8371/8371 8372/8372
f 4658/4658 4888/4888 4657/4657
f 4673/4673 4667/4667 4888/4888
f 4667/4667 4670/4670 4669/4669
f 8536/8536 8537/8537 8538/8538
f 4555/4555 4550/4550 7225/7225
f 7225/7225 4550/4550 4565/4565
f 4550/4550 4543/4543 4565/4565
f 4545/4545 4542/4542 4543/4543
f 4560/4560 4601/4601 4564/4564
f 4564/4564 4601/4601 6558/6558
f 4601/4601 7566/7566 6558/6558
f 6558/6558 7566/7566 5194/5194
f 7937/7937 7938/7938 7939/7939
f 7938/7938 7940/7940 7939/7939
f 5194/5194 6811/6811 5184/5184
f 6811/6811 5117/5117 5184/5184
f 5184/5184 5117/5117 5180/5180
f 5117/5117 5179/5179 5180/5180
f 5180/5180 5179/5179 5181/5181
f 5181/5181 5179/5179 5317/5317
f 7923/7923 7924/7924 7925/7925
f 5317/5317 5133/5133 5177/5177
f 5134/5134 5130/5130 5135/5135
f 5130/5130 5888/5888 5135/5135
f 5888/5888 5141/5141 5135/5135
f 5135/5135 5141/5141 5138/5138
f 5141/5141 5564/5564 5138/5138
f 5138/5138 5564/5564 5154/5154
f 5564/5564 7015/7015 5154/5154
f 5679/5679 5682/5682 5683/5683
f 5682/5682 5684/5684 5683/5683
f 5698/5698 6686/6686 6723/6723
f 8287/8287 8288/8288 8289/8289
f 5846/5846 5847/5847 5845/5845
f 5848/5848 5855/5855 5851/5851
f 5855/5855 6617/6617 5851/5851
f 5851/5851 6617/6617 5858/5858
f 8020/8020 8014/8014 8016/8016
f 6238/6238 6240/6240 6241/6241
f 6240/6240 6242/6242 6241/6241
f 6241/6241 6242/6242 6251/6251
f 6242/6242 6570/6570 6251/6251
f 6251/6251 6570/6570 6301/6301
f 6570/6570 6307/6307 6303/6303
f 6570/6570 6303/6303 6301/6301
f 6307/6307 6306/6306 6303/6303
f 6303/6303 6306/6306 6305/6305
f 6306/6306 6309/6309 6308/6308
f 6306/6306 6308/6308 6305/6305
f 6309/6309 7552/7552 6687/6687
f 6309/6309 6687/6687 6308/6308
f 866/866 910/910 863/863
f 459/459 460/460 458/458
f 459/459 458/458 446/446
f 6565/6565 6561/6561 6563/6563
f 6563/6563 6561/6561 6562/6562
f 6561/6561 6209/6209 6562/6562
f 6209/6209 6120/6120 6130/6130
f 6120/6120 6119/6119 6130/6130
f 6130/6130 6119/6119 6198/6198
f 6119/6119 6116/6116 6198/6198
f 6198/6198 6116/6116 6182/6182
f 6116/6116 6181/6181 6182/6182
f 6182/6182 6181/6181 6138/6138
f 6181/6181 6109/6109 6138/6138
f 6138/6138 6109/6109 6132/6132
f 6132/6132 6109/6109 6110/6110
f 6109/6109 6104/6104 6110/6110
f 6104/6104 6101/6101 6103/6103
f 6101/6101 6102/6102 6103/6103
f 6195/6195 6194/6194 6196/6196
f 6194/6194 6710/6710 7465/7465
f 6194/6194 7465/7465 6196/6196
f 6710/6710 6004/6004 6003/6003
f 6710/6710 6003/6003 7465/7465
f 6004/6004 6002/6002 6003/6003
f 6001/6001 5997/5997 5999/5999
f 5999/5999 5997/5997 5995/5995
f 6001/6001 6575/6575 5997/5997
f 5995/5995 5990/5990 6048/6048
f 5989/5989 5982/5982 5981/5981
f 5982/5982 5979/5979 5981/5981
f 4648/4648 4652/4652 4651/4651
f 4652/4652 4653/4653 4651/4651
f 4673/4673 4672/4672 4667/4667
f 4672/4672 4670/4670 4667/4667
f 4671/4671 4669/4669 4670/4670
f 4671/4671 4676/4676 4682/4682
f 4671/4671 4682/4682 4669/4669
f 4676/4676 4890/4890 4889/4889
f 4676/4676 4889/4889 4682/4682
f 4890/4890 6590/6590 4889/4889
f 4889/4889 6590/6590 4908/4908
f 8540/8540 8537/8537 8536/8536
f 4550/4550 4546/4546 4543/4543
f 4546/4546 4545/4545 4543/4543
f 4545/4545 4551/4551 4542/4542
f 4542/4542 4551/4551 4544/4544
f 4551/4551 7224/7224 4544/4544
f 4544/4544 7224/7224 4560/4560
f 7224/7224 4601/4601 4560/4560
f 5117/5117 5114/5114 5179/5179
f 5133/5133 5132/5132 5177/5177
f 5177/5177 5132/5132 5134/5134
f 5132/5132 5130/5130 5134/5134
f 7916/7916 7915/7915 7917/7917
f 5864/5864 6742/6742 7015/7015
f 5977/5977 5668/5668 5671/5671
f 5668/5668 5670/5670 5671/5671
f 5670/5670 5674/5674 5672/5672
f 5670/5670 5672/5672 5671/5671
f 5674/5674 5675/5675 5672/5672
f 5672/5672 5675/5675 5790/5790
f 5675/5675 5677/5677 5678/5678
f 5675/5675 5678/5678 5790/5790
f 5677/5677 5679/5679 5678/5678
f 5682/5682 5685/5685 5684/5684
f 5685/5685 5688/5688 5684/5684
f 5684/5684 5688/5688 5698/5698
f 5688/5688 5691/5691 5698/5698
f 5691/5691 6686/6686 5698/5698
f 8287/8287 8291/8291 8288/8288
f 8291/8291 8292/8292 8288/8288
f 5767/5767 5763/5763 5766/5766
f 5763/5763 5761/5761 5766/5766
f 5766/5766 5761/5761 5844/5844
f 5761/5761 5762/5762 5844/5844
f 5844/5844 5762/5762 5845/5845
f 5762/5762 5846/5846 5845/5845
f 5846/5846 5856/5856 5847/5847
f 5856/5856 5849/5849 5847/5847
f 5847/5847 5849/5849 5848/5848
f 5849/5849 5853/5853 5848/5848
f 5848/5848 5853/5853 5855/5855
f 5853/5853 6617/6617 5855/5855
f 6617/6617 6236/6236 6239/6239
f 6239/6239 6236/6236 6238/6238
f 6236/6236 6237/6237 6238/6238
f 6238/6238 6237/6237 6240/6240
f 6237/6237 6807/6807 6240/6240
f 6240/6240 6807/6807 6242/6242
f 6807/6807 7186/7186 6242/6242
f 6242/6242 7186/7186 6570/6570
f 7186/7186 7196/7196 6570/6570
f 6570/6570 7196/7196 6307/6307
f 7196/7196 7315/7315 6307/6307
f 6307/6307 7315/7315 6306/6306
f 7315/7315 6577/6577 6306/6306
f 6306/6306 6577/6577 6309/6309
f 6577/6577 6946/6946 6309/6309
f 6309/6309 6946/6946 7552/7552
f 6002/6002 6001/6001 5999/5999
f 983/983 961/961 984/984
f 3183/3183 3181/3181 3182/3182
f 3183/3183 3182/3182 3229/3229
f 6565/6565 6567/6567 6561/6561
f 6567/6567 6122/6122 6561/6561
f 6561/6561 6122/6122 6209/6209
f 6122/6122 6120/6120 6209/6209
f 6120/6120 6118/6118 6119/6119
f 6118/6118 6116/6116 6119/6119
f 6116/6116 6114/6114 6181/6181
f 6114/6114 6112/6112 6181/6181
f 6181/6181 6112/6112 6109/6109
f 6101/6101 6100/6100 6102/6102
f 6100/6100 6203/6203 6102/6102
f 6004/6004 6333/6333 6002/6002
f 6575/6575 5996/5996 5997/5997
f 5997/5997 5996/5996 5995/5995
f 6051/6051 6009/6009 5996/5996
f 6051/6051 5996/5996 6575/6575
f 5996/5996 5994/5994 5995/5995
f 5995/5995 5994/5994 5990/5990
f 5994/5994 5989/5989 5990/5990
f 4792/4792 4694/4694 4791/4791
f 4792/4792 7223/7223 4694/4694
f 4694/4694 4691/4691 4791/4791
f 4791/4791 4691/4691 4649/4649
f 4691/4691 4650/4650 4649/4649
f 4649/4649 4650/4650 4648/4648
f 4650/4650 4652/4652 4648/4648
f 4652/4652 4654/4654 4653/4653
f 4654/4654 4655/4655 4653/4653
f 4654/4654 4687/4687 4655/4655
f 4687/4687 4659/4659 4655/4655
f 4655/4655 4659/4659 4658/4658
f 4659/4659 4689/4689 4658/4658
f 8370/8370 8373/8373 8371/8371
f 4689/4689 4672/4672 4673/4673
f 6590/6590 4554/4554 4555/4555
f 4554/4554 4550/4550 4555/4555
f 4546/4546 4547/4547 4545/4545
f 4547/4547 4548/4548 4545/4545
f 4548/4548 4551/4551 4545/4545
f 7945/7945 7941/7941 7943/7943
f 7941/7941 7942/7942 7943/7943
f 7943/7943 7942/7942 7944/7944
f 6996/6996 5550/5550 7566/7566
f 5550/5550 5162/5162 6811/6811
f 5162/5162 5175/5175 6811/6811
f 6811/6811 5175/5175 5117/5117
f 5175/5175 5113/5113 5117/5117
f 5117/5117 5113/5113 5114/5114
f 5863/5863 5653/5653 5864/5864
f 7914/7914 7915/7915 7916/7916
f 5653/5653 6742/6742 5864/5864
f 5662/5662 5667/5667 5977/5977
f 5667/5667 5668/5668 5977/5977
f 5677/5677 5680/5680 5679/5679
f 5680/5680 5682/5682 5679/5679
f 5762/5762 5856/5856 5846/5846
f 5856/5856 5854/5854 5849/5849
f 5849/5849 5854/5854 5853/5853
f 5854/5854 5857/5857 5853/5853
f 5853/5853 5857/5857 6617/6617
f 5857/5857 6224/6224 6617/6617
f 6224/6224 6236/6236 6617/6617
f 6237/6237 6254/6254 6807/6807
f 6254/6254 7261/7261 6807/6807
f 6807/6807 7261/7261 7186/7186
f 7186/7186 7261/7261 7196/7196
f 8021/8021 8022/8022 8023/8023
f 8023/8023 8022/8022 8024/8024
f 6277/6277 6276/6276 7315/7315
f 8626/8626 8627/8627 8628/8628
f 8627/8627 8629/8629 8628/8628
f 8628/8628 8629/8629 8630/8630
f 6333/6333 6001/6001 6002/6002
f 8485/8485 8484/8484 8486/8486
f 982/982 959/959 961/961
f 982/982 961/961 983/983
f 959/959 960/960 961/961
f 3182/3182 3180/3180 3186/3186
f 7255/7255 6567/6567 6565/6565
f 6122/6122 6121/6121 6120/6120
f 6121/6121 6118/6118 6120/6120
f 6112/6112 6111/6111 6109/6109
f 6111/6111 6108/6108 6109/6109
f 6109/6109 6108/6108 6104/6104
f 6108/6108 6101/6101 6104/6104
f 6100/6100 6099/6099 6203/6203
f 6099/6099 6190/6190 6203/6203
f 6203/6203 6190/6190 6195/6195
f 6190/6190 6192/6192 6194/6194
f 6190/6190 6194/6194 6195/6195
f 6192/6192 7306/7306 6710/6710
f 6192/6192 6710/6710 6194/6194
f 7306/7306 7450/7450 6710/6710
f 6710/6710 7450/7450 6004/6004
f 7450/7450 6333/6333 6004/6004
f 5998/5998 5994/5994 5996/5996
f 5982/5982 5983/5983 5979/5979
f 5983/5983 6036/6036 5979/5979
f 5979/5979 6036/6036 4792/4792
f 6036/6036 7223/7223 4792/4792
f 4650/4650 5025/5025 4652/4652
f 5025/5025 4654/4654 4652/4652
f 4672/4672 4674/4674 4670/4670
f 4674/4674 4675/4675 4671/4671
f 4674/4674 4671/4671 4670/4670
f 4675/4675 4676/4676 4671/4671
f 4676/4676 4891/4891 4890/4890
f 8401/8401 8399/8399 8398/8398
f 8398/8398 8399/8399 8400/8400
f 4599/4599 4554/4554 6590/6590
f 4554/4554 4553/4553 4550/4550
f 4553/4553 4552/4552 4550/4550
f 4552/4552 4546/4546 4550/4550
f 4546/4546 4585/4585 4547/4547
f 4585/4585 4548/4548 4547/4547
f 4548/4548 7021/7021 4551/4551
f 7951/7951 7952/7952 7953/7953
f 7953/7953 7952/7952 7954/7954
f 5171/5171 6773/6773 7224/7224
f 6996/6996 5165/5165 5550/5550
f 5165/5165 5162/5162 5550/5550
f 5113/5113 5112/5112 5114/5114
f 5114/5114 5112/5112 5179/5179
f 7923/7923 7926/7926 7924/7924
f 5133/5133 5128/5128 5132/5132
f 5132/5132 5128/5128 5130/5130
f 5128/5128 5129/5129 5130/5130
f 5130/5130 5129/5129 5888/5888
f 5129/5129 7258/7258 5888/5888
f 5888/5888 7258/7258 5141/5141
f 7258/7258 6970/6970 5141/5141
f 5141/5141 6970/6970 5564/5564
f 7918/7918 7914/7914 7916/7916
f 5661/5661 5656/5656 5662/5662
f 5656/5656 5665/5665 5662/5662
f 5665/5665 5667/5667 5662/5662
f 5681/5681 5680/5680 5677/5677
f 5680/5680 5694/5694 5682/5682
f 5694/5694 5690/5690 5685/5685
f 5694/5694 5685/5685 5682/5682
f 5690/5690 5689/5689 5685/5685
f 5685/5685 5689/5689 5688/5688
f 5688/5688 5689/5689 5691/5691
f 5689/5689 5699/5699 6686/6686
f 5689/5689 6686/6686 5691/5691
f 5699/5699 5701/5701 6686/6686
f 5763/5763 5759/5759 5761/5761
f 5759/5759 5760/5760 5761/5761
f 5761/5761 5760/5760 5762/5762
f 5762/5762 6574/6574 5856/5856
f 6574/6574 7301/7301 5856/5856
f 7301/7301 6222/6222 5856/5856
f 5856/5856 6222/6222 5854/5854
f 6222/6222 5857/5857 5854/5854
f 6223/6223 6224/6224 5857/5857
f 6224/6224 6226/6226 6236/6236
f 6226/6226 6230/6230 6236/6236
f 6236/6236 6230/6230 6237/6237
f 6230/6230 6254/6254 6237/6237
f 6254/6254 6257/6257 7261/7261
f 6257/6257 6281/6281 7261/7261
f 6281/6281 6264/6264 7261/7261
f 7261/7261 6264/6264 6277/6277
f 6264/6264 6272/6272 6277/6277
f 6277/6277 6272/6272 6276/6276
f 6272/6272 6275/6275 6276/6276
f 8487/8487 8482/8482 8485/8485
f 8482/8482 8484/8484 8485/8485
f 6121/6121 6123/6123 6118/6118
f 6123/6123 6117/6117 6118/6118
f 6118/6118 6117/6117 6116/6116
f 6117/6117 6115/6115 6116/6116
f 6116/6116 6115/6115 6114/6114
f 6115/6115 6113/6113 6114/6114
f 6114/6114 6113/6113 6112/6112
f 6113/6113 6111/6111 6112/6112
f 6108/6108 7182/7182 6101/6101
f 7182/7182 6098/6098 6101/6101
f 6101/6101 6098/6098 6100/6100
f 6098/6098 6099/6099 6100/6100
f 7450/7450 6022/6022 6333/6333
f 5998/5998 7236/7236 5994/5994
f 7236/7236 5986/5986 5989/5989
f 7236/7236 5989/5989 5994/5994
f 5986/5986 5982/5982 5989/5989
f 8413/8413 8411/8411 8412/8412
f 4694/4694 4693/4693 4691/4691
f 4693/4693 4692/4692 4691/4691
f 4691/4691 4692/4692 4650/4650
f 4692/4692 5025/5025 4650/4650
f 5071/5071 4687/4687 4654/4654
f 8374/8374 8375/8375 8376/8376
f 4678/4678 4677/4677 4672/4672
f 4678/4678 4672/4672 4689/4689
f 4677/4677 4674/4674 4672/4672
f 4674/4674 4748/4748 4675/4675
f 4748/4748 4676/4676 4675/4675
f 4892/4892 7339/7339 4891/4891
f 4892/4892 4891/4891 4676/4676
f 8402/8402 8403/8403 8399/8399
f 8402/8402 8399/8399 8401/8401
f 8403/8403 8404/8404 8399/8399
f 4599/4599 4598/4598 4554/4554
f 4598/4598 4553/4553 4554/4554
f 4552/4552 7129/7129 4585/4585
f 4552/4552 4585/4585 4546/4546
f 7129/7129 4587/4587 4585/4585
f 4587/4587 4586/4586 4585/4585
f 4585/4585 4586/4586 4548/4548
f 4586/4586 7021/7021 4548/4548
f 6773/6773 5174/5174 6996/6996
f 5174/5174 5165/5165 6996/6996
f 5165/5165 5161/5161 5162/5162
f 5161/5161 5160/5160 5162/5162
f 5162/5162 5160/5160 5175/5175
f 5160/5160 5113/5113 5175/5175
f 7926/7926 7927/7927 7924/7924
f 5133/5133 5546/5546 5128/5128
f 5129/5129 6970/6970 7258/7258
f 6970/6970 5861/5861 5863/5863
f 5861/5861 5653/5653 5863/5863
f 5653/5653 5654/5654 6742/6742
f 5654/5654 5661/5661 6742/6742
f 5654/5654 5656/5656 5661/5661
f 5665/5665 5666/5666 5667/5667
f 5666/5666 5668/5668 5667/5667
f 5674/5674 5676/5676 5675/5675
f 5676/5676 5696/5696 5677/5677
f 5676/5676 5677/5677 5675/5675
f 5696/5696 5681/5681 5677/5677
f 5681/5681 5697/5697 5680/5680
f 5692/5692 5699/5699 5689/5689
f 8291/8291 8293/8293 8292/8292
f 5876/5876 5759/5759 5763/5763
f 5760/5760 7252/7252 5762/5762
f 7252/7252 6574/6574 5762/5762
f 7301/7301 6223/6223 6222/6222
f 6222/6222 6223/6223 5857/5857
f 6223/6223 6225/6225 6224/6224
f 6225/6225 6226/6226 6224/6224
f 6230/6230 6233/6233 6254/6254
f 6233/6233 6257/6257 6254/6254
f 6257/6257 6262/6262 6281/6281
f 6262/6262 6264/6264 6281/6281
f 6264/6264 6271/6271 6272/6272
f 6271/6271 6273/6273 6272/6272
f 6272/6272 6273/6273 6275/6275
f 958/958 957/957 959/959
f 6022/6022 6023/6023 6333/6333
f 8482/8482 8483/8483 8484/8484
f 6215/6215 6009/6009 6051/6051
f 959/959 957/957 960/960
f 1292/1292 1291/1291 1290/1290
f 1461/1461 1291/1291 1292/1292
f 7359/7359 7358/7358 7255/7255
f 7255/7255 7358/7358 6567/6567
f 7358/7358 7453/7453 6567/6567
f 6567/6567 7453/7453 6122/6122
f 7453/7453 6722/6722 6122/6122
f 6122/6122 6722/6722 6121/6121
f 6722/6722 6123/6123 6121/6121
f 6125/6125 6124/6124 6113/6113
f 6113/6113 6124/6124 6111/6111
f 6124/6124 6324/6324 6111/6111
f 6111/6111 6324/6324 6108/6108
f 6324/6324 7182/7182 6108/6108
f 7182/7182 6096/6096 6098/6098
f 6098/6098 6097/6097 6099/6099
f 6099/6099 6097/6097 6190/6190
f 6097/6097 6192/6192 6190/6190
f 6192/6192 6724/6724 7306/7306
f 7306/7306 6724/6724 7450/7450
f 6724/6724 6022/6022 7450/7450
f 5986/5986 5985/5985 5982/5982
f 5985/5985 5984/5984 5982/5982
f 5982/5982 5984/5984 5983/5983
f 5984/5984 6036/6036 5983/5983
f 8414/8414 8411/8411 8413/8413
f 4771/4771 4693/4693 4694/4694
f 4693/4693 7047/7047 4692/4692
f 5071/5071 4688/4688 4687/4687
f 4688/4688 4790/4790 4659/4659
f 4688/4688 4659/4659 4687/4687
f 8377/8377 8375/8375 8374/8374
f 4677/4677 4690/4690 4674/4674
f 4690/4690 4748/4748 4674/4674
f 8403/8403 8405/8405 8404/8404
f 6332/6332 4558/4558 4598/4598
f 4598/4598 4558/4558 4553/4553
f 4558/4558 4557/4557 4553/4553
f 4553/4553 4557/4557 4552/4552
f 4557/4557 4602/4602 4552/4552
f 4602/4602 7129/7129 4552/4552
f 4586/4586 4593/4593 7021/7021
f 7946/7946 7947/7947 7948/7948
f 7021/7021 5170/5170 5171/5171
f 5170/5170 5167/5167 5171/5171
f 5171/5171 5167/5167 6773/6773
f 5167/5167 5174/5174 6773/6773
f 5174/5174 5164/5164 5165/5165
f 5164/5164 5161/5161 5165/5165
f 5113/5113 5109/5109 5112/5112
f 5109/5109 5111/5111 5112/5112
f 5111/5111 5546/5546 5112/5112
f 5546/5546 5125/5125 5128/5128
f 5125/5125 5123/5123 5128/5128
f 5128/5128 5123/5123 5129/5129
f 5123/5123 6786/6786 5129/5129
f 5129/5129 6786/6786 6970/6970
f 5666/5666 5669/5669 5668/5668
f 5668/5668 5669/5669 5670/5670
f 5669/5669 5840/5840 5674/5674
f 5669/5669 5674/5674 5670/5670
f 5840/5840 5676/5676 5674/5674
f 5840/5840 5696/5696 5676/5676
f 5697/5697 5694/5694 5680/5680
f 5690/5690 5692/5692 5689/5689
f 5692/5692 5700/5700 5699/5699
f 5700/5700 5701/5701 5699/5699
f 5876/5876 5709/5709 5759/5759
f 5709/5709 5758/5758 5759/5759
f 5759/5759 5758/5758 5760/5760
f 5758/5758 7252/7252 5760/5760
f 7252/7252 6245/6245 6574/6574
f 6245/6245 6256/6256 6574/6574
f 6574/6574 6256/6256 7301/7301
f 6256/6256 6235/6235 7301/7301
f 7301/7301 6235/6235 6223/6223
f 6235/6235 6225/6225 6223/6223
f 6225/6225 6227/6227 6226/6226
f 6227/6227 6229/6229 6226/6226
f 6226/6226 6229/6229 6230/6230
f 6229/6229 6233/6233 6230/6230
f 6262/6262 6263/6263 6264/6264
f 6263/6263 6271/6271 6264/6264
f 6022/6022 6019/6019 6023/6023
f 6019/6019 6215/6215 6023/6023
f 6215/6215 6010/6010 6009/6009
f 8411/8411 8409/8409 8412/8412
f 8192/8192 8193/8193 8194/8194
f 6722/6722 6117/6117 6123/6123
f 6117/6117 6131/6131 6115/6115
f 6115/6115 6131/6131 6113/6113
f 6131/6131 6125/6125 6113/6113
f 6324/6324 6090/6090 7182/7182
f 6090/6090 6096/6096 7182/7182
f 6096/6096 6097/6097 6098/6098
f 6097/6097 6193/6193 6192/6192
f 6193/6193 7200/7200 6724/6724
f 6193/6193 6724/6724 6192/6192
f 7200/7200 6024/6024 6724/6724
f 6011/6011 7236/7236 5998/5998
f 6011/6011 6035/6035 7236/7236
f 7236/7236 6035/6035 5986/5986
f 6035/6035 5985/5985 5986/5986
f 5985/5985 7176/7176 5984/5984
f 4701/4701 4699/4699 5025/5025
f 8116/8116 8117/8117 8114/8114
f 8365/8365 8368/8368 8366/8366
f 8365/8365 8366/8366 8367/8367
f 8368/8368 8369/8369 8366/8366
f 4790/4790 4679/4679 4678/4678
f 4679/4679 4680/4680 4677/4677
f 4679/4679 4677/4677 4678/4678
f 4680/4680 4690/4690 4677/4677
f 8384/8384 8385/8385 8386/8386
f 8385/8385 8388/8388 8387/8387
f 8385/8385 8387/8387 8386/8386
f 8388/8388 8389/8389 8387/8387
f 8387/8387 8389/8389 8390/8390
f 4595/4595 4575/4575 4576/4576
f 4595/4595 4576/4576 7339/7339
f 4575/4575 4573/4573 4576/4576
f 4576/4576 4573/4573 6332/6332
f 4573/4573 4562/4562 6332/6332
f 6332/6332 4562/4562 4558/4558
f 4562/4562 4557/4557 4558/4558
f 4602/4602 4571/4571 7129/7129
f 8317/8317 8320/8320 8318/8318
f 8317/8317 8318/8318 8319/8319
f 4589/4589 4588/4588 4587/4587
f 4587/4587 4588/4588 4586/4586
f 4588/4588 4593/4593 4586/4586
f 5167/5167 5164/5164 5174/5174
f 5164/5164 5163/5163 5161/5161
f 5163/5163 5159/5159 5161/5161
f 5161/5161 5159/5159 5160/5160
f 5160/5160 5159/5159 5113/5113
f 5159/5159 5158/5158 5113/5113
f 5158/5158 5109/5109 5113/5113
f 5111/5111 5115/5115 5546/5546
f 5115/5115 5120/5120 5546/5546
f 5546/5546 5120/5120 5125/5125
f 5120/5120 5123/5123 5125/5125
f 5123/5123 5126/5126 6786/6786
f 7928/7928 7929/7929 7930/7930
f 5861/5861 5652/5652 5653/5653
f 5652/5652 5651/5651 5653/5653
f 5653/5653 5651/5651 5654/5654
f 5696/5696 5839/5839 5681/5681
f 5681/5681 5839/5839 5697/5697
f 5694/5694 5693/5693 5690/5690
f 5693/5693 5692/5692 5690/5690
f 5792/5792 5700/5700 5692/5692
f 5700/5700 5702/5702 5701/5701
f 5701/5701 5702/5702 5876/5876
f 5702/5702 5709/5709 5876/5876
f 6245/6245 6244/6244 6256/6256
f 6256/6256 6244/6244 6235/6235
f 6229/6229 6257/6257 6233/6233
f 6257/6257 6259/6259 6262/6262
f 6259/6259 6263/6263 6262/6262
f 6263/6263 6295/6295 6271/6271
f 6295/6295 6699/6699 6271/6271
f 6271/6271 6699/6699 6273/6273
f 958/958 953/953 957/957
f 6024/6024 6022/6022 6724/6724
f 6019/6019 6014/6014 6215/6215
f 6014/6014 6010/6010 6215/6215
f 7176/7176 4765/4765 4794/4794
f 8415/8415 8411/8411 8414/8414
f 4765/4765 4757/4757 4794/4794
f 8411/8411 8406/8406 8409/8409
f 8406/8406 8407/8407 8408/8408
f 8406/8406 8408/8408 8409/8409
f 8407/8407 8410/8410 8408/8408
f 953/953 956/956 957/957
f 7358/7358 6746/6746 7453/7453
f 6746/6746 6745/6745 7453/7453
f 6128/6128 6126/6126 6131/6131
f 6131/6131 6126/6126 6125/6125
f 6126/6126 6124/6124 6125/6125
f 6090/6090 6088/6088 6096/6096
f 6088/6088 6092/6092 6096/6096
f 6092/6092 6093/6093 6096/6096
f 6096/6096 6093/6093 6097/6097
f 6093/6093 6316/6316 6097/6097
f 6097/6097 6316/6316 6193/6193
f 6316/6316 7334/7334 7200/7200
f 6316/6316 7200/7200 6193/6193
f 7334/7334 6024/6024 7200/7200
f 6010/6010 6012/6012 6011/6011
f 6011/6011 6025/6025 6035/6035
f 6012/6012 6034/6034 6025/6025
f 6012/6012 6025/6025 6011/6011
f 6025/6025 7325/7325 6035/6035
f 6035/6035 7325/7325 5985/5985
f 7325/7325 7176/7176 5985/5985
f 7325/7325 4796/4796 7176/7176
f 4698/4698 4686/4686 5071/5071
f 8382/8382 8381/8381 8378/8378
f 8382/8382 8378/8378 8383/8383
f 8381/8381 8379/8379 8378/8378
f 8378/8378 8379/8379 8380/8380
f 4684/4684 4679/4679 4790/4790
f 4681/4681 4680/4680 4679/4679
f 4680/4680 7364/7364 4690/4690
f 4690/4690 7364/7364 4748/4748
f 8391/8391 8385/8385 8384/8384
f 4582/4582 4580/4580 7395/7395
f 4580/4580 4579/4579 7395/7395
f 7395/7395 4579/4579 4595/4595
f 4579/4579 4574/4574 4595/4595
f 4595/4595 4574/4574 4575/4575
f 4574/4574 4572/4572 4573/4573
f 4574/4574 4573/4573 4575/4575
f 4572/4572 4562/4562 4573/4573
f 4562/4562 4566/4566 4557/4557
f 4557/4557 4566/4566 4602/4602
f 4566/4566 4571/4571 4602/4602
f 4589/4589 4590/4590 4588/4588
f 4589/4589 4591/4591 4590/4590
f 4590/4590 4593/4593 4588/4588
f 7946/7946 7949/7949 7947/7947
f 5172/5172 5168/5168 5170/5170
f 5170/5170 5168/5168 5167/5167
f 5168/5168 5166/5166 5167/5167
f 5167/5167 5166/5166 5164/5164
f 5164/5164 5166/5166 5163/5163
f 5166/5166 5173/5173 5163/5163
f 5163/5163 5173/5173 5159/5159
f 5109/5109 5110/5110 5111/5111
f 5110/5110 5115/5115 5111/5111
f 5115/5115 5119/5119 5120/5120
f 5119/5119 5122/5122 5120/5120
f 5120/5120 5122/5122 5123/5123
f 5122/5122 5124/5124 5123/5123
f 5123/5123 5124/5124 5126/5126
f 5124/5124 5127/5127 5126/5126
f 5126/5126 5127/5127 6786/6786
f 5127/5127 7233/7233 6786/6786
f 7928/7928 7931/7931 7929/7929
f 7233/7233 5652/5652 5861/5861
f 5651/5651 5655/5655 5654/5654
f 5654/5654 5655/5655 5656/5656
f 5655/5655 5657/5657 5656/5656
f 5656/5656 5657/5657 5665/5665
f 5657/5657 5660/5660 5665/5665
f 5665/5665 5660/5660 5666/5666
f 5660/5660 7412/7412 5666/5666
f 5666/5666 7412/7412 5669/5669
f 7412/7412 5750/5750 5840/5840
f 7412/7412 5840/5840 5669/5669
f 5750/5750 5753/5753 5840/5840
f 8286/8286 8283/8283 8285/8285
f 8283/8283 8284/8284 8285/8285
f 5693/5693 5695/5695 5692/5692
f 5695/5695 5792/5792 5692/5692
f 5792/5792 5703/5703 5700/5700
f 5700/5700 5703/5703 5702/5702
f 5703/5703 5704/5704 5702/5702
f 5702/5702 5704/5704 5709/5709
f 5704/5704 5710/5710 5709/5709
f 5709/5709 5710/5710 5758/5758
f 5710/5710 7252/7252 5758/5758
f 7252/7252 6246/6246 6245/6245
f 6783/6783 6258/6258 6229/6229
f 6229/6229 6258/6258 6257/6257
f 6258/6258 6259/6259 6257/6257
f 6259/6259 6295/6295 6263/6263
f 6024/6024 6020/6020 6022/6022
f 6020/6020 6016/6016 6019/6019
f 6020/6020 6019/6019 6022/6022
f 6016/6016 6014/6014 6019/6019
f 4796/4796 4765/4765 7176/7176
f 1420/1420 1415/1415 1452/1452
f 1459/1459 1458/1458 1460/1460
f 3490/3490 1912/1912 1913/1913
f 7337/7337 7358/7358 7359/7359
f 8196/8196 8197/8197 8198/8198
f 6126/6126 6127/6127 6124/6124
f 8202/8202 8200/8200 8199/8199
f 8199/8199 8200/8200 8201/8201
f 6091/6091 6089/6089 6324/6324
f 6324/6324 6089/6089 6090/6090
f 6089/6089 6088/6088 6090/6090
f 6088/6088 6077/6077 6092/6092
f 6077/6077 7194/7194 6093/6093
f 6077/6077 6093/6093 6092/6092
f 7194/7194 6316/6316 6093/6093
f 6200/6200 6076/6076 7194/7194
f 8481/8481 8474/8474 8480/8480
f 7334/7334 6974/6974 6024/6024
f 8474/8474 8478/8478 8479/8479
f 8474/8474 8479/8479 8480/8480
f 6025/6025 7466/7466 7325/7325
f 6749/6749 7466/7466 6025/6025
f 4701/4701 4700/4700 4699/4699
f 4700/4700 4697/4697 4699/4699
f 4699/4699 4697/4697 4698/4698
f 4697/4697 4686/4686 4698/4698
f 4684/4684 4683/4683 4679/4679
f 4683/4683 4681/4681 4679/4679
f 4681/4681 7364/7364 4680/4680
f 7364/7364 4584/4584 4582/4582
f 4584/4584 4581/4581 4582/4582
f 4582/4582 4581/4581 4580/4580
f 4581/4581 4578/4578 4580/4580
f 4580/4580 4578/4578 4579/4579
f 4578/4578 4577/4577 4574/4574
f 4578/4578 4574/4574 4579/4579
f 4577/4577 4572/4572 4574/4574
f 4572/4572 4568/4568 4562/4562
f 4568/4568 4567/4567 4562/4562
f 4562/4562 4567/4567 4566/4566
f 4568/4568 4570/4570 4567/4567
f 4567/4567 4569/4569 4566/4566
f 4570/4570 6685/6685 4567/4567
f 4567/4567 6685/6685 4569/4569
f 4569/4569 4571/4571 4566/4566
f 4569/4569 6685/6685 4571/4571
f 7139/7139 7560/7560 4593/4593
f 7139/7139 4593/4593 4590/4590
f 7560/7560 5176/5176 5172/5172
f 7950/7950 7949/7949 7946/7946
f 5176/5176 5169/5169 5168/5168
f 5176/5176 5168/5168 5172/5172
f 5169/5169 7174/7174 5166/5166
f 5169/5169 5166/5166 5168/5168
f 7174/7174 6334/6334 5166/5166
f 6334/6334 5173/5173 5166/5166
f 5173/5173 5102/5102 5159/5159
f 5102/5102 5158/5158 5159/5159
f 5110/5110 5116/5116 5115/5115
f 5116/5116 5118/5118 5115/5115
f 5115/5115 5118/5118 5119/5119
f 5118/5118 5203/5203 5119/5119
f 5119/5119 5203/5203 5122/5122
f 5203/5203 5143/5143 5122/5122
f 5143/5143 5142/5142 5122/5122
f 5142/5142 5124/5124 5122/5122
f 5142/5142 5178/5178 5124/5124
f 5124/5124 5178/5178 5127/5127
f 5178/5178 7233/7233 5127/5127
f 7233/7233 5314/5314 5652/5652
f 5314/5314 5313/5313 5651/5651
f 5314/5314 5651/5651 5652/5652
f 5313/5313 6221/6221 5651/5651
f 5651/5651 6221/6221 5655/5655
f 6221/6221 5658/5658 5655/5655
f 5658/5658 5657/5657 5655/5655
f 7903/7903 7904/7904 7905/7905
f 7905/7905 7904/7904 7906/7906
f 5751/5751 5750/5750 7412/7412
f 5750/5750 5748/5748 5753/5753
f 5748/5748 5747/5747 5753/5753
f 5747/5747 5745/5745 5839/5839
f 5747/5747 5839/5839 5753/5753
f 5745/5745 7351/7351 5839/5839
f 7351/7351 5697/5697 5839/5839
f 7351/7351 5756/5756 5697/5697
f 5697/5697 5756/5756 5694/5694
f 5756/5756 5693/5693 5694/5694
f 5695/5695 7278/7278 5792/5792
f 7278/7278 5706/5706 5792/5792
f 5792/5792 5706/5706 5703/5703
f 5706/5706 5705/5705 5703/5703
f 5705/5705 5704/5704 5703/5703
f 5705/5705 5788/5788 5704/5704
f 5788/5788 7241/7241 5710/5710
f 5788/5788 5710/5710 5704/5704
f 7900/7900 7899/7899 7901/7901
f 7901/7901 7899/7899 7902/7902
f 6255/6255 6246/6246 7252/7252
f 6246/6246 6243/6243 6245/6245
f 6245/6245 6243/6243 6244/6244
f 6244/6244 6243/6243 6235/6235
f 6243/6243 6231/6231 6235/6235
f 6235/6235 6231/6231 6225/6225
f 6231/6231 6228/6228 6225/6225
f 6225/6225 6228/6228 6227/6227
f 6228/6228 6234/6234 6227/6227
f 6227/6227 6234/6234 6229/6229
f 6234/6234 6783/6783 6229/6229
f 6258/6258 6260/6260 6259/6259
f 6974/6974 6021/6021 6024/6024
f 6024/6024 6021/6021 6020/6020
f 6021/6021 6016/6016 6020/6020
f 6016/6016 6015/6015 6014/6014
f 6015/6015 6013/6013 6014/6014
f 6014/6014 6013/6013 6010/6010
f 6013/6013 6012/6012 6010/6010
f 6012/6012 6749/6749 6034/6034
f 7466/7466 4755/4755 4796/4796
f 7466/7466 4796/4796 7325/7325
f 4755/4755 4756/4756 4796/4796
f 4796/4796 4756/4756 4765/4765
f 4756/4756 4751/4751 4757/4757
f 4756/4756 4757/4757 4765/4765
f 4751/4751 4749/4749 6204/6204
f 4751/4751 6204/6204 4757/4757
f 4749/4749 4703/4703 6204/6204
f 6685/6685 4592/4592 4589/4589
f 8321/8321 8320/8320 8317/8317
f 4592/4592 4591/4591 4589/4589
f 951/951 952/952 953/953
f 953/953 952/952 956/956
f 7337/7337 6756/6756 7358/7358
f 6756/6756 6746/6746 7358/7358
f 6746/6746 6744/6744 6745/6745
f 6744/6744 6177/6177 6745/6745
f 8193/8193 8195/8195 8194/8194
f 8194/8194 8195/8195 8196/8196
f 8195/8195 8197/8197 8196/8196
f 6128/6128 6127/6127 6126/6126
f 6091/6091 6073/6073 6089/6089
f 6089/6089 6073/6073 6088/6088
f 6073/6073 6072/6072 6088/6088
f 6088/6088 6072/6072 6077/6077
f 6072/6072 6075/6075 6077/6077
f 6077/6077 6075/6075 7194/7194
f 7194/7194 6075/6075 6200/6200
f 4702/4702 4700/4700 4701/4701
f 4686/4686 4685/4685 4684/4684
f 4686/4686 4684/4684 4772/4772
f 4685/4685 4683/4683 4684/4684
f 4681/4681 6991/6991 7364/7364
f 8392/8392 8393/8393 8394/8394
f 4584/4584 4583/4583 4581/4581
f 4583/4583 6326/6326 4578/4578
f 4583/4583 4578/4578 4581/4581
f 6326/6326 7448/7448 4577/4577
f 6326/6326 4577/4577 4578/4578
f 7448/7448 7068/7068 4577/4577
f 4577/4577 7068/7068 4572/4572
f 7068/7068 4596/4596 4572/4572
f 4572/4572 4596/4596 4568/4568
f 6966/6966 5536/5536 7139/7139
f 8549/8549 8550/8550 8546/8546
f 5536/5536 5529/5529 7139/7139
f 7139/7139 5529/5529 7560/7560
f 7955/7955 7958/7958 7956/7956
f 7955/7955 7956/7956 7957/7957
f 6968/6968 6790/6790 5176/5176
f 5176/5176 6790/6790 5169/5169
f 6790/6790 7270/7270 5169/5169
f 7983/7983 7981/7981 7980/7980
f 7980/7980 7981/7981 7982/7982
f 5092/5092 5104/5104 7174/7174
f 5104/5104 6334/6334 7174/7174
f 6334/6334 7049/7049 5173/5173
f 7049/7049 5102/5102 5173/5173
f 5102/5102 5106/5106 5158/5158
f 5106/5106 5109/5109 5158/5158
f 5110/5110 7087/7087 5116/5116
f 7087/7087 5121/5121 5116/5116
f 5116/5116 5121/5121 5118/5118
f 5121/5121 5131/5131 5118/5118
f 5131/5131 5203/5203 5118/5118
f 7986/7986 7989/7989 7994/7994
f 5143/5143 5144/5144 5142/5142
f 5144/5144 5151/5151 5142/5142
f 5151/5151 5178/5178 5142/5142
f 5151/5151 6693/6693 5178/5178
f 5178/5178 6693/6693 7233/7233
f 6693/6693 5314/5314 7233/7233
f 5657/5657 5659/5659 5660/5660
f 5659/5659 5881/5881 5660/5660
f 5745/5745 5752/5752 7351/7351
f 5752/5752 5756/5756 7351/7351
f 5756/5756 7278/7278 5693/5693
f 5693/5693 7278/7278 5695/5695
f 7278/7278 5707/5707 5706/5706
f 5706/5706 5707/5707 5705/5705
f 5707/5707 5708/5708 5705/5705
f 5705/5705 5708/5708 5788/5788
f 5708/5708 7271/7271 5788/5788
f 5788/5788 7271/7271 7241/7241
f 7898/7898 7899/7899 7900/7900
f 6255/6255 6250/6250 6246/6246
f 6250/6250 6247/6247 6246/6246
f 6247/6247 6243/6243 6246/6246
f 6315/6315 6231/6231 6243/6243
f 8025/8025 8026/8026 8027/8027
f 6783/6783 6261/6261 6258/6258
f 6261/6261 6260/6260 6258/6258
f 6260/6260 6278/6278 6259/6259
f 6278/6278 6295/6295 6259/6259
f 6295/6295 6296/6296 6699/6699
f 948/948 951/951 953/953
f 6075/6075 6076/6076 6200/6200
f 8474/8474 8476/8476 8478/8478
f 6049/6049 6021/6021 6974/6974
f 6049/6049 6016/6016 6021/6021
f 6015/6015 6787/6787 6013/6013
f 6013/6013 6787/6787 6012/6012
f 8505/8505 8501/8501 8504/8504
f 8504/8504 8501/8501 8503/8503
f 8501/8501 8502/8502 8503/8503
f 4758/4758 4755/4755 7466/7466
f 4755/4755 4751/4751 4756/4756
f 8261/8261 8260/8260 8262/8262
f 5539/5539 5537/5537 6685/6685
f 8545/8545 8548/8548 8546/8546
f 8545/8545 8546/8546 8547/8547
f 951/951 950/950 952/952
f 1911/1911 3491/3491 1912/1912
f 3491/3491 1911/1911 1296/1296
f 7321/7321 6756/6756 7337/7337
f 6756/6756 6747/6747 6746/6746
f 6747/6747 6744/6744 6746/6746
f 6177/6177 6170/6170 6128/6128
f 6170/6170 6169/6169 6128/6128
f 6128/6128 6169/6169 6127/6127
f 6169/6169 6199/6199 6127/6127
f 8202/8202 8203/8203 8200/8200
f 6199/6199 6073/6073 6091/6091
f 4702/4702 5023/5023 4700/4700
f 4700/4700 5023/5023 4697/4697
f 5023/5023 4695/4695 4697/4697
f 4697/4697 4695/4695 4686/4686
f 4695/4695 4685/4685 4686/4686
f 4685/4685 4895/4895 4683/4683
f 4683/4683 4895/4895 4681/4681
f 4895/4895 6991/6991 4681/4681
f 8392/8392 8395/8395 8393/8393
f 7503/7503 7493/7493 4584/4584
f 4584/4584 7493/7493 4583/4583
f 8649/8649 8650/8650 8651/8651
f 7493/7493 6326/6326 4583/4583
f 7136/7136 6712/6712 7448/7448
f 8650/8650 8652/8652 8651/8651
f 6712/6712 6711/6711 7068/7068
f 6712/6712 7068/7068 7448/7448
f 8267/8267 8265/8265 8268/8268
f 5537/5537 5533/5533 6966/6966
f 5533/5533 5530/5530 5536/5536
f 5533/5533 5536/5536 6966/6966
f 5530/5530 5529/5529 5536/5536
f 5529/5529 5545/5545 6968/6968
f 5545/5545 6771/6771 6968/6968
f 7959/7959 7962/7962 7960/7960
f 7959/7959 7960/7960 7961/7961
f 7137/7137 5100/5100 7270/7270
f 7962/7962 7963/7963 7960/7960
f 5100/5100 5092/5092 7270/7270
f 5104/5104 5093/5093 6334/6334
f 5093/5093 7049/7049 6334/6334
f 5106/5106 5108/5108 5109/5109
f 5109/5109 5108/5108 5110/5110
f 5108/5108 7087/7087 5110/5110
f 7986/7986 7988/7988 7989/7989
f 5145/5145 5144/5144 5143/5143
f 5144/5144 6325/6325 5151/5151
f 7936/7936 7935/7935 7932/7932
f 7935/7935 7933/7933 7932/7932
f 7932/7932 7933/7933 7934/7934
f 5303/5303 5305/5305 5314/5314
f 5303/5303 5314/5314 6693/6693
f 5305/5305 5313/5313 5314/5314
f 5313/5313 5316/5316 6221/6221
f 7913/7913 7911/7911 7912/7912
f 7911/7911 7907/7907 7912/7912
f 5658/5658 5659/5659 5657/5657
f 7907/7907 7908/7908 7909/7909
f 5881/5881 5787/5787 5751/5751
f 5787/5787 5749/5749 5751/5751
f 5751/5751 5749/5749 5750/5750
f 5749/5749 5746/5746 5748/5748
f 5749/5749 5748/5748 5750/5750
f 5748/5748 5746/5746 5747/5747
f 5746/5746 5742/5742 5745/5745
f 5746/5746 5745/5745 5747/5747
f 5742/5742 5741/5741 5745/5745
f 5745/5745 5741/5741 5752/5752
f 5741/5741 5738/5738 5756/5756
f 5741/5741 5756/5756 5752/5752
f 5738/5738 5727/5727 5756/5756
f 5756/5756 5727/5727 7278/7278
f 5727/5727 5718/5718 7278/7278
f 5718/5718 5712/5712 7278/7278
f 7278/7278 5712/5712 5707/5707
f 5712/5712 5711/5711 5707/5707
f 5711/5711 5837/5837 5708/5708
f 5711/5711 5708/5708 5707/5707
f 5837/5837 7271/7271 5708/5708
f 7271/7271 6250/6250 6255/6255
f 6249/6249 6248/6248 6247/6247
f 6247/6247 6248/6248 6243/6243
f 6243/6243 6248/6248 6315/6315
f 6315/6315 6232/6232 6231/6231
f 6231/6231 6232/6232 6228/6228
f 6232/6232 7232/7232 6228/6228
f 6228/6228 7232/7232 6234/6234
f 8028/8028 8026/8026 8025/8025
f 6261/6261 6265/6265 6260/6260
f 6265/6265 6278/6278 6260/6260
f 6278/6278 6280/6280 6295/6295
f 6280/6280 6296/6296 6295/6295
f 6072/6072 6074/6074 6075/6075
f 6075/6075 6074/6074 6076/6076
f 6074/6074 6740/6740 6076/6076
f 8474/8474 8475/8475 8476/8476
f 8475/8475 8477/8477 8476/8476
f 7130/7130 6017/6017 6049/6049
f 6049/6049 6017/6017 6016/6016
f 6017/6017 6018/6018 6015/6015
f 6017/6017 6015/6015 6016/6016
f 8494/8494 8495/8495 8496/8496
f 6018/6018 6787/6787 6015/6015
f 4925/4925 5028/5028 6787/6787
f 5028/5028 4758/4758 6787/6787
f 5028/5028 4754/4754 4758/4758
f 4758/4758 4754/4754 4755/4755
f 4754/4754 4753/4753 4751/4751
f 4754/4754 4751/4751 4755/4755
f 4753/4753 4752/4752 4751/4751
f 4752/4752 4750/4750 4751/4751
f 4751/4751 4750/4750 4749/4749
f 4750/4750 4747/4747 4749/4749
f 4749/4749 4747/4747 4703/4703
f 4747/4747 4702/4702 4703/4703
f 4596/4596 7242/7242 4570/4570
f 4596/4596 4570/4570 4568/4568
f 8259/8259 8260/8260 8261/8261
f 948/948 950/950 951/951
f 7321/7321 6450/6450 6756/6756
f 6450/6450 6578/6578 6756/6756
f 8211/8211 8209/8209 8208/8208
f 8208/8208 8209/8209 8210/8210
f 8209/8209 8212/8212 8210/8210
f 6744/6744 6743/6743 6177/6177
f 6743/6743 6175/6175 6177/6177
f 6175/6175 6170/6170 6177/6177
f 8204/8204 8205/8205 8206/8206
f 6199/6199 6094/6094 6073/6073
f 6094/6094 6071/6071 6073/6073
f 6073/6073 6071/6071 6072/6072
f 6071/6071 6070/6070 6072/6072
f 7195/7195 5023/5023 4702/4702
f 7195/7195 4708/4708 5023/5023
f 5023/5023 4704/4704 4695/4695
f 4708/4708 4704/4704 5023/5023
f 4704/4704 4696/4696 4695/4695
f 4695/4695 4696/4696 4685/4685
f 4685/4685 4696/4696 4895/4895
f 4696/4696 6945/6945 4895/4895
f 6945/6945 7189/7189 4895/4895
f 7189/7189 6991/6991 4895/4895
f 8397/8397 8396/8396 8392/8392
f 8392/8392 8396/8396 8395/8395
f 4795/4795 7493/7493 7503/7503
f 4795/4795 4746/4746 7136/7136
f 4795/4795 7136/7136 7493/7493
f 4746/4746 5916/5916 7136/7136
f 7136/7136 5916/5916 6712/6712
f 5916/5916 6711/6711 6712/6712
f 8267/8267 8266/8266 8265/8265
f 8266/8266 8263/8263 8265/8265
f 5540/5540 5534/5534 5538/5538
f 5538/5538 5534/5534 5537/5537
f 5534/5534 5533/5533 5537/5537
f 5530/5530 5528/5528 5529/5529
f 5528/5528 5527/5527 5529/5529
f 5529/5529 5527/5527 5545/5545
f 5527/5527 5531/5531 5545/5545
f 5545/5545 5531/5531 6771/6771
f 5531/5531 7137/7137 6771/6771
f 5100/5100 5088/5088 5092/5092
f 5088/5088 5091/5091 5092/5092
f 5092/5092 5091/5091 5104/5104
f 5091/5091 5093/5093 5104/5104
f 5093/5093 5101/5101 7049/7049
f 5101/5101 5102/5102 7049/7049
f 5102/5102 5105/5105 5106/5106
f 5105/5105 5107/5107 5106/5106
f 5106/5106 5107/5107 5108/5108
f 5108/5108 5150/5150 7087/7087
f 7087/7087 5150/5150 5121/5121
f 5150/5150 5148/5148 5121/5121
f 5121/5121 5148/5148 5131/5131
f 7984/7984 7985/7985 7986/7986
f 7986/7986 7985/7985 7988/7988
f 5147/5147 5146/5146 5145/5145
f 5145/5145 5146/5146 5144/5144
f 5146/5146 5201/5201 6325/6325
f 5146/5146 6325/6325 5144/5144
f 5201/5201 5302/5302 6325/6325
f 5302/5302 5301/5301 5303/5303
f 5301/5301 5304/5304 5303/5303
f 5304/5304 5305/5305 5303/5303
f 5305/5305 5310/5310 5313/5313
f 5310/5310 5883/5883 5316/5316
f 5310/5310 5316/5316 5313/5313
f 5883/5883 6750/6750 5316/5316
f 7911/7911 7910/7910 7907/7907
f 7910/7910 7908/7908 7907/7907
f 5787/5787 5865/5865 5749/5749
f 5865/5865 5746/5746 5749/5749
f 5865/5865 5754/5754 5746/5746
f 5754/5754 5742/5742 5746/5746
f 5742/5742 5740/5740 5741/5741
f 5740/5740 5738/5738 5741/5741
f 5727/5727 5717/5717 5718/5718
f 5717/5717 5712/5712 5718/5718
f 5837/5837 5755/5755 7271/7271
f 5755/5755 7411/7411 7271/7271
f 7271/7271 7411/7411 6250/6250
f 7896/7896 7891/7891 7893/7893
f 7891/7891 7892/7892 7893/7893
f 7893/7893 7892/7892 7894/7894
f 7892/7892 7895/7895 7894/7894
f 7882/7882 7883/7883 7884/7884
f 7232/7232 6267/6267 6261/6261
f 6267/6267 6266/6266 6261/6261
f 6261/6261 6266/6266 6265/6265
f 6266/6266 6279/6279 6265/6265
f 6265/6265 6279/6279 6278/6278
f 6279/6279 6280/6280 6278/6278
f 6280/6280 6297/6297 6296/6296
f 4925/4925 4759/4759 5028/5028
f 4759/4759 4754/4754 5028/5028
f 4759/4759 4753/4753 4754/4754
f 4750/4750 7218/7218 4747/4747
f 7218/7218 7195/7195 4747/4747
f 4747/4747 7195/7195 4702/4702
f 8263/8263 8264/8264 8265/8265
f 7242/7242 5540/5540 5539/5539
f 954/954 949/949 948/948
f 948/948 949/949 950/950
f 2885/2885 2883/2883 3293/3293
f 6589/6589 6450/6450 7321/7321
f 6450/6450 6445/6445 6578/6578
f 8209/8209 8213/8213 8212/8212
f 7204/7204 6725/6725 6743/6743
f 6743/6743 6725/6725 6175/6175
f 6175/6175 6172/6172 6170/6170
f 6172/6172 6171/6171 6170/6170
f 6170/6170 6171/6171 6169/6169
f 6169/6169 6171/6171 6199/6199
f 6171/6171 6174/6174 6199/6199
f 6071/6071 6069/6069 6070/6070
f 6069/6069 6058/6058 6070/6070
f 6070/6070 6058/6058 6740/6740
f 4705/4705 7022/7022 4696/4696
f 4696/4696 7022/7022 6945/6945
f 8257/8257 8256/8256 8258/8258
f 7022/7022 4742/4742 4744/4744
f 8255/8255 8256/8256 8257/8257
f 7189/7189 4744/4744 4795/4795
f 4744/4744 4743/4743 4795/4795
f 4742/4742 4740/4740 4743/4743
f 4742/4742 4743/4743 4744/4744
f 4743/4743 4746/4746 4795/4795
f 4743/4743 4745/4745 4746/4746
f 4746/4746 4745/4745 5916/5916
f 4740/4740 4745/4745 4743/4743
f 4745/4745 6711/6711 5916/5916
f 4745/4745 5029/5029 7121/7121
f 4745/4745 7121/7121 6711/6711
f 4740/4740 5029/5029 4745/4745
f 5535/5535 5532/5532 5534/5534
f 5534/5534 5532/5532 5533/5533
f 5533/5533 5532/5532 5530/5530
f 5532/5532 5528/5528 5530/5530
f 5527/5527 5086/5086 5531/5531
f 5531/5531 5086/5086 7137/7137
f 5086/5086 5100/5100 7137/7137
f 5086/5086 5088/5088 5100/5100
f 5107/5107 5150/5150 5108/5108
f 5201/5201 5301/5301 5302/5302
f 5304/5304 5306/5306 5305/5305
f 5306/5306 5310/5310 5305/5305
f 5310/5310 6582/6582 5883/5883
f 6582/6582 7428/7428 5883/5883
f 5883/5883 7428/7428 6750/6750
f 7428/7428 5868/5868 6750/6750
f 6750/6750 5868/5868 5787/5787
f 5787/5787 5868/5868 5865/5865
f 5868/5868 5866/5866 5865/5865
f 5866/5866 5754/5754 5865/5865
f 5754/5754 5743/5743 5742/5742
f 5743/5743 5744/5744 5740/5740
f 5743/5743 5740/5740 5742/5742
f 5744/5744 5739/5739 5740/5740
f 5739/5739 5738/5738 5740/5740
f 5739/5739 5737/5737 5738/5738
f 5738/5738 5737/5737 5727/5727
f 5737/5737 5717/5717 5727/5727
f 5716/5716 5712/5712 5717/5717
f 5716/5716 5713/5713 5712/5712
f 5713/5713 5711/5711 5712/5712
f 5711/5711 5715/5715 5837/5837
f 5715/5715 5755/5755 5837/5837
f 6249/6249 7023/7023 6248/6248
f 7885/7885 7883/7883 7882/7882
f 6293/6293 6291/6291 6315/6315
f 8007/8007 8009/8009 8012/8012
f 6267/6267 6268/6268 6266/6266
f 6268/6268 6269/6269 6266/6266
f 6269/6269 6279/6279 6266/6266
f 6280/6280 6298/6298 6297/6297
f 6058/6058 6056/6056 7130/7130
f 6058/6058 7130/7130 6740/6740
f 6056/6056 6017/6017 7130/7130
f 8494/8494 8497/8497 8495/8495
f 6317/6317 4766/4766 4925/4925
f 4925/4925 4766/4766 4759/4759
f 4766/4766 4762/4762 4759/4759
f 4762/4762 4761/4761 4759/4759
f 4761/4761 4760/4760 4759/4759
f 4760/4760 7140/7140 4753/4753
f 4760/4760 4753/4753 4759/4759
f 7140/7140 4935/4935 4753/4753
f 4753/4753 4935/4935 4752/4752
f 4752/4752 4935/4935 4750/4750
f 4935/4935 7218/7218 4750/4750
f 7195/7195 4706/4706 4708/4708
f 4708/4708 4706/4706 4704/4704
f 4706/4706 4705/4705 4704/4704
f 5029/5029 7051/7051 7052/7052
f 5029/5029 7052/7052 7121/7121
f 7051/7051 7572/7572 7242/7242
f 7051/7051 7242/7242 7052/7052
f 7572/7572 5540/5540 7242/7242
f 7572/7572 7231/7231 5540/5540
f 5540/5540 7231/7231 5534/5534
f 954/954 955/955 949/949
f 2883/2883 2884/2884 2881/2881
f 6589/6589 6443/6443 6450/6450
f 6443/6443 6445/6445 6450/6450
f 6445/6445 7204/7204 6578/6578
f 7204/7204 6393/6393 6725/6725
f 6393/6393 6175/6175 6725/6725
f 6172/6172 6173/6173 6171/6171
f 6171/6171 6173/6173 6174/6174
f 6173/6173 6319/6319 6174/6174
f 8204/8204 8207/8207 8205/8205
f 6319/6319 6071/6071 6094/6094
f 6319/6319 6078/6078 6071/6071
f 6071/6071 6078/6078 6069/6069
f 6078/6078 6057/6057 6069/6069
f 6069/6069 6057/6057 6058/6058
f 6057/6057 6056/6056 6058/6058
f 4769/4769 4768/4768 4767/4767
f 4767/4767 4768/4768 4762/4762
f 4768/4768 6822/6822 4762/4762
f 4762/4762 6822/6822 4761/4761
f 6822/6822 4763/4763 4761/4761
f 4763/4763 4764/4764 4760/4760
f 5535/5535 7231/7231 5532/5532
f 5532/5532 6767/6767 5528/5528
f 6767/6767 5526/5526 5528/5528
f 5528/5528 5526/5526 5527/5527
f 5526/5526 5084/5084 5086/5086
f 5526/5526 5086/5086 5527/5527
f 5084/5084 5085/5085 5086/5086
f 5085/5085 5087/5087 5086/5086
f 5087/5087 5088/5088 5086/5086
f 5088/5088 5090/5090 5091/5091
f 5090/5090 5093/5093 5091/5091
f 5093/5093 5095/5095 5101/5101
f 5095/5095 5097/5097 5101/5101
f 5101/5101 5097/5097 5102/5102
f 5097/5097 5105/5105 5102/5102
f 5105/5105 5204/5204 5107/5107
f 5107/5107 7152/7152 5150/5150
f 7152/7152 7191/7191 5150/5150
f 5150/5150 7191/7191 5148/5148
f 7990/7990 7987/7987 7984/7984
f 7984/7984 7987/7987 7985/7985
f 5525/5525 5199/5199 5147/5147
f 5199/5199 5146/5146 5147/5147
f 5199/5199 5200/5200 5146/5146
f 5146/5146 5200/5200 5201/5201
f 5200/5200 6576/6576 5301/5301
f 5200/5200 5301/5301 5201/5201
f 6576/6576 5309/5309 5304/5304
f 6576/6576 5304/5304 5301/5301
f 5309/5309 5307/5307 5304/5304
f 5307/5307 5308/5308 5306/5306
f 5307/5307 5306/5306 5304/5304
f 5308/5308 5311/5311 5306/5306
f 5306/5306 5311/5311 5310/5310
f 5311/5311 6582/6582 5310/5310
f 8061/8061 8060/8060 8062/8062
f 6641/6641 6643/6643 7428/7428
f 6643/6643 6810/6810 7428/7428
f 7428/7428 6810/6810 5868/5868
f 6810/6810 5869/5869 5868/5868
f 5868/5868 5869/5869 5866/5866
f 5869/5869 5867/5867 5866/5866
f 5866/5866 5867/5867 5754/5754
f 5867/5867 6954/6954 5754/5754
f 5754/5754 6954/6954 5743/5743
f 6954/6954 5744/5744 5743/5743
f 5744/5744 7070/7070 5739/5739
f 7070/7070 5737/5737 5739/5739
f 5713/5713 5714/5714 5711/5711
f 5714/5714 5715/5715 5711/5711
f 5715/5715 5719/5719 5755/5755
f 5719/5719 5836/5836 5755/5755
f 5755/5755 5836/5836 7411/7411
f 5836/5836 5833/5833 7411/7411
f 7411/7411 5833/5833 6516/6516
f 6516/6516 5833/5833 5841/5841
f 7892/7892 7897/7897 7895/7895
f 7023/7023 6292/6292 6293/6293
f 6292/6292 6291/6291 6293/6293
f 8007/8007 8008/8008 8009/8009
f 8008/8008 8010/8010 8009/8009
f 8009/8009 8010/8010 8011/8011
f 6285/6285 6270/6270 7232/7232
f 7232/7232 6270/6270 6267/6267
f 6270/6270 6268/6268 6267/6267
f 6269/6269 6294/6294 6279/6279
f 6294/6294 6280/6280 6279/6279
f 6017/6017 6052/6052 6018/6018
f 8499/8499 8498/8498 8494/8494
f 8494/8494 8498/8498 8497/8497
f 4898/4898 4767/4767 6317/6317
f 6317/6317 4767/4767 4766/4766
f 4764/4764 7244/7244 7140/7140
f 4764/4764 7140/7140 4760/4760
f 7244/7244 7304/7304 7140/7140
f 7140/7140 7304/7304 4935/4935
f 7304/7304 4714/4714 4935/4935
f 4714/4714 4709/4709 4935/4935
f 4935/4935 4709/4709 7218/7218
f 7218/7218 4709/4709 7195/7195
f 7195/7195 4709/4709 4706/4706
f 4709/4709 4707/4707 4706/4706
f 4707/4707 4705/4705 4706/4706
f 4707/4707 4919/4919 4705/4705
f 4705/4705 4919/4919 7022/7022
f 4919/4919 4732/4732 7022/7022
f 7022/7022 4732/4732 4742/4742
f 4732/4732 4740/4740 4742/4742
f 4732/4732 4733/4733 4740/4740
f 4733/4733 5029/5029 4740/4740
f 4733/4733 7161/7161 7051/7051
f 4733/4733 7051/7051 5029/5029
f 7161/7161 7133/7133 7572/7572
f 7161/7161 7572/7572 7051/7051
f 7133/7133 7231/7231 7572/7572
f 962/962 955/955 954/954
f 6448/6448 6443/6443 6589/6589
f 6443/6443 6442/6442 6445/6445
f 6442/6442 6446/6446 6445/6445
f 6445/6445 6446/6446 7204/7204
f 6446/6446 7327/7327 7204/7204
f 7204/7204 7327/7327 6393/6393
f 6175/6175 6176/6176 6172/6172
f 6172/6172 6176/6176 6173/6173
f 6173/6173 7348/7348 6319/6319
f 7348/7348 6078/6078 6319/6319
f 7348/7348 6948/6948 6078/6078
f 6948/6948 7361/7361 6057/6057
f 6948/6948 6057/6057 6078/6078
f 7361/7361 6086/6086 6057/6057
f 6086/6086 6055/6055 6057/6057
f 6057/6057 6055/6055 6056/6056
f 6053/6053 6208/6208 6052/6052
f 8499/8499 8500/8500 8498/8498
f 6208/6208 4939/4939 4769/4769
f 6208/6208 4769/4769 4898/4898
f 4939/4939 4770/4770 4769/4769
f 4769/4769 4770/4770 4768/4768
f 4770/4770 4942/4942 6822/6822
f 4770/4770 6822/6822 4768/4768
f 8583/8583 8581/8581 8584/8584
f 6822/6822 5064/5064 4763/4763
f 5064/5064 4764/4764 4763/4763
f 7133/7133 4975/4975 7231/7231
f 7231/7231 6768/6768 5532/5532
f 6768/6768 6767/6767 5532/5532
f 5087/5087 5089/5089 5088/5088
f 5089/5089 5090/5090 5088/5088
f 5090/5090 5094/5094 5093/5093
f 5094/5094 5095/5095 5093/5093
f 5204/5204 5205/5205 5107/5107
f 5205/5205 7152/7152 5107/5107
f 6643/6643 6644/6644 6810/6810
f 8058/8058 8057/8057 8054/8054
f 5869/5869 6866/6866 5867/5867
f 8051/8051 8048/8048 8050/8050
f 8048/8048 8049/8049 8050/8050
f 8047/8047 8044/8044 8041/8041
f 8044/8044 8042/8042 8041/8041
f 8041/8041 8042/8042 8043/8043
f 6804/6804 5793/5793 7070/7070
f 5793/5793 5737/5737 7070/7070
f 5793/5793 5717/5717 5737/5737
f 5717/5717 5721/5721 5716/5716
f 5721/5721 5713/5713 5716/5716
f 5714/5714 5719/5719 5715/5715
f 5833/5833 5823/5823 5841/5841
f 5823/5823 7023/7023 5841/5841
f 6285/6285 6283/6283 6270/6270
f 6283/6283 6282/6282 6270/6270
f 6270/6270 6282/6282 6268/6268
f 6282/6282 6274/6274 6268/6268
f 6268/6268 6274/6274 6269/6269
f 6274/6274 6294/6294 6269/6269
f 6294/6294 7007/7007 6280/6280
f 7007/7007 6985/6985 6280/6280
f 6280/6280 6985/6985 6298/6298
f 6055/6055 6054/6054 6017/6017
f 6055/6055 6017/6017 6056/6056
f 6054/6054 6053/6053 6017/6017
f 6017/6017 6053/6053 6052/6052
f 8118/8118 8119/8119 8120/8120
f 4927/4927 4714/4714 7304/7304
f 4714/4714 4713/4713 4709/4709
f 4710/4710 4707/4707 4709/4709
f 4707/4707 4719/4719 4919/4919
f 4723/4723 4730/4730 4919/4919
f 4919/4919 4730/4730 4732/4732
f 4730/4730 4731/4731 4732/4732
f 4731/4731 4899/4899 4733/4733
f 4731/4731 4733/4733 4732/4732
f 4899/4899 7043/7043 4733/4733
f 7043/7043 7161/7161 4733/4733
f 966/966 967/967 962/962
f 962/962 967/967 955/955
f 6449/6449 6444/6444 6448/6448
f 6448/6448 6444/6444 6443/6443
f 6444/6444 6440/6440 6443/6443
f 6443/6443 6440/6440 6442/6442
f 6440/6440 6441/6441 6442/6442
f 6442/6442 6441/6441 6446/6446
f 6441/6441 7327/7327 6446/6446
f 7327/7327 6573/6573 6393/6393
f 6573/6573 6394/6394 6393/6393
f 6394/6394 6392/6392 6393/6393
f 6393/6393 6392/6392 6175/6175
f 6392/6392 6176/6176 6175/6175
f 6176/6176 7463/7463 6173/6173
f 8191/8191 8187/8187 8189/8189
f 8187/8187 8188/8188 8189/8189
f 6626/6626 6620/6620 7348/7348
f 8188/8188 8190/8190 8189/8189
f 6620/6620 6619/6619 7348/7348
f 6619/6619 6631/6631 6948/6948
f 6619/6619 6948/6948 7348/7348
f 6631/6631 6696/6696 7361/7361
f 6631/6631 7361/7361 6948/6948
f 6696/6696 6061/6061 7361/7361
f 7361/7361 6061/6061 6086/6086
f 6061/6061 6055/6055 6086/6086
f 8175/8175 8177/8177 8178/8178
f 8178/8178 8177/8177 8179/8179
f 4945/4945 4940/4940 4939/4939
f 4945/4945 4939/4939 6208/6208
f 4940/4940 4941/4941 4770/4770
f 4940/4940 4770/4770 4939/4939
f 4941/4941 4943/4943 4942/4942
f 4941/4941 4942/4942 4770/4770
f 4943/4943 6698/6698 4942/4942
f 8583/8583 8579/8579 8581/8581
f 8579/8579 8580/8580 8581/8581
f 5064/5064 7151/7151 4764/4764
f 7043/7043 5062/5062 7161/7161
f 7132/7132 4975/4975 7133/7133
f 8269/8269 8271/8271 8272/8272
f 5089/5089 5098/5098 5090/5090
f 5098/5098 5094/5094 5090/5090
f 5094/5094 5096/5096 5095/5095
f 5096/5096 5097/5097 5095/5095
f 5097/5097 5099/5099 5105/5105
f 5099/5099 5204/5204 5105/5105
f 7152/7152 7027/7027 7191/7191
f 7027/7027 7028/7028 7191/7191
f 7991/7991 7987/7987 7990/7990
f 5525/5525 6559/6559 5199/5199
f 6559/6559 5202/5202 5199/5199
f 5202/5202 5200/5200 5199/5199
f 6576/6576 5312/5312 5309/5309
f 5312/5312 5307/5307 5309/5309
f 5307/5307 5315/5315 5308/5308
f 5315/5315 6791/6791 5308/5308
f 5308/5308 6791/6791 5311/5311
f 6791/6791 7300/7300 5311/5311
f 5311/5311 7300/7300 6582/6582
f 8059/8059 8060/8060 8061/8061
f 6641/6641 6640/6640 6643/6643
f 6640/6640 6637/6637 6643/6643
f 6643/6643 6637/6637 6644/6644
f 6637/6637 6645/6645 6644/6644
f 8057/8057 8052/8052 8054/8054
f 8052/8052 8053/8053 8054/8054
f 6598/6598 6592/6592 6954/6954
f 6592/6592 6594/6594 6954/6954
f 6594/6594 6596/6596 6954/6954
f 6804/6804 6737/6737 5793/5793
f 5793/5793 5724/5724 5717/5717
f 5724/5724 5722/5722 5717/5717
f 5717/5717 5722/5722 5721/5721
f 5722/5722 5713/5713 5721/5721
f 5713/5713 6205/6205 5714/5714
f 5714/5714 5720/5720 5719/5719
f 5720/5720 5726/5726 5719/5719
f 5719/5719 5726/5726 5836/5836
f 8002/8002 8003/8003 8004/8004
f 5836/5836 5822/5822 5833/5833
f 5822/5822 5823/5823 5833/5833
f 5823/5823 5835/5835 7023/7023
f 7886/7886 7887/7887 7888/7888
f 7887/7887 7889/7889 7888/7888
f 6292/6292 6290/6290 6291/6291
f 6290/6290 6289/6289 6291/6291
f 8008/8008 8013/8013 8010/8010
f 6299/6299 6283/6283 6285/6285
f 6282/6282 6300/6300 6274/6274
f 6300/6300 7031/7031 6274/6274
f 6274/6274 7031/7031 6294/6294
f 7031/7031 7007/7007 6294/6294
f 7151/7151 7400/7400 4764/4764
f 4764/4764 7400/7400 7244/7244
f 8121/8121 8119/8119 8118/8118
f 4719/4719 4723/4723 4919/4919
f 4723/4723 4729/4729 4730/4730
f 4730/4730 4729/4729 4731/4731
f 4729/4729 4899/4899 4731/4731
f 2870/2870 2833/2833 2828/2828
f 2870/2870 2828/2828 2831/2831
f 2295/2295 2321/2321 2300/2300
f 6441/6441 7082/7082 7327/7327
f 7082/7082 6573/6573 7327/7327
f 6392/6392 6721/6721 6176/6176
f 6721/6721 7463/7463 6176/6176
f 6620/6620 6618/6618 6619/6619
f 6618/6618 6064/6064 6619/6619
f 6619/6619 6064/6064 6631/6631
f 6631/6631 6064/6064 6696/6696
f 6064/6064 6061/6061 6696/6696
f 6061/6061 6054/6054 6055/6055
f 6060/6060 6065/6065 6053/6053
f 4945/4945 7403/7403 4940/4940
f 7403/7403 4944/4944 4940/4940
f 4940/4940 4944/4944 4941/4941
f 4944/4944 7394/7394 4943/4943
f 4944/4944 4943/4943 4941/4941
f 8585/8585 8582/8582 8579/8579
f 7394/7394 6698/6698 4943/4943
f 8582/8582 8580/8580 8579/8579
f 6768/6768 5558/5558 6767/6767
f 5558/5558 5082/5082 6767/6767
f 6767/6767 5082/5082 5526/5526
f 5082/5082 5079/5079 5084/5084
f 5082/5082 5084/5084 5526/5526
f 5079/5079 5085/5085 5084/5084
f 5079/5079 6609/6609 5085/5085
f 5085/5085 6609/6609 5087/5087
f 6609/6609 7354/7354 5089/5089
f 6609/6609 5089/5089 5087/5087
f 7354/7354 5098/5098 5089/5089
f 5096/5096 5099/5099 5097/5097
f 5202/5202 5557/5557 5200/5200
f 5200/5200 5557/5557 6576/6576
f 7998/7998 7999/7999 8000/8000
f 5312/5312 5565/5565 5307/5307
f 5565/5565 5315/5315 5307/5307
f 7300/7300 6639/6639 6641/6641
f 6641/6641 6639/6639 6640/6640
f 6639/6639 6637/6637 6640/6640
f 6637/6637 6689/6689 6645/6645
f 8056/8056 8055/8055 8052/8052
f 8052/8052 8055/8055 8053/8053
f 6206/6206 5976/5976 6866/6866
f 6866/6866 5976/5976 6598/6598
f 5976/5976 6592/6592 6598/6598
f 8044/8044 8045/8045 8042/8042
f 5722/5722 5723/5723 5713/5713
f 5723/5723 6205/6205 5713/5713
f 6205/6205 5720/5720 5714/5714
f 5720/5720 6391/6391 5726/5726
f 5822/5822 5820/5820 5823/5823
f 5820/5820 5835/5835 5823/5823
f 6290/6290 6288/6288 6289/6289
f 6288/6288 6284/6284 6289/6289
f 6289/6289 6284/6284 6299/6299
f 6299/6299 6284/6284 6283/6283
f 6284/6284 6282/6282 6283/6283
f 8631/8631 8632/8632 8633/8633
f 8632/8632 8634/8634 8633/8633
f 7007/7007 7314/7314 6985/6985
f 963/963 965/965 966/966
f 7151/7151 4914/4914 7400/7400
f 4914/4914 4927/4927 7400/7400
f 4927/4927 4909/4909 4714/4714
f 4909/4909 4716/4716 4713/4713
f 4909/4909 4713/4713 4714/4714
f 4713/4713 4712/4712 4709/4709
f 4709/4709 4712/4712 4710/4710
f 4712/4712 4711/4711 4710/4710
f 4710/4710 4711/4711 4707/4707
f 4711/4711 4719/4719 4707/4707
f 4711/4711 4720/4720 4719/4719
f 4720/4720 4721/4721 4719/4719
f 4719/4719 4721/4721 4723/4723
f 4721/4721 4724/4724 4723/4723
f 4723/4723 4724/4724 4729/4729
f 4729/4729 4735/4735 4899/4899
f 966/966 965/965 967/967
f 2832/2832 2826/2826 2828/2828
f 6440/6440 6439/6439 6441/6441
f 6439/6439 7082/7082 6441/6441
f 7082/7082 6419/6419 6573/6573
f 6419/6419 6396/6396 6573/6573
f 6573/6573 6396/6396 6394/6394
f 6396/6396 6395/6395 6394/6394
f 6394/6394 6395/6395 6392/6392
f 6395/6395 6721/6721 6392/6392
f 6721/6721 6627/6627 7463/7463
f 6626/6626 6621/6621 6620/6620
f 6621/6621 6618/6618 6620/6620
f 6618/6618 6083/6083 6064/6064
f 6083/6083 6063/6063 6064/6064
f 6063/6063 6062/6062 6061/6061
f 6063/6063 6061/6061 6064/6064
f 6062/6062 6059/6059 6061/6061
f 6061/6061 6059/6059 6054/6054
f 6060/6060 6066/6066 6065/6065
f 6066/6066 6068/6068 6065/6065
f 8175/8175 8176/8176 8177/8177
f 8176/8176 8181/8181 8180/8180
f 8176/8176 8180/8180 8177/8177
f 6828/6828 6827/6827 7403/7403
f 8662/8662 8663/8663 8664/8664
f 6827/6827 6802/6802 7394/7394
f 8663/8663 8665/8665 8664/8664
f 6802/6802 6801/6801 7307/7307
f 6802/6802 7307/7307 7394/7394
f 6801/6801 4918/4918 7307/7307
f 7307/7307 4918/4918 7151/7151
f 4918/4918 4914/4914 7151/7151
f 4724/4724 4725/4725 4729/4729
f 4735/4735 5062/5062 7043/7043
f 8108/8108 8109/8109 8110/8110
f 4971/4971 4972/4972 5062/5062
f 5062/5062 4972/4972 7132/7132
f 4972/4972 4975/4975 7132/7132
f 8269/8269 8270/8270 8271/8271
f 8270/8270 8273/8273 8271/8271
f 6967/6967 5558/5558 6768/6768
f 5558/5558 5081/5081 5082/5082
f 5081/5081 5080/5080 5079/5079
f 5081/5081 5079/5079 5082/5082
f 5080/5080 5078/5078 5079/5079
f 5078/5078 5077/5077 5079/5079
f 5079/5079 5077/5077 6609/6609
f 5077/5077 5075/5075 6609/6609
f 6609/6609 5075/5075 7354/7354
f 5075/5075 5076/5076 7354/7354
f 7979/7979 7975/7975 7978/7978
f 7975/7975 7976/7976 7977/7977
f 7975/7975 7977/7977 7978/7978
f 7222/7222 5096/5096 5094/5094
f 5099/5099 6517/6517 5204/5204
f 6517/6517 5205/5205 5204/5204
f 5205/5205 6531/6531 7152/7152
f 6531/6531 7027/7027 7152/7152
f 7027/7027 6549/6549 7028/7028
f 7992/7992 7993/7993 7987/7987
f 7992/7992 7987/7987 7991/7991
f 7993/7993 7995/7995 7987/7987
f 7998/7998 8001/8001 7999/7999
f 7238/7238 5565/5565 5312/5312
f 5565/5565 7259/7259 5315/5315
f 7259/7259 6791/6791 5315/5315
f 7300/7300 6642/6642 6639/6639
f 6642/6642 6638/6638 6639/6639
f 6639/6639 6638/6638 6637/6637
f 6638/6638 6636/6636 6637/6637
f 6636/6636 6635/6635 6637/6637
f 6637/6637 6635/6635 6689/6689
f 6689/6689 5975/5975 6206/6206
f 5975/5975 5976/5976 6206/6206
f 6592/6592 6593/6593 6594/6594
f 6593/6593 6595/6595 6594/6594
f 6594/6594 6595/6595 6596/6596
f 6595/6595 6597/6597 6596/6596
f 6597/6597 7004/7004 6596/6596
f 8044/8044 8046/8046 8045/8045
f 7004/7004 5725/5725 6737/6737
f 6737/6737 5725/5725 5793/5793
f 5793/5793 5725/5725 5724/5724
f 5725/5725 5768/5768 5722/5722
f 5725/5725 5722/5722 5724/5724
f 5768/5768 5723/5723 5722/5722
f 5723/5723 6990/6990 6205/6205
f 6990/6990 6983/6983 6205/6205
f 6205/6205 6983/6983 5720/5720
f 6983/6983 7347/7347 5720/5720
f 5720/5720 7347/7347 6391/6391
f 8006/8006 8005/8005 8002/8002
f 8002/8002 8005/8005 8003/8003
f 5822/5822 5818/5818 5820/5820
f 5820/5820 5821/5821 5835/5835
f 5821/5821 7002/7002 5835/5835
f 7887/7887 7890/7890 7889/7889
f 6290/6290 7002/7002 6288/6288
f 7002/7002 6287/6287 6288/6288
f 6288/6288 6287/6287 6284/6284
f 6284/6284 6286/6286 6282/6282
f 6286/6286 6300/6300 6282/6282
f 8029/8029 8030/8030 8031/8031
f 6738/6738 6759/6759 7031/7031
f 4914/4914 4910/4910 4927/4927
f 4910/4910 4909/4909 4927/4927
f 4716/4716 4715/4715 4713/4713
f 4715/4715 4712/4712 4713/4713
f 4725/4725 4735/4735 4729/4729
f 2832/2832 2836/2836 2826/2826
f 2296/2296 2295/2295 2300/2300
f 6440/6440 6418/6418 6439/6439
f 6418/6418 6438/6438 6439/6439
f 6439/6439 6438/6438 7082/7082
f 6629/6629 6627/6627 6721/6721
f 6627/6627 6624/6624 6626/6626
f 6624/6624 6622/6622 6621/6621
f 6624/6624 6621/6621 6626/6626
f 6622/6622 6618/6618 6621/6621
f 6618/6618 6633/6633 6083/6083
f 6633/6633 6813/6813 6083/6083
f 6083/6083 6813/6813 6063/6063
f 6813/6813 6079/6079 6062/6062
f 6813/6813 6062/6062 6063/6063
f 6079/6079 6059/6059 6062/6062
f 6066/6066 6085/6085 6068/6068
f 6085/6085 6993/6993 6068/6068
f 8176/8176 8182/8182 8181/8181
f 6993/6993 6826/6826 6828/6828
f 6828/6828 6826/6826 6827/6827
f 6826/6826 6802/6802 6827/6827
f 4918/4918 4912/4912 4914/4914
f 4727/4727 4728/4728 4725/4725
f 4736/4736 4897/4897 4735/4735
f 4735/4735 4897/4897 5062/5062
f 5080/5080 6610/6610 5078/5078
f 6610/6610 5074/5074 5078/5078
f 5078/5078 5074/5074 5077/5077
f 5074/5074 5013/5013 5075/5075
f 5074/5074 5075/5075 5077/5077
f 5075/5075 5013/5013 5076/5076
f 5013/5013 7222/7222 5076/5076
f 7222/7222 5103/5103 5096/5096
f 5103/5103 5099/5099 5096/5096
f 6559/6559 5918/5918 5202/5202
f 5918/5918 5919/5919 5557/5557
f 5918/5918 5557/5557 5202/5202
f 5919/5919 7238/7238 5557/5557
f 6769/6769 6770/6770 7238/7238
f 8070/8070 8067/8067 8069/8069
f 8067/8067 8068/8068 8069/8069
f 7259/7259 7267/7267 6791/6791
f 8066/8066 8064/8064 8063/8063
f 8063/8063 8064/8064 8065/8065
f 6840/6840 6646/6646 7300/7300
f 7300/7300 6646/6646 6642/6642
f 6646/6646 6638/6638 6642/6642
f 6635/6635 5975/5975 6689/6689
f 7004/7004 5780/5780 5725/5725
f 5780/5780 5769/5769 5725/5725
f 5769/5769 5768/5768 5725/5725
f 5768/5768 5778/5778 5723/5723
f 7347/7347 7312/7312 6391/6391
f 7312/7312 5817/5817 6391/6391
f 6391/6391 5817/5817 5818/5818
f 5817/5817 5816/5816 5818/5818
f 5816/5816 5819/5819 5818/5818
f 5818/5818 5819/5819 5820/5820
f 5819/5819 5821/5821 5820/5820
f 5821/5821 7432/7432 7002/7002
f 6287/6287 6286/6286 6284/6284
f 6286/6286 7346/7346 6300/6300
f 8032/8032 8030/8030 8029/8029
f 6738/6738 6758/6758 6759/6759
f 6758/6758 6821/6821 6759/6759
f 6759/6759 6821/6821 7314/7314
f 963/963 964/964 965/965
f 4912/4912 4910/4910 4914/4914
f 4910/4910 4718/4718 4909/4909
f 4718/4718 4717/4717 4716/4716
f 4718/4718 4716/4716 4909/4909
f 4717/4717 4715/4715 4716/4716
f 4738/4738 4711/4711 4712/4712
f 4738/4738 4726/4726 4711/4711
f 4726/4726 4904/4904 4720/4720
f 4726/4726 4720/4720 4711/4711
f 4720/4720 4722/4722 4721/4721
f 4722/4722 4727/4727 4721/4721
f 4728/4728 4736/4736 4735/4735
f 4728/4728 4735/4735 4725/4725
f 964/964 968/968 965/965
f 7226/7226 7175/7175 6449/6449
f 6449/6449 7175/7175 6444/6444
f 7175/7175 6447/6447 6444/6444
f 6444/6444 6447/6447 6440/6440
f 6447/6447 6418/6418 6440/6440
f 6438/6438 6503/6503 7082/7082
f 6503/6503 6408/6408 7082/7082
f 7082/7082 6408/6408 6419/6419
f 6408/6408 6396/6396 6419/6419
f 6629/6629 6628/6628 6627/6627
f 6628/6628 6624/6624 6627/6627
f 6622/6622 6623/6623 6618/6618
f 6623/6623 6633/6633 6618/6618
f 6813/6813 6081/6081 6079/6079
f 6081/6081 6080/6080 6079/6079
f 6079/6079 6080/6080 6060/6060
f 6080/6080 6067/6067 6060/6060
f 6060/6060 6067/6067 6066/6066
f 6067/6067 6082/6082 6066/6066
f 6066/6066 6082/6082 6085/6085
f 6082/6082 7519/7519 6993/6993
f 6082/6082 6993/6993 6085/6085
f 7519/7519 7404/7404 6826/6826
f 7519/7519 6826/6826 6993/6993
f 7404/7404 4931/4931 6826/6826
f 6826/6826 4931/4931 6802/6802
f 4931/4931 4928/4928 6801/6801
f 4931/4931 6801/6801 6802/6802
f 4928/4928 4917/4917 6801/6801
f 6801/6801 4917/4917 4918/4918
f 4917/4917 4912/4912 4918/4918
f 5073/5073 4897/4897 4736/4736
f 8111/8111 8109/8109 8108/8108
f 4971/4971 4970/4970 4972/4972
f 4970/4970 4973/4973 4972/4972
f 4972/4972 4973/4973 4975/4975
f 4973/4973 4977/4977 4975/4975
f 4975/4975 4977/4977 6774/6774
f 4977/4977 6967/6967 6774/6774
f 5558/5558 5552/5552 5081/5081
f 5552/5552 5083/5083 5081/5081
f 5081/5081 5083/5083 5080/5080
f 8541/8541 8542/8542 8543/8543
f 5083/5083 6610/6610 5080/5080
f 6605/6605 5011/5011 6610/6610
f 6610/6610 5011/5011 5074/5074
f 5011/5011 5012/5012 5013/5013
f 5011/5011 5013/5013 5074/5074
f 5012/5012 5022/5022 5013/5013
f 5022/5022 7389/7389 7222/7222
f 5022/5022 7222/7222 5013/5013
f 7389/7389 5103/5103 7222/7222
f 5103/5103 6517/6517 5099/5099
f 6517/6517 6518/6518 5205/5205
f 6518/6518 6531/6531 5205/5205
f 6531/6531 6538/6538 7027/7027
f 6538/6538 6549/6549 7027/7027
f 7993/7993 7996/7996 7995/7995
f 5921/5921 5918/5918 6559/6559
f 5919/5919 5925/5925 7238/7238
f 5925/5925 6769/6769 7238/7238
f 6770/6770 5932/5932 7259/7259
f 5932/5932 7267/7267 7259/7259
f 6646/6646 6647/6647 6638/6638
f 6647/6647 6634/6634 6638/6638
f 6638/6638 6634/6634 6636/6636
f 6636/6636 6634/6634 6635/6635
f 6634/6634 5975/5975 6635/6635
f 5973/5973 5974/5974 5975/5975
f 5975/5975 5974/5974 5976/5976
f 5974/5974 6591/6591 5976/5976
f 5976/5976 6591/6591 6592/6592
f 6591/6591 6593/6593 6592/6592
f 6593/6593 6599/6599 6595/6595
f 6599/6599 6597/6597 6595/6595
f 6597/6597 7429/7429 7004/7004
f 7429/7429 5780/5780 7004/7004
f 5769/5769 5770/5770 5768/5768
f 5768/5768 5770/5770 5778/5778
f 5770/5770 5779/5779 5778/5778
f 5778/5778 5779/5779 5723/5723
f 5779/5779 7266/7266 5723/5723
f 5723/5723 7266/7266 6990/6990
f 8282/8282 8279/8279 8281/8281
f 7266/7266 6983/6983 6990/6990
f 5887/5887 5799/5799 7347/7347
f 8279/8279 8280/8280 8281/8281
f 5799/5799 7005/7005 7347/7347
f 7347/7347 7005/7005 7312/7312
f 7312/7312 7005/7005 5817/5817
f 5819/5819 6864/6864 5821/5821
f 6864/6864 7432/7432 5821/5821
f 7346/7346 5903/5903 6738/6738
f 5903/5903 6322/6322 6738/6738
f 6738/6738 6322/6322 6758/6758
f 6322/6322 6821/6821 6758/6758
f 4718/4718 4938/4938 4717/4717
f 4717/4717 4938/4938 4715/4715
f 4938/4938 4739/4739 4712/4712
f 4938/4938 4712/4712 4715/4715
f 4739/4739 4738/4738 4712/4712
f 4739/4739 4773/4773 4738/4738
f 4773/4773 4726/4726 4738/4738
f 4728/4728 4737/4737 4736/4736
f 2856/2856 3381/3381 3379/3379
f 2856/2856 2855/2855 3381/3381
f 6418/6418 6413/6413 6438/6438
f 6413/6413 6503/6503 6438/6438
f 6395/6395 6397/6397 6721/6721
f 8214/8214 8217/8217 8218/8218
f 6628/6628 6632/6632 6624/6624
f 6632/6632 6625/6625 6624/6624
f 6624/6624 6625/6625 6622/6622
f 6625/6625 6623/6623 6622/6622
f 6623/6623 7413/7413 6633/6633
f 7413/7413 6652/6652 6813/6813
f 7413/7413 6813/6813 6633/6633
f 6652/6652 6081/6081 6813/6813
f 6067/6067 6734/6734 6082/6082
f 6734/6734 7366/7366 6082/6082
f 6082/6082 7366/7366 7519/7519
f 8675/8675 8676/8676 8677/8677
f 7519/7519 4933/4933 7404/7404
f 4933/4933 4930/4930 4931/4931
f 4933/4933 4931/4931 7404/7404
f 4930/4930 4928/4928 4931/4931
f 4928/4928 4916/4916 4917/4917
f 4916/4916 4912/4912 4917/4917
f 4969/4969 4970/4970 4971/4971
f 7967/7967 7964/7964 7973/7973
f 7967/7967 7973/7973 7974/7974
f 5552/5552 7033/7033 5083/5083
f 7033/7033 6604/6604 6605/6605
f 8544/8544 8542/8542 8541/8541
f 6604/6604 5010/5010 5011/5011
f 6604/6604 5011/5011 6605/6605
f 5010/5010 5009/5009 5011/5011
f 5011/5011 5009/5009 5012/5012
f 5009/5009 5022/5022 5012/5012
f 7389/7389 6527/6527 5103/5103
f 6527/6527 6526/6526 5103/5103
f 6526/6526 6519/6519 5103/5103
f 5103/5103 6519/6519 6517/6517
f 6519/6519 6518/6518 6517/6517
f 6518/6518 6538/6538 6531/6531
f 6538/6538 6548/6548 6549/6549
f 6548/6548 6550/6550 6549/6549
f 5921/5921 5920/5920 5918/5918
f 5920/5920 5922/5922 5919/5919
f 5920/5920 5919/5919 5918/5918
f 5922/5922 5925/5925 5919/5919
f 6769/6769 5932/5932 6770/6770
f 5932/5932 6840/6840 7267/7267
f 6840/6840 6649/6649 6646/6646
f 6649/6649 6648/6648 6646/6646
f 6646/6646 6648/6648 6647/6647
f 6647/6647 6648/6648 6634/6634
f 6634/6634 5973/5973 5975/5975
f 8085/8085 8086/8086 8087/8087
f 8086/8086 8088/8088 8087/8087
f 5860/5860 5774/5774 7429/7429
f 7429/7429 5774/5774 5780/5780
f 5774/5774 5772/5772 5769/5769
f 5774/5774 5769/5769 5780/5780
f 5772/5772 5771/5771 5769/5769
f 5769/5769 5771/5771 5770/5770
f 5771/5771 6789/6789 5770/5770
f 8037/8037 8038/8038 8039/8039
f 6789/6789 5779/5779 5770/5770
f 5785/5785 5795/5795 7266/7266
f 8038/8038 8040/8040 8039/8039
f 5795/5795 5797/5797 5887/5887
f 5795/5795 5887/5887 7266/7266
f 5797/5797 5798/5798 5799/5799
f 5797/5797 5799/5799 5887/5887
f 5798/5798 5842/5842 5799/5799
f 5799/5799 5842/5842 7005/7005
f 5842/5842 6220/6220 7005/7005
f 7005/7005 6220/6220 5817/5817
f 6220/6220 5810/5810 5817/5817
f 5817/5817 5810/5810 5816/5816
f 5810/5810 5811/5811 5816/5816
f 5816/5816 5811/5811 5819/5819
f 5811/5811 6864/6864 5819/5819
f 6864/6864 7081/7081 7432/7432
f 8033/8033 8034/8034 8035/8035
f 8034/8034 8036/8036 8035/8035
f 7002/7002 7436/7436 6287/6287
f 7436/7436 7353/7353 6287/6287
f 7353/7353 6585/6585 6287/6287
f 6287/6287 6585/6585 6286/6286
f 6286/6286 6585/6585 7346/7346
f 6585/6585 5903/5903 7346/7346
f 6322/6322 6323/6323 6821/6821
f 4912/4912 4911/4911 4910/4910
f 4911/4911 4948/4948 4718/4718
f 4911/4911 4718/4718 4910/4910
f 8139/8139 8140/8140 8141/8141
f 8141/8141 8140/8140 8142/8142
f 4777/4777 4739/4739 4938/4938
f 4775/4775 4773/4773 4739/4739
f 4773/4773 4774/4774 4726/4726
f 4774/4774 4778/4778 4726/4726
f 4726/4726 4778/4778 4904/4904
f 4904/4904 4734/4734 4722/4722
f 4734/4734 4727/4727 4722/4722
f 4734/4734 4741/4741 4728/4728
f 4734/4734 4728/4728 4727/4727
f 4741/4741 4737/4737 4728/4728
f 976/976 969/969 964/964
f 964/964 969/969 968/968
f 7175/7175 7461/7461 6447/6447
f 7461/7461 6418/6418 6447/6447
f 6413/6413 6411/6411 6503/6503
f 6411/6411 6409/6409 6503/6503
f 6503/6503 6409/6409 6408/6408
f 6409/6409 6398/6398 6408/6408
f 6408/6408 6398/6398 6396/6396
f 6398/6398 6397/6397 6396/6396
f 6396/6396 6397/6397 6395/6395
f 8214/8214 8216/8216 8217/8217
f 6629/6629 6630/6630 6628/6628
f 6630/6630 6632/6632 6628/6628
f 6625/6625 6972/6972 6623/6623
f 6972/6972 7413/7413 6623/6623
f 7413/7413 6651/6651 6652/6652
f 6651/6651 6219/6219 6081/6081
f 6651/6651 6081/6081 6652/6652
f 6219/6219 6084/6084 6081/6081
f 6081/6081 6084/6084 6080/6080
f 6084/6084 6658/6658 6080/6080
f 6080/6080 6658/6658 6067/6067
f 6658/6658 6659/6659 6067/6067
f 6067/6067 6659/6659 6734/6734
f 6659/6659 6667/6667 6734/6734
f 6734/6734 6667/6667 7366/7366
f 8678/8678 8679/8679 8676/8676
f 8678/8678 8676/8676 8675/8675
f 7391/7391 4932/4932 4933/4933
f 4933/4933 4932/4932 4930/4930
f 4932/4932 4929/4929 4930/4930
f 4930/4930 4929/4929 4928/4928
f 4929/4929 4916/4916 4928/4928
f 4916/4916 4915/4915 4912/4912
f 5055/5055 4915/4915 4916/4916
f 5055/5055 4916/4916 4929/4929
f 4913/4913 4948/4948 4911/4911
f 4774/4774 4779/4779 4778/4778
f 4779/4779 4780/4780 4778/4778
f 4778/4778 4780/4780 4904/4904
f 8135/8135 8137/8137 8138/8138
f 8113/8113 8112/8112 8108/8108
f 8108/8108 8112/8112 8111/8111
f 4969/4969 4967/4967 4970/4970
f 4967/4967 4974/4974 4970/4970
f 4970/4970 4974/4974 4973/4973
f 4974/4974 4976/4976 4973/4973
f 4976/4976 4977/4977 4973/4973
f 7967/7967 7965/7965 7964/7964
f 7964/7964 7965/7965 7966/7966
f 5015/5015 5048/5048 7033/7033
f 8551/8551 8552/8552 8553/8553
f 8552/8552 8555/8555 8554/8554
f 8552/8552 8554/8554 8553/8553
f 7126/7126 5007/5007 5010/5010
f 5010/5010 5007/5007 5009/5009
f 5007/5007 5008/5008 5009/5009
f 5009/5009 5008/5008 5022/5022
f 5008/5008 7177/7177 7389/7389
f 5008/5008 7389/7389 5022/5022
f 8102/8102 8101/8101 8103/8103
f 6518/6518 6521/6521 6538/6538
f 6521/6521 6522/6522 6538/6538
f 6522/6522 6548/6548 6538/6538
f 6548/6548 7357/7357 6550/6550
f 7997/7997 7996/7996 7993/7993
f 7357/7357 5920/5920 5921/5921
f 5920/5920 5923/5923 5922/5922
f 5923/5923 5924/5924 5922/5922
f 5922/5922 5924/5924 5925/5925
f 5924/5924 5930/5930 6769/6769
f 5924/5924 6769/6769 5925/5925
f 5930/5930 5932/5932 6769/6769
f 5932/5932 6571/6571 6840/6840
f 6571/6571 6572/6572 6840/6840
f 8274/8274 8275/8275 8276/8276
f 8275/8275 8277/8277 8276/8276
f 6649/6649 6650/6650 6648/6648
f 6650/6650 6755/6755 6648/6648
f 6648/6648 6755/6755 6634/6634
f 6755/6755 5962/5962 6634/6634
f 6634/6634 5962/5962 5973/5973
f 5962/5962 5972/5972 5973/5973
f 5973/5973 5972/5972 5974/5974
f 5974/5974 5972/5972 6591/6591
f 5972/5972 6798/6798 6591/6591
f 6591/6591 6798/6798 6593/6593
f 6798/6798 7397/7397 6593/6593
f 6593/6593 7397/7397 6599/6599
f 7397/7397 5892/5892 6599/6599
f 6599/6599 5892/5892 5860/5860
f 5892/5892 5783/5783 5860/5860
f 5860/5860 5783/5783 5774/5774
f 5783/5783 5772/5772 5774/5774
f 5771/5771 5781/5781 6789/6789
f 5781/5781 5785/5785 6789/6789
f 5785/5785 5794/5794 5795/5795
f 5794/5794 5796/5796 5795/5795
f 5795/5795 5796/5796 5797/5797
f 5797/5797 5796/5796 5798/5798
f 5796/5796 5842/5842 5798/5798
f 5811/5811 5879/5879 6864/6864
f 5879/5879 5828/5828 6864/6864
f 6864/6864 5828/5828 7081/7081
f 5828/5828 5862/5862 7081/7081
f 7081/7081 5862/5862 7436/7436
f 5862/5862 7353/7353 7436/7436
f 7353/7353 5899/5899 6585/6585
f 5899/5899 5900/5900 6585/6585
f 6585/6585 5900/5900 5903/5903
f 5900/5900 5902/5902 5903/5903
f 5903/5903 5902/5902 6322/6322
f 5902/5902 6323/6323 6322/6322
f 4915/4915 4913/4913 4912/4912
f 4912/4912 4913/4913 4911/4911
f 4777/4777 4776/4776 4739/4739
f 4776/4776 4775/4775 4739/4739
f 4775/4775 6207/6207 4773/4773
f 6207/6207 4774/4774 4773/4773
f 4741/4741 5073/5073 4737/4737
f 2758/2758 2775/2775 2757/2757
f 8644/8644 8640/8640 8643/8643
f 8643/8643 8640/8640 8642/8642
f 8640/8640 8641/8641 8642/8642
f 7461/7461 6415/6415 6418/6418
f 6415/6415 6413/6413 6418/6418
f 6399/6399 6980/6980 6397/6397
f 8214/8214 8215/8215 8216/8216
f 6632/6632 7013/7013 6625/6625
f 6625/6625 7013/7013 6972/6972
f 8186/8186 8184/8184 8183/8183
f 8183/8183 8184/8184 8185/8185
f 6653/6653 6651/6651 7413/7413
f 6653/6653 6219/6219 6651/6651
f 6658/6658 6660/6660 6659/6659
f 6660/6660 6661/6661 6659/6659
f 6659/6659 6661/6661 6667/6667
f 6661/6661 6665/6665 7391/7391
f 6661/6661 7391/7391 6667/6667
f 6665/6665 6666/6666 7391/7391
f 8254/8254 8251/8251 8253/8253
f 8251/8251 8252/8252 8253/8253
f 4932/4932 7341/7341 4929/4929
f 7341/7341 5055/5055 4929/4929
f 8146/8146 8144/8144 8143/8143
f 8143/8143 8144/8144 8145/8145
f 4783/4783 4777/4777 4948/4948
f 6207/6207 4779/4779 4774/4774
f 4957/4957 4959/4959 5073/5073
f 5073/5073 4959/4959 4968/4968
f 4959/4959 4967/4967 4968/4968
f 4968/4968 4967/4967 4969/4969
f 4976/4976 7060/7060 4977/4977
f 7967/7967 7968/7968 7965/7965
f 5004/5004 4997/4997 5015/5015
f 5015/5015 4997/4997 5048/5048
f 4997/4997 4996/4996 5048/5048
f 5048/5048 4996/4996 7126/7126
f 4996/4996 4995/4995 5007/5007
f 4996/4996 5007/5007 7126/7126
f 4995/4995 5020/5020 5008/5008
f 4995/4995 5008/5008 5007/5007
f 5020/5020 7177/7177 5008/5008
f 8102/8102 8099/8099 8101/8101
f 8099/8099 8100/8100 8101/8101
f 6527/6527 6579/6579 6526/6526
f 6579/6579 6529/6529 6526/6526
f 6526/6526 6529/6529 6519/6519
f 6529/6529 6520/6520 6519/6519
f 6519/6519 6520/6520 6518/6518
f 6520/6520 6521/6521 6518/6518
f 6548/6548 7012/7012 7357/7357
f 7012/7012 5928/5928 7357/7357
f 5928/5928 5920/5920 7357/7357
f 5928/5928 5923/5923 5920/5920
f 5930/5930 5931/5931 5932/5932
f 5931/5931 5933/5933 5932/5932
f 5932/5932 5933/5933 6571/6571
f 5933/5933 5939/5939 6571/6571
f 6571/6571 5939/5939 6572/6572
f 5939/5939 7316/7316 6572/6572
f 8275/8275 8278/8278 8277/8277
f 6650/6650 7316/7316 6755/6755
f 7316/7316 5960/5960 6755/6755
f 5960/5960 5948/5948 6755/6755
f 6755/6755 5948/5948 5962/5962
f 5948/5948 5949/5949 5962/5962
f 5962/5962 5949/5949 5972/5972
f 5949/5949 7234/7234 5972/5972
f 5972/5972 7234/7234 6798/6798
f 8081/8081 8082/8082 8083/8083
f 8083/8083 8082/8082 8084/8084
f 6760/6760 5967/5967 7397/7397
f 8092/8092 8089/8089 8091/8091
f 8089/8089 8090/8090 8091/8091
f 5892/5892 7135/7135 5783/5783
f 7135/7135 5777/5777 5783/5783
f 5777/5777 5773/5773 5783/5783
f 5783/5783 5773/5773 5772/5772
f 5773/5773 5775/5775 5771/5771
f 5773/5773 5771/5771 5772/5772
f 5775/5775 5782/5782 5781/5781
f 5775/5775 5781/5781 5771/5771
f 5782/5782 5784/5784 5781/5781
f 5781/5781 5784/5784 5785/5785
f 5784/5784 5794/5794 5785/5785
f 5796/5796 5802/5802 5842/5842
f 5802/5802 5805/5805 5842/5842
f 5842/5842 5805/5805 6220/6220
f 5805/5805 5807/5807 6220/6220
f 6220/6220 5807/5807 5810/5810
f 5807/5807 5809/5809 5810/5810
f 5810/5810 5809/5809 5811/5811
f 5811/5811 5809/5809 5879/5879
f 5809/5809 5814/5814 5879/5879
f 5879/5879 5814/5814 5828/5828
f 5814/5814 5826/5826 5828/5828
f 5828/5828 5826/5826 5862/5862
f 5826/5826 5829/5829 5862/5862
f 5862/5862 5829/5829 7353/7353
f 5829/5829 5831/5831 7353/7353
f 7353/7353 5831/5831 5899/5899
f 5831/5831 5895/5895 5899/5899
f 5895/5895 5897/5897 5899/5899
f 5899/5899 5897/5897 5900/5900
f 5897/5897 5901/5901 5900/5900
f 5900/5900 5901/5901 5902/5902
f 5901/5901 7249/7249 5902/5902
f 5902/5902 7249/7249 6323/6323
f 4915/4915 5049/5049 4913/4913
f 8135/8135 8136/8136 8137/8137
f 5061/5061 4741/4741 4734/4734
f 8133/8133 8130/8130 8132/8132
f 8130/8130 8131/8131 8132/8132
f 8132/8132 8131/8131 8134/8134
f 970/970 972/972 976/976
f 976/976 972/972 969/969
f 2852/2852 2725/2725 3378/3378
f 3378/3378 2725/2725 2726/2726
f 2743/2743 2724/2724 2723/2723
f 2725/2725 2724/2724 2726/2726
f 2726/2726 2724/2724 2743/2743
f 2722/2722 2718/2718 2748/2748
f 2718/2718 2719/2719 2720/2720
f 2755/2755 2758/2758 2757/2757
f 6425/6425 6431/6431 7269/7269
f 6431/6431 6420/6420 7461/7461
f 6420/6420 6414/6414 7461/7461
f 7461/7461 6414/6414 6415/6415
f 6415/6415 6414/6414 6413/6413
f 6414/6414 6412/6412 6413/6413
f 6413/6413 6412/6412 6411/6411
f 6412/6412 6410/6410 6411/6411
f 6411/6411 6410/6410 6409/6409
f 6410/6410 6398/6398 6409/6409
f 6398/6398 6399/6399 6397/6397
f 6980/6980 6803/6803 6630/6630
f 6630/6630 6803/6803 6632/6632
f 6803/6803 6953/6953 6632/6632
f 8245/8245 8243/8243 8242/8242
f 8242/8242 8243/8243 8244/8244
f 6782/6782 6655/6655 7013/7013
f 7013/7013 6655/6655 6653/6653
f 6655/6655 6654/6654 6653/6653
f 6653/6653 6654/6654 6219/6219
f 6654/6654 7075/7075 6219/6219
f 6219/6219 7075/7075 6084/6084
f 6084/6084 7075/7075 6658/6658
f 7075/7075 6663/6663 6658/6658
f 6658/6658 6663/6663 6660/6660
f 6663/6663 6662/6662 6660/6660
f 6660/6660 6662/6662 6661/6661
f 6662/6662 6664/6664 6661/6661
f 6661/6661 6664/6664 6665/6665
f 8249/8249 8250/8250 8251/8251
f 6664/6664 6666/6666 6665/6665
f 6602/6602 6557/6557 7341/7341
f 8250/8250 8252/8252 8251/8251
f 6557/6557 7542/7542 7341/7341
f 7341/7341 7542/7542 5055/5055
f 5049/5049 4785/4785 4783/4783
f 4785/4785 4784/4784 4783/4783
f 4783/4783 4784/4784 4776/4776
f 4784/4784 4788/4788 4776/4776
f 4788/4788 6207/6207 4775/4775
f 6207/6207 4782/4782 4779/4779
f 4782/4782 4781/4781 4779/4779
f 4779/4779 4781/4781 4780/4780
f 4781/4781 4949/4949 4780/4780
f 4780/4780 4949/4949 4950/4950
f 4953/4953 4955/4955 4957/4957
f 4957/4957 4955/4955 4959/4959
f 4955/4955 4961/4961 4959/4959
f 4959/4959 4961/4961 4967/4967
f 4961/4961 5038/5038 4967/4967
f 4967/4967 5038/5038 4974/4974
f 5038/5038 7171/7171 4974/4974
f 4974/4974 7171/7171 4976/4976
f 7171/7171 7060/7060 4976/4976
f 7969/7969 7968/7968 7967/7967
f 5004/5004 4998/4998 4997/4997
f 5020/5020 5003/5003 7177/7177
f 5003/5003 5058/5058 7177/7177
f 7177/7177 5058/5058 5060/5060
f 5058/5058 5059/5059 5060/5060
f 5060/5060 5059/5059 6579/6579
f 8093/8093 8095/8095 8096/8096
f 6520/6520 6522/6522 6521/6521
f 6522/6522 7012/7012 6548/6548
f 7012/7012 5927/5927 5928/5928
f 5928/5928 5927/5927 5923/5923
f 5927/5927 5926/5926 5923/5923
f 5923/5923 5926/5926 5924/5924
f 5926/5926 5929/5929 5924/5924
f 5924/5924 5929/5929 5930/5930
f 5929/5929 5968/5968 5931/5931
f 5929/5929 5931/5931 5930/5930
f 5968/5968 5935/5935 5931/5931
f 5935/5935 5934/5934 5931/5931
f 5931/5931 5934/5934 5933/5933
f 5934/5934 5936/5936 5933/5933
f 5936/5936 5938/5938 5933/5933
f 5933/5933 5938/5938 5939/5939
f 5938/5938 5940/5940 5939/5939
f 5939/5939 5940/5940 7316/7316
f 5940/5940 5944/5944 7316/7316
f 7316/7316 5944/5944 5960/5960
f 5944/5944 5945/5945 5960/5960
f 5960/5960 5945/5945 5948/5948
f 5945/5945 5947/5947 5948/5948
f 5948/5948 5947/5947 5949/5949
f 5947/5947 5961/5961 5949/5949
f 5949/5949 5961/5961 7234/7234
f 5961/5961 5955/5955 7234/7234
f 7234/7234 5955/5955 6760/6760
f 5955/5955 5963/5963 6760/6760
f 6760/6760 5963/5963 5967/5967
f 5963/5963 5966/5966 5967/5967
f 5967/5967 5966/5966 7135/7135
f 8564/8564 8565/8565 8566/8566
f 7135/7135 5786/5786 5777/5777
f 5786/5786 5776/5776 5777/5777
f 5777/5777 5776/5776 5773/5773
f 5776/5776 7056/7056 5775/5775
f 5776/5776 5775/5775 5773/5773
f 7056/7056 5838/5838 5782/5782
f 7056/7056 5782/5782 5775/5775
f 5782/5782 5838/5838 5784/5784
f 5838/5838 5800/5800 5784/5784
f 5784/5784 5800/5800 5794/5794
f 5794/5794 5800/5800 5796/5796
f 5800/5800 5801/5801 5796/5796
f 5796/5796 5801/5801 5802/5802
f 5807/5807 5808/5808 5809/5809
f 5808/5808 5812/5812 5809/5809
f 5809/5809 5812/5812 5814/5814
f 5812/5812 5825/5825 5814/5814
f 5814/5814 5825/5825 5826/5826
f 5825/5825 5827/5827 5826/5826
f 5826/5826 5827/5827 5829/5829
f 5827/5827 5830/5830 5829/5829
f 5829/5829 5830/5830 5831/5831
f 5830/5830 5894/5894 5831/5831
f 5831/5831 5894/5894 5895/5895
f 5894/5894 5896/5896 5895/5895
f 5895/5895 5896/5896 5897/5897
f 5896/5896 5904/5904 5897/5897
f 5897/5897 5904/5904 5901/5901
f 5904/5904 7249/7249 5901/5901
f 7542/7542 5049/5049 4915/4915
f 7542/7542 4915/4915 5055/5055
f 5061/5061 4950/4950 4953/4953
f 973/973 971/971 970/970
f 970/970 971/971 972/972
f 6425/6425 6423/6423 6431/6431
f 6423/6423 6420/6420 6431/6431
f 6420/6420 6417/6417 6414/6414
f 6417/6417 6416/6416 6414/6414
f 6416/6416 6412/6412 6414/6414
f 6398/6398 6400/6400 6399/6399
f 6400/6400 6401/6401 6399/6399
f 6399/6399 6401/6401 6980/6980
f 6401/6401 6434/6434 6980/6980
f 6434/6434 6436/6436 6980/6980
f 8609/8609 8610/8610 8611/8611
f 8610/8610 8612/8612 8611/8611
f 6803/6803 7188/7188 6953/6953
f 7188/7188 6820/6820 6782/6782
f 8246/8246 8243/8243 8245/8245
f 6820/6820 6739/6739 6782/6782
f 6782/6782 6739/6739 6655/6655
f 6739/6739 6657/6657 6655/6655
f 6657/6657 7457/7457 6654/6654
f 6657/6657 6654/6654 6655/6655
f 6654/6654 7457/7457 7075/7075
f 7457/7457 6459/6459 7075/7075
f 6459/6459 7042/7042 7075/7075
f 8174/8174 8171/8171 8173/8173
f 8171/8171 8172/8172 8173/8173
f 6663/6663 7187/7187 6662/6662
f 8247/8247 8248/8248 8249/8249
f 7187/7187 6664/6664 6662/6662
f 6955/6955 6556/6556 6602/6602
f 8248/8248 8250/8250 8249/8249
f 6556/6556 6480/6480 6557/6557
f 6556/6556 6557/6557 6602/6602
f 6480/6480 7179/7179 6557/6557
f 8169/8169 8167/8167 8170/8170
f 7179/7179 4789/4789 4785/4785
f 4789/4789 4784/4784 4785/4785
f 4953/4953 4954/4954 4955/4955
f 4954/4954 5051/5051 4955/4955
f 5051/5051 4962/4962 4955/4955
f 4955/4955 4962/4962 4961/4961
f 5038/5038 4980/4980 7171/7171
f 4980/4980 4981/4981 7171/7171
f 7972/7972 7970/7970 7969/7969
f 7970/7970 7968/7968 7969/7969
f 7970/7970 7971/7971 7968/7968
f 5021/5021 4998/4998 5004/5004
f 5021/5021 4987/4987 4998/4998
f 4998/4998 4987/4987 4997/4997
f 4997/4997 4987/4987 4996/4996
f 4987/4987 4991/4991 4995/4995
f 4987/4987 4995/4995 4996/4996
f 4991/4991 5020/5020 4995/4995
f 4991/4991 4993/4993 5003/5003
f 4991/4991 5003/5003 5020/5020
f 4993/4993 5014/5014 5003/5003
f 5003/5003 5014/5014 5058/5058
f 5058/5058 5014/5014 5059/5059
f 8093/8093 8094/8094 8095/8095
f 6529/6529 6539/6539 6520/6520
f 6539/6539 6981/6981 6520/6520
f 6981/6981 6523/6523 6520/6520
f 6520/6520 6523/6523 6522/6522
f 6523/6523 6524/6524 6522/6522
f 6524/6524 7012/7012 6522/6522
f 8074/8074 8073/8073 8075/8075
f 7012/7012 6214/6214 5927/5927
f 6214/6214 6213/6213 5927/5927
f 6213/6213 5926/5926 5927/5927
f 5926/5926 5968/5968 5929/5929
f 5969/5969 5935/5935 5968/5968
f 5969/5969 5937/5937 5935/5935
f 5935/5935 5937/5937 5934/5934
f 5937/5937 5936/5936 5934/5934
f 5936/5936 5970/5970 5938/5938
f 5970/5970 5941/5941 5938/5938
f 5938/5938 5941/5941 5940/5940
f 5941/5941 5942/5942 5940/5940
f 5940/5940 5942/5942 5944/5944
f 5944/5944 5942/5942 5945/5945
f 5942/5942 5946/5946 5945/5945
f 5945/5945 5946/5946 5947/5947
f 5946/5946 5950/5950 5947/5947
f 5950/5950 5951/5951 5947/5947
f 5947/5947 5951/5951 5961/5961
f 5961/5961 5951/5951 5955/5955
f 5951/5951 5954/5954 5955/5955
f 5955/5955 5954/5954 5963/5963
f 5954/5954 5957/5957 5963/5963
f 5963/5963 5957/5957 5966/5966
f 8567/8567 8568/8568 8565/8565
f 8567/8567 8565/8565 8564/8564
f 6581/6581 5859/5859 5786/5786
f 5786/5786 5859/5859 5776/5776
f 5859/5859 7245/7245 7056/7056
f 5859/5859 7056/7056 5776/5776
f 7245/7245 7080/7080 5838/5838
f 7245/7245 5838/5838 7056/7056
f 7080/7080 7079/7079 5838/5838
f 5838/5838 7079/7079 5800/5800
f 7079/7079 5880/5880 5800/5800
f 5800/5800 5880/5880 5801/5801
f 5880/5880 5803/5803 5801/5801
f 5801/5801 5803/5803 5802/5802
f 5803/5803 5804/5804 5802/5802
f 5802/5802 5804/5804 5805/5805
f 5804/5804 5806/5806 5805/5805
f 5805/5805 5806/5806 5807/5807
f 5806/5806 5808/5808 5807/5807
f 5812/5812 5832/5832 5825/5825
f 5825/5825 5832/5832 5827/5827
f 5832/5832 7048/7048 5827/5827
f 5827/5827 7048/7048 5830/5830
f 7048/7048 5905/5905 5830/5830
f 5830/5830 5905/5905 5894/5894
f 5905/5905 5898/5898 5894/5894
f 5894/5894 5898/5898 5896/5896
f 5898/5898 7282/7282 5896/5896
f 5896/5896 7282/7282 5904/5904
f 8720/8720 8718/8718 8717/8717
f 8717/8717 8718/8718 8719/8719
f 974/974 973/973 970/970
f 7026/7026 6424/6424 6425/6425
f 6425/6425 6424/6424 6423/6423
f 938/938 944/944 937/937
f 7026/7026 6430/6430 6424/6424
f 6424/6424 6421/6421 6423/6423
f 6423/6423 6421/6421 6420/6420
f 6421/6421 6417/6417 6420/6420
f 6416/6416 6504/6504 6412/6412
f 6504/6504 6422/6422 6412/6412
f 6412/6412 6422/6422 6410/6410
f 6410/6410 6422/6422 6398/6398
f 6422/6422 6433/6433 6398/6398
f 6398/6398 6433/6433 6400/6400
f 6434/6434 6435/6435 6436/6436
f 6435/6435 6511/6511 6436/6436
f 6436/6436 6511/6511 7188/7188
f 6511/6511 7468/7468 7188/7188
f 7188/7188 7468/7468 6820/6820
f 7468/7468 7025/7025 6820/6820
f 6820/6820 7025/7025 6739/6739
f 7025/7025 7445/7445 6739/6739
f 6739/6739 7445/7445 6657/6657
f 8222/8222 8220/8220 8219/8219
f 8219/8219 8220/8220 8221/8221
f 6461/6461 6458/6458 7457/7457
f 6458/6458 6459/6459 7457/7457
f 7042/7042 6484/6484 7187/7187
f 7187/7187 6484/6484 6955/6955
f 6484/6484 6483/6483 6955/6955
f 6955/6955 6483/6483 6556/6556
f 6483/6483 6478/6478 6556/6556
f 6556/6556 6478/6478 6480/6480
f 6478/6478 6479/6479 6480/6480
f 8169/8169 8168/8168 8167/8167
f 8168/8168 8165/8165 8167/8167
f 8165/8165 8166/8166 8167/8167
f 4789/4789 6986/6986 4784/4784
f 4784/4784 6986/6986 4788/4788
f 8159/8159 8157/8157 8156/8156
f 8156/8156 8157/8157 8158/8158
f 4798/4798 4787/4787 6207/6207
f 6207/6207 4787/4787 4782/4782
f 4787/4787 4786/4786 4782/4782
f 4782/4782 4786/4786 4781/4781
f 4781/4781 4786/4786 4949/4949
f 4786/4786 4951/4951 4949/4949
f 4949/4949 4951/4951 4950/4950
f 4951/4951 4952/4952 4950/4950
f 4950/4950 4952/4952 4953/4953
f 4952/4952 4954/4954 4953/4953
f 4962/4962 4963/4963 4961/4961
f 4963/4963 4964/4964 4961/4961
f 4961/4961 4964/4964 5038/5038
f 5038/5038 4964/4964 4980/4980
f 4964/4964 4979/4979 4980/4980
f 4980/4980 4979/4979 4981/4981
f 4979/4979 4983/4983 4981/4981
f 4981/4981 4983/4983 5021/5021
f 4983/4983 4984/4984 5021/5021
f 5021/5021 4984/4984 4987/4987
f 4984/4984 4986/4986 4987/4987
f 4987/4987 4986/4986 4991/4991
f 4986/4986 4992/4992 4991/4991
f 4991/4991 4992/4992 4993/4993
f 4992/4992 4994/4994 4993/4993
f 4993/4993 4994/4994 5014/5014
f 4994/4994 7008/7008 5014/5014
f 5014/5014 7008/7008 5059/5059
f 8098/8098 8097/8097 8093/8093
f 8093/8093 8097/8097 8094/8094
f 6536/6536 6532/6532 6539/6539
f 6539/6539 6532/6532 6981/6981
f 6981/6981 6532/6532 6523/6523
f 6523/6523 6525/6525 6524/6524
f 6525/6525 6528/6528 6524/6524
f 8074/8074 8071/8071 8073/8073
f 8071/8071 8072/8072 8073/8073
f 6214/6214 7322/7322 6213/6213
f 6213/6213 7322/7322 5926/5926
f 5926/5926 7322/7322 5968/5968
f 7322/7322 6669/6669 5968/5968
f 5968/5968 6669/6669 5969/5969
f 6669/6669 6607/6607 5969/5969
f 5969/5969 6607/6607 5937/5937
f 6607/6607 6684/6684 5937/5937
f 5937/5937 6684/6684 5936/5936
f 6684/6684 5971/5971 5936/5936
f 5936/5936 5971/5971 5970/5970
f 5950/5950 5952/5952 5951/5951
f 5951/5951 5952/5952 5954/5954
f 5952/5952 5956/5956 5954/5954
f 5954/5954 5956/5956 5957/5957
f 5956/5956 5959/5959 5957/5957
f 5957/5957 5959/5959 6581/6581
f 5959/5959 7488/7488 6581/6581
f 6581/6581 7488/7488 5859/5859
f 7488/7488 7393/7393 5859/5859
f 5859/5859 7393/7393 7245/7245
f 7393/7393 7440/7440 7245/7245
f 7245/7245 7440/7440 7080/7080
f 7440/7440 6833/6833 7080/7080
f 7080/7080 6833/6833 7079/7079
f 6833/6833 6830/6830 7079/7079
f 7079/7079 6830/6830 5880/5880
f 6830/6830 6829/6829 5880/5880
f 5880/5880 6829/6829 5803/5803
f 6829/6829 5878/5878 5803/5803
f 5803/5803 5878/5878 5804/5804
f 5804/5804 5878/5878 5806/5806
f 5878/5878 5815/5815 5806/5806
f 5806/5806 5815/5815 5808/5808
f 5815/5815 5824/5824 5808/5808
f 5824/5824 5813/5813 5808/5808
f 5808/5808 5813/5813 5812/5812
f 5813/5813 5843/5843 5812/5812
f 5812/5812 5843/5843 5832/5832
f 5843/5843 7024/7024 5832/5832
f 5832/5832 7024/7024 7048/7048
f 7024/7024 7273/7273 7048/7048
f 7048/7048 7273/7273 5905/5905
f 7273/7273 7134/7134 5905/5905
f 5905/5905 7134/7134 5898/5898
f 7134/7134 7144/7144 5898/5898
f 5898/5898 7144/7144 7282/7282
f 7144/7144 7157/7157 7282/7282
f 974/974 975/975 973/973
f 7155/7155 7156/7156 7144/7144
f 7144/7144 7156/7156 7157/7157
f 975/975 977/977 973/973
f 6427/6427 6426/6426 6424/6424
f 6424/6424 6426/6426 6421/6421
f 6426/6426 6437/6437 6421/6421
f 6421/6421 6437/6437 6417/6417
f 6437/6437 6432/6432 6417/6417
f 6417/6417 6432/6432 6416/6416
f 6416/6416 6432/6432 6504/6504
f 6432/6432 7122/7122 6504/6504
f 6504/6504 7122/7122 6422/6422
f 8238/8238 8239/8239 8240/8240
f 8239/8239 8241/8241 8240/8240
f 6422/6422 7045/7045 6433/6433
f 7045/7045 6403/6403 6433/6433
f 6433/6433 6403/6403 6400/6400
f 6403/6403 6402/6402 6400/6400
f 6400/6400 6402/6402 6401/6401
f 6401/6401 6402/6402 6434/6434
f 6402/6402 6406/6406 6434/6434
f 6434/6434 6406/6406 6435/6435
f 6435/6435 6406/6406 6511/6511
f 6406/6406 6451/6451 6511/6511
f 6511/6511 6451/6451 7468/7468
f 6451/6451 6493/6493 7468/7468
f 7468/7468 6493/6493 7025/7025
f 6493/6493 6460/6460 7025/7025
f 7025/7025 6460/6460 7445/7445
f 7445/7445 6460/6460 6461/6461
f 6460/6460 6456/6456 6461/6461
f 6461/6461 6456/6456 6458/6458
f 6456/6456 6457/6457 6458/6458
f 6458/6458 6457/6457 6459/6459
f 6457/6457 6492/6492 6459/6459
f 6459/6459 6492/6492 7042/7042
f 6492/6492 6475/6475 7042/7042
f 7042/7042 6475/6475 6484/6484
f 6475/6475 6476/6476 6484/6484
f 6484/6484 6476/6476 6483/6483
f 6483/6483 6476/6476 6478/6478
f 6476/6476 6477/6477 6478/6478
f 6478/6478 6477/6477 6479/6479
f 6479/6479 6477/6477 6481/6481
f 6477/6477 6482/6482 6481/6481
f 6481/6481 6482/6482 6986/6986
f 8160/8160 8161/8161 8162/8162
f 6580/6580 4798/4798 6986/6986
f 4798/4798 4797/4797 4787/4787
f 4787/4787 4797/4797 4786/4786
f 4797/4797 5050/5050 4786/4786
f 4786/4786 5050/5050 4951/4951
f 5050/5050 4960/4960 4951/4951
f 4951/4951 4960/4960 4952/4952
f 4960/4960 4956/4956 4952/4952
f 4952/4952 4956/4956 4954/4954
f 4956/4956 4958/4958 4954/4954
f 4954/4954 4958/4958 5051/5051
f 4958/4958 5908/5908 5051/5051
f 5051/5051 5908/5908 4962/4962
f 5908/5908 4963/4963 4962/4962
f 4963/4963 4965/4965 4964/4964
f 4984/4984 4985/4985 4986/4986
f 4985/4985 5006/5006 4986/4986
f 4986/4986 5006/5006 4992/4992
f 5006/5006 5016/5016 4992/4992
f 4992/4992 5016/5016 4994/4994
f 5016/5016 6217/6217 4994/4994
f 6217/6217 7008/7008 4994/4994
f 7008/7008 6540/6540 6536/6536
f 6540/6540 6534/6534 6536/6536
f 6536/6536 6534/6534 6532/6532
f 6534/6534 6533/6533 6532/6532
f 6533/6533 6530/6530 6532/6532
f 6532/6532 6530/6530 6523/6523
f 6523/6523 6530/6530 6525/6525
f 6530/6530 6552/6552 6525/6525
f 6525/6525 6552/6552 6528/6528
f 6528/6528 6552/6552 7322/7322
f 8076/8076 8077/8077 8078/8078
f 7322/7322 6776/6776 6669/6669
f 6776/6776 6775/6775 6669/6669
f 6669/6669 6775/6775 6607/6607
f 6775/6775 6995/6995 6607/6607
f 6607/6607 6995/6995 6684/6684
f 6995/6995 7458/7458 6684/6684
f 7458/7458 6969/6969 6684/6684
f 6684/6684 6969/6969 5971/5971
f 5971/5971 5943/5943 5970/5970
f 5970/5970 5943/5943 5941/5941
f 5941/5941 5943/5943 5942/5942
f 5943/5943 7676/7676 5942/5942
f 5942/5942 7676/7676 5946/5946
f 7676/7676 5958/5958 5946/5946
f 5946/5946 5958/5958 5950/5950
f 5958/5958 5953/5953 5950/5950
f 5950/5950 5953/5953 5952/5952
f 5953/5953 5965/5965 5952/5952
f 5952/5952 5965/5965 5956/5956
f 5965/5965 5964/5964 5956/5956
f 5956/5956 5964/5964 5959/5959
f 5964/5964 6560/6560 5959/5959
f 5959/5959 6560/6560 7488/7488
f 7488/7488 6560/6560 7393/7393
f 6560/6560 6994/6994 7393/7393
f 7393/7393 6994/6994 7440/7440
f 7440/7440 6994/6994 6833/6833
f 6994/6994 6832/6832 6833/6833
f 6833/6833 6832/6832 6830/6830
f 6832/6832 6831/6831 6830/6830
f 6830/6830 6831/6831 6829/6829
f 6831/6831 6839/6839 6829/6829
f 6829/6829 6839/6839 5878/5878
f 6839/6839 7665/7665 5878/5878
f 5878/5878 7665/7665 5815/5815
f 7665/7665 7050/7050 5815/5815
f 5815/5815 7050/7050 5824/5824
f 5824/5824 7050/7050 5813/5813
f 7050/7050 6385/6385 5813/5813
f 5813/5813 6385/6385 5843/5843
f 6385/6385 6612/6612 5843/5843
f 5843/5843 6612/6612 7024/7024
f 6612/6612 7408/7408 7024/7024
f 7024/7024 7408/7408 7273/7273
f 7408/7408 7147/7147 7273/7273
f 7273/7273 7147/7147 7134/7134
f 7147/7147 7145/7145 7134/7134
f 7134/7134 7145/7145 7144/7144
f 7145/7145 7146/7146 7144/7144
f 7144/7144 7146/7146 7155/7155
f 985/985 979/979 975/975
f 985/985 975/975 986/986
f 979/979 978/978 975/975
f 975/975 978/978 977/977
f 6848/6848 6846/6846 7003/7003
f 7003/7003 6846/6846 6427/6427
f 6849/6849 6847/6847 6848/6848
f 6848/6848 6847/6847 6846/6846
f 6846/6846 6428/6428 6427/6427
f 6427/6427 6428/6428 6426/6426
f 6847/6847 6850/6850 6428/6428
f 6847/6847 6428/6428 6846/6846
f 6428/6428 6429/6429 6426/6426
f 6426/6426 6429/6429 6437/6437
f 6429/6429 7557/7557 6437/6437
f 6437/6437 7557/7557 6432/6432
f 8685/8685 8686/8686 8687/8687
f 8687/8687 8686/8686 8688/8688
f 7122/7122 6505/6505 6690/6690
f 6505/6505 6497/6497 6690/6690
f 6690/6690 6497/6497 7045/7045
f 6497/6497 6494/6494 7045/7045
f 7045/7045 6494/6494 6403/6403
f 6494/6494 6404/6404 6403/6403
f 6403/6403 6404/6404 6402/6402
f 6404/6404 6405/6405 6402/6402
f 6402/6402 6405/6405 6406/6406
f 6405/6405 6407/6407 6406/6406
f 6406/6406 6407/6407 6451/6451
f 6451/6451 6454/6454 6493/6493
f 6493/6493 6454/6454 6460/6460
f 6454/6454 6456/6456 6460/6460
f 6492/6492 6467/6467 6475/6475
f 6476/6476 6473/6473 6477/6477
f 6473/6473 6688/6688 6477/6477
f 6477/6477 6688/6688 6482/6482
f 8164/8164 8163/8163 8160/8160
f 8160/8160 8163/8163 8161/8161
f 6580/6580 4811/4811 4798/4798
f 4811/4811 4799/4799 4798/4798
f 4798/4798 4799/4799 4797/4797
f 4799/4799 4800/4800 4797/4797
f 4797/4797 4800/4800 5050/5050
f 4800/4800 4810/4810 5050/5050
f 8155/8155 8152/8152 8154/8154
f 8152/8152 8153/8153 8154/8154
f 4960/4960 6586/6586 4956/4956
f 8150/8150 8148/8148 8147/8147
f 8147/8147 8148/8148 8149/8149
f 8148/8148 8151/8151 8149/8149
f 5908/5908 4966/4966 4963/4963
f 4963/4963 4966/4966 4965/4965
f 4965/4965 4978/4978 4964/4964
f 4964/4964 4978/4978 4979/4979
f 4978/4978 4982/4982 4979/4979
f 4979/4979 4982/4982 4983/4983
f 4983/4983 4982/4982 4984/4984
f 4982/4982 4985/4985 4984/4984
f 6217/6217 6218/6218 7008/7008
f 8104/8104 8105/8105 8106/8106
f 7008/7008 6542/6542 6540/6540
f 6542/6542 6541/6541 6540/6540
f 6540/6540 6541/6541 6534/6534
f 6541/6541 7017/7017 6534/6534
f 7017/7017 6537/6537 6534/6534
f 6534/6534 6537/6537 6533/6533
f 6537/6537 6535/6535 6533/6533
f 6533/6533 6535/6535 6530/6530
f 6535/6535 6547/6547 6530/6530
f 6530/6530 6547/6547 6552/6552
f 6547/6547 7309/7309 6552/6552
f 7309/7309 7562/7562 6552/6552
f 8736/8736 8737/8737 8738/8738
f 6988/6988 7562/7562 7309/7309
f 8080/8080 8079/8079 8076/8076
f 7498/7498 7402/7402 7562/7562
f 8076/8076 8079/8079 8077/8077
f 7498/7498 7497/7497 7402/7402
f 7402/7402 6796/6796 6776/6776
f 7497/7497 6781/6781 6796/6796
f 7497/7497 6796/6796 7402/7402
f 6796/6796 6777/6777 6776/6776
f 6776/6776 6777/6777 6775/6775
f 6781/6781 6780/6780 6777/6777
f 6781/6781 6777/6777 6796/6796
f 6777/6777 6778/6778 6775/6775
f 6775/6775 6778/6778 6995/6995
f 6780/6780 6779/6779 6777/6777
f 6777/6777 6779/6779 6778/6778
f 6779/6779 6949/6949 6778/6778
f 6778/6778 6951/6951 6995/6995
f 6995/6995 6951/6951 7458/7458
f 6949/6949 6950/6950 6778/6778
f 6778/6778 6950/6950 6951/6951
f 8693/8693 8694/8694 8695/8695
f 7458/7458 6819/6819 6969/6969
f 6969/6969 6819/6819 5971/5971
f 6819/6819 6815/6815 5971/5971
f 5971/5971 6815/6815 5943/5943
f 6815/6815 6816/6816 5943/5943
f 6816/6816 6817/6817 5943/5943
f 7143/7143 6818/6818 6816/6816
f 6816/6816 6818/6818 6817/6817
f 5943/5943 6817/6817 7676/7676
f 6818/6818 7073/7073 6817/6817
f 6817/6817 7124/7124 7676/7676
f 7676/7676 7124/7124 5958/5958
f 7073/7073 7483/7483 7124/7124
f 7073/7073 7124/7124 6817/6817
f 5958/5958 7124/7124 5953/5953
f 7483/7483 7335/7335 7124/7124
f 7124/7124 7044/7044 5953/5953
f 7335/7335 7044/7044 7124/7124
f 5953/5953 7044/7044 5965/5965
f 7335/7335 7323/7323 7044/7044
f 7044/7044 7275/7275 5965/5965
f 7044/7044 7323/7323 7275/7275
f 5965/5965 7275/7275 5964/5964
f 515/515 521/521 608/608
f 7275/7275 6735/6735 5964/5964
f 5964/5964 6735/6735 6560/6560
f 608/608 521/521 609/609
f 521/521 523/523 609/609
f 6735/6735 6808/6808 6560/6560
f 6560/6560 6808/6808 6994/6994
f 6735/6735 6854/6854 6808/6808
f 6854/6854 6989/6989 6808/6808
f 8653/8653 8654/8654 8655/8655
f 8656/8656 8654/8654 8653/8653
f 6994/6994 6836/6836 6832/6832
f 8656/8656 8657/8657 8654/8654
f 7020/7020 6837/6837 6836/6836
f 6836/6836 6834/6834 6832/6832
f 6836/6836 6837/6837 6834/6834
f 6832/6832 6834/6834 6831/6831
f 6837/6837 6838/6838 6834/6834
f 6834/6834 6835/6835 6831/6831
f 6831/6831 6835/6835 6839/6839
f 6838/6838 6835/6835 6834/6834
f 6838/6838 7492/7492 6835/6835
f 6835/6835 7426/7426 6839/6839
f 6839/6839 7426/7426 7665/7665
f 6835/6835 7492/7492 7426/7426
f 7492/7492 7543/7543 7426/7426
f 8645/8645 8646/8646 8647/8647
f 7665/7665 6859/6859 7050/7050
f 8648/8648 8646/8646 8645/8645
f 548/548 550/550 607/607
f 6859/6859 6614/6614 7050/7050
f 7050/7050 6614/6614 6385/6385
f 6858/6858 6614/6614 6859/6859
f 6614/6614 6613/6613 6385/6385
f 6858/6858 6615/6615 6614/6614
f 6614/6614 6615/6615 6613/6613
f 6385/6385 6613/6613 6612/6612
f 6613/6613 6733/6733 6612/6612
f 6612/6612 6733/6733 7408/7408
f 6615/6615 7248/7248 6733/6733
f 6615/6615 6733/6733 6613/6613
f 6733/6733 7495/7495 7408/7408
f 7408/7408 7495/7495 7147/7147
f 7248/7248 7677/7677 7495/7495
f 7248/7248 7495/7495 6733/6733
f 7495/7495 7148/7148 7147/7147
f 7147/7147 7148/7148 7145/7145
f 7148/7148 7434/7434 7146/7146
f 7148/7148 7146/7146 7145/7145
f 7677/7677 7434/7434 7495/7495
f 7495/7495 7434/7434 7148/7148
f 567/567 565/565 566/566
f 566/566 565/565 564/564
f 565/565 563/563 564/564
f 564/564 563/563 562/562
f 563/563 557/557 562/562
f 562/562 557/557 536/536
f 497/497 510/510 509/509
f 497/497 509/509 508/508
f 510/510 512/512 513/513
f 510/510 513/513 509/509
f 512/512 514/514 513/513
f 513/513 514/514 515/515
f 514/514 516/516 515/515
f 515/515 516/516 521/521
f 516/516 522/522 521/521
f 522/522 523/523 521/521
f 522/522 524/524 523/523
f 524/524 529/529 523/523
f 524/524 528/528 529/529
f 528/528 537/537 529/529
f 528/528 531/531 537/537
f 537/537 531/531 538/538
f 531/531 541/541 538/538
f 541/541 546/546 538/538
f 546/546 542/542 544/544
f 546/546 544/544 538/538
f 542/542 543/543 544/544
f 543/543 545/545 544/544
f 543/543 547/547 545/545
f 547/547 548/548 545/545
f 547/547 549/549 548/548
f 548/548 549/549 550/550
f 549/549 551/551 550/550
f 551/551 552/552 550/550
f 550/550 552/552 553/553
f 552/552 554/554 553/553
f 554/554 555/555 553/553
f 553/553 555/555 556/556
f 555/555 558/558 556/556
f 556/556 558/558 559/559
f 558/558 560/560 559/559
f 559/559 560/560 561/561
f 7434/7434 7437/7437 7146/7146
f 985/985 981/981 979/979
f 981/981 980/980 979/979
f 979/979 980/980 978/978
f 560/560 590/590 561/561
f 561/561 590/590 602/602
f 595/595 594/594 593/593
f 595/595 593/593 596/596
f 594/594 589/589 567/567
f 594/594 567/567 593/593
f 589/589 587/587 565/565
f 589/589 565/565 567/567
f 587/587 585/585 563/563
f 587/587 563/563 565/565
f 585/585 584/584 557/557
f 585/585 557/557 563/563
f 584/584 588/588 533/533
f 584/584 533/533 557/557
f 588/588 603/603 494/494
f 588/588 494/494 533/533
f 603/603 540/540 494/494
f 494/494 540/540 506/506
f 539/539 520/520 495/495
f 495/495 520/520 496/496
f 520/520 497/497 496/496
f 520/520 511/511 497/497
f 497/497 511/511 510/510
f 511/511 512/512 510/510
f 518/518 514/514 512/512
f 518/518 517/517 514/514
f 517/517 519/519 516/516
f 517/517 516/516 514/514
f 519/519 532/532 516/516
f 516/516 532/532 522/522
f 532/532 525/525 522/522
f 522/522 525/525 524/524
f 525/525 526/526 524/524
f 526/526 527/527 524/524
f 524/524 527/527 528/528
f 527/527 530/530 528/528
f 4228/4228 4340/4340 4277/4277
f 530/530 535/535 531/531
f 530/530 531/531 528/528
f 6852/6852 6857/6857 6428/6428
f 6428/6428 6857/6857 6429/6429
f 1084/1084 1085/1085 1086/1086
f 6429/6429 6857/6857 7557/7557
f 6857/6857 7558/7558 7557/7557
f 1085/1085 1087/1087 1086/1086
f 7558/7558 6506/6506 7557/7557
f 7557/7557 6506/6506 6505/6505
f 1087/1087 1095/1095 1096/1096
f 1095/1095 1097/1097 1096/1096
f 6506/6506 6498/6498 6505/6505
f 6505/6505 6498/6498 6497/6497
f 1097/1097 1102/1102 1096/1096
f 6506/6506 6507/6507 6498/6498
f 6498/6498 6496/6496 6497/6497
f 6497/6497 6496/6496 6494/6494
f 6496/6496 6495/6495 6494/6494
f 6494/6494 6495/6495 6404/6404
f 6495/6495 7427/7427 6404/6404
f 6404/6404 7427/7427 6405/6405
f 6405/6405 7427/7427 6407/6407
f 7427/7427 6452/6452 6407/6407
f 6407/6407 6452/6452 6451/6451
f 6452/6452 6453/6453 6451/6451
f 6451/6451 6453/6453 6454/6454
f 6453/6453 6455/6455 6454/6454
f 6454/6454 6455/6455 6456/6456
f 6456/6456 6455/6455 6457/6457
f 6455/6455 6463/6463 6457/6457
f 6457/6457 6463/6463 6492/6492
f 6463/6463 6467/6467 6492/6492
f 6467/6467 6473/6473 6475/6475
f 6475/6475 6473/6473 6476/6476
f 8228/8228 8230/8230 8231/8231
f 4806/4806 4802/4802 6688/6688
f 6688/6688 4802/4802 4811/4811
f 4811/4811 4802/4802 4799/4799
f 4802/4802 4801/4801 4799/4799
f 4799/4799 4801/4801 4800/4800
f 4801/4801 4809/4809 4800/4800
f 4800/4800 4809/4809 4810/4810
f 4810/4810 4921/4921 6586/6586
f 6586/6586 4921/4921 4924/4924
f 4921/4921 4923/4923 4924/4924
f 4924/4924 4923/4923 5908/5908
f 4923/4923 7280/7280 5908/5908
f 5908/5908 7280/7280 4966/4966
f 7280/7280 4965/4965 4966/4966
f 4978/4978 6320/6320 4982/4982
f 6320/6320 4989/4989 4982/4982
f 4989/4989 4988/4988 4982/4982
f 4982/4982 4988/4988 4985/4985
f 4988/4988 4999/4999 4985/4985
f 4985/4985 4999/4999 5006/5006
f 5006/5006 4999/4999 5016/5016
f 4999/4999 5018/5018 5016/5016
f 5016/5016 5018/5018 6217/6217
f 5018/5018 6218/6218 6217/6217
f 6542/6542 6543/6543 6541/6541
f 6541/6541 6543/6543 7017/7017
f 6543/6543 6546/6546 7017/7017
f 8622/8622 8623/8623 8624/8624
f 6545/6545 6551/6551 6546/6546
f 6545/6545 6546/6546 6543/6543
f 8623/8623 8625/8625 8624/8624
f 6537/6537 7131/7131 6535/6535
f 604/604 582/582 606/606
f 606/606 582/582 581/581
f 7131/7131 6987/6987 6535/6535
f 6535/6535 6987/6987 6547/6547
f 582/582 578/578 581/581
f 581/581 578/578 579/579
f 6987/6987 6988/6988 6547/6547
f 579/579 578/578 577/577
f 6547/6547 6988/6988 7309/7309
f 578/578 574/574 577/577
f 8693/8693 8696/8696 8694/8694
f 536/536 485/485 568/568
f 8696/8696 8697/8697 8694/8694
f 485/485 486/486 568/568
f 568/568 486/486 591/591
f 6819/6819 7083/7083 6815/6815
f 486/486 488/488 591/591
f 7083/7083 7143/7143 6815/6815
f 6815/6815 7143/7143 6816/6816
f 488/488 490/490 591/591
f 591/591 490/490 592/592
f 1093/1093 1091/1091 1101/1101
f 6851/6851 6847/6847 6849/6849
f 1094/1094 1092/1092 1093/1093
f 1093/1093 1092/1092 1091/1091
f 1091/1091 1085/1085 1101/1101
f 1101/1101 1085/1085 1099/1099
f 1092/1092 1090/1090 1091/1091
f 1091/1091 1090/1090 1085/1085
f 1090/1090 1089/1089 1085/1085
f 1089/1089 1088/1088 1085/1085
f 1085/1085 1088/1088 1087/1087
f 1088/1088 1095/1095 1087/1087
f 1095/1095 1098/1098 1097/1097
f 1098/1098 1100/1100 1097/1097
f 1097/1097 1100/1100 1102/1102
f 4066/4066 1191/1191 1192/1192
f 4350/4350 4347/4347 4349/4349
f 605/605 583/583 604/604
f 604/604 583/583 582/582
f 583/583 580/580 582/582
f 582/582 580/580 578/578
f 580/580 576/576 578/578
f 578/578 576/576 574/574
f 577/577 574/574 573/573
f 576/576 575/575 574/574
f 574/574 572/572 573/573
f 574/574 575/575 572/572
f 572/572 571/571 573/573
f 572/572 569/569 571/571
f 571/571 569/569 570/570
f 570/570 569/569 566/566
f 566/566 569/569 567/567
f 534/534 483/483 536/536
f 536/536 483/483 485/485
f 483/483 484/484 485/485
f 485/485 484/484 486/486
f 484/484 487/487 486/486
f 486/486 487/487 488/488
f 487/487 489/489 488/488
f 488/488 489/489 490/490
f 490/490 586/586 592/592
f 489/489 491/491 490/490
f 490/490 493/493 586/586
f 491/491 492/492 490/490
f 490/490 492/492 493/493
f 493/493 508/508 586/586
f 493/493 492/492 508/508
f 508/508 492/492 497/497
f 487/487 504/504 489/489
f 491/491 498/498 495/495
f 495/495 498/498 539/539
f 504/504 498/498 489/489
f 489/489 498/498 491/491
f 505/505 504/504 540/540
f 505/505 503/503 504/504
f 503/503 499/499 504/504
f 504/504 499/499 498/498
f 498/498 501/501 539/539
f 539/539 501/501 610/610
f 499/499 500/500 498/498
f 498/498 500/500 501/501
f 501/501 502/502 610/610
f 501/501 500/500 502/502
f 500/500 507/507 502/502
f 4352/4352 4353/4353 4354/4354
f 6498/6498 6499/6499 6496/6496
f 8684/8684 8683/8683 8682/8682
f 6499/6499 6500/6500 6496/6496
f 6496/6496 6500/6500 6495/6495
f 6495/6495 6500/6500 7427/7427
f 6500/6500 6491/6491 7427/7427
f 6491/6491 6469/6469 7427/7427
f 7427/7427 6469/6469 6452/6452
f 6469/6469 6462/6462 6452/6452
f 6452/6452 6462/6462 6453/6453
f 6462/6462 6502/6502 6453/6453
f 6453/6453 6502/6502 6455/6455
f 6502/6502 6464/6464 6455/6455
f 6455/6455 6464/6464 6463/6463
f 6464/6464 6465/6465 6463/6463
f 6463/6463 6465/6465 6467/6467
f 6465/6465 6470/6470 6467/6467
f 6470/6470 6472/6472 6467/6467
f 6467/6467 6472/6472 6473/6473
f 6472/6472 7554/7554 6473/6473
f 8228/8228 8229/8229 8230/8230
f 7554/7554 5917/5917 4806/4806
f 5917/5917 5056/5056 4806/4806
f 5056/5056 4805/4805 4806/4806
f 4806/4806 4805/4805 4802/4802
f 4805/4805 4804/4804 4802/4802
f 4804/4804 4803/4803 4802/4802
f 4802/4802 4803/4803 4801/4801
f 4803/4803 4808/4808 4801/4801
f 4801/4801 4808/4808 4809/4809
f 4808/4808 4813/4813 4809/4809
f 4809/4809 4813/4813 4810/4810
f 4813/4813 4920/4920 4810/4810
f 4810/4810 4920/4920 4921/4921
f 4920/4920 4922/4922 4921/4921
f 4921/4921 4922/4922 4923/4923
f 4922/4922 5891/5891 4923/4923
f 4923/4923 5891/5891 7280/7280
f 5891/5891 5037/5037 7280/7280
f 8129/8129 8126/8126 8128/8128
f 8126/8126 8127/8127 8128/8128
f 4965/4965 6320/6320 4978/4978
f 6320/6320 5001/5001 4989/4989
f 5001/5001 4990/4990 4989/4989
f 4989/4989 4990/4990 4988/4988
f 4988/4988 4990/4990 4999/4999
f 4990/4990 5000/5000 4999/4999
f 5000/5000 5019/5019 4999/4999
f 4999/4999 5019/5019 5018/5018
f 5018/5018 6587/6587 6218/6218
f 8104/8104 8107/8107 8105/8105
f 6587/6587 6544/6544 6542/6542
f 6542/6542 6544/6544 6543/6543
f 6544/6544 6701/6701 6545/6545
f 6544/6544 6545/6545 6543/6543
f 6701/6701 6729/6729 6545/6545
f 6545/6545 6729/6729 6551/6551
f 1182/1182 1181/1181 1183/1183
f 1183/1183 1181/1181 1184/1184
f 1179/1179 1181/1181 1180/1180
f 1180/1180 1181/1181 1182/1182
f 8680/8680 8681/8681 8682/8682
f 6499/6499 7490/7490 6500/6500
f 7490/7490 6486/6486 6500/6500
f 6500/6500 6486/6486 6491/6491
f 6491/6491 6486/6486 6469/6469
f 6486/6486 6485/6485 6469/6469
f 6469/6469 6485/6485 6462/6462
f 8235/8235 8233/8233 8232/8232
f 8232/8232 8233/8233 8234/8234
f 6502/6502 6468/6468 6464/6464
f 6468/6468 6466/6466 6464/6464
f 6464/6464 6466/6466 6465/6465
f 6466/6466 6470/6470 6465/6465
f 6470/6470 6474/6474 6472/6472
f 6474/6474 7554/7554 6472/6472
f 5917/5917 4805/4805 5056/5056
f 4804/4804 4812/4812 4803/4803
f 4803/4803 4812/4812 4808/4808
f 4812/4812 5884/5884 4808/4808
f 4808/4808 5884/5884 4813/4813
f 4813/4813 5884/5884 4920/4920
f 5884/5884 6860/6860 4920/4920
f 4920/4920 6860/6860 4922/4922
f 8223/8223 8224/8224 8225/8225
f 8224/8224 8226/8226 8225/8225
f 8225/8225 8226/8226 8227/8227
f 5891/5891 5034/5034 5037/5037
f 5034/5034 5031/5031 5037/5037
f 5037/5037 5031/5031 6320/6320
f 6320/6320 5031/5031 5001/5001
f 5000/5000 6947/6947 5019/5019
f 5019/5019 6947/6947 5018/5018
f 6947/6947 7666/7666 5018/5018
f 5018/5018 7666/7666 6587/6587
f 7666/7666 7568/7568 6587/6587
f 6587/6587 7568/7568 6544/6544
f 7568/7568 6703/6703 6544/6544
f 6703/6703 6702/6702 6544/6544
f 6544/6544 6702/6702 6701/6701
f 6704/6704 6702/6702 6703/6703
f 6704/6704 6703/6703 7568/7568
f 1175/1175 1178/1178 1179/1179
f 1175/1175 1179/1179 1180/1180
f 1174/1174 1178/1178 1175/1175
f 1174/1174 1175/1175 1176/1176
f 7158/7158 6812/6812 7159/7159
f 7159/7159 6812/6812 7490/7490
f 7053/7053 6998/6998 6812/6812
f 7053/7053 6812/6812 7158/7158
f 6812/6812 6501/6501 7490/7490
f 6998/6998 6509/6509 6812/6812
f 6812/6812 6509/6509 6501/6501
f 7490/7490 6501/6501 6486/6486
f 6509/6509 6508/6508 6501/6501
f 6501/6501 6490/6490 6486/6486
f 6508/6508 6510/6510 6490/6490
f 6508/6508 6490/6490 6501/6501
f 6490/6490 6487/6487 6486/6486
f 6486/6486 6487/6487 6485/6485
f 6510/6510 6792/6792 6490/6490
f 6490/6490 6792/6792 6487/6487
f 6487/6487 6488/6488 6485/6485
f 6792/6792 6489/6489 6487/6487
f 6487/6487 6489/6489 6488/6488
f 8235/8235 8236/8236 8233/8233
f 8236/8236 8237/8237 8233/8233
f 6489/6489 7011/7011 7010/7010
f 6489/6489 7010/7010 6488/6488
f 6468/6468 7010/7010 6466/6466
f 7011/7011 7173/7173 7010/7010
f 7010/7010 6471/6471 6466/6466
f 6466/6466 6471/6471 6470/6470
f 7010/7010 7173/7173 6471/6471
f 7173/7173 7499/7499 6471/6471
f 6471/6471 7000/7000 6470/6470
f 6470/6470 7000/7000 6474/6474
f 7499/7499 7000/7000 6471/6471
f 6474/6474 7000/7000 7554/7554
f 7499/7499 6766/6766 7000/7000
f 7554/7554 7000/7000 5917/5917
f 7000/7000 4807/4807 5917/5917
f 6766/6766 6764/6764 4807/4807
f 6766/6766 4807/4807 7000/7000
f 5917/5917 4807/4807 4805/4805
f 4805/4805 4807/4807 4804/4804
f 4807/4807 5070/5070 4804/4804
f 6764/6764 6765/6765 5070/5070
f 6764/6764 5070/5070 4807/4807
f 4804/4804 5070/5070 4812/4812
f 6765/6765 6842/6842 5070/5070
f 5070/5070 7183/7183 4812/4812
f 6842/6842 7302/7302 7183/7183
f 6842/6842 7183/7183 5070/5070
f 4812/4812 7183/7183 5884/5884
f 7183/7183 7184/7184 5884/5884
f 7302/7302 7303/7303 7184/7184
f 7302/7302 7184/7184 7183/7183
f 7184/7184 7268/7268 5884/5884
f 5884/5884 7268/7268 6860/6860
f 8750/8750 8748/8748 8747/8747
f 8747/8747 8748/8748 8749/8749
f 7268/7268 5036/5036 6860/6860
f 6860/6860 5036/5036 6513/6513
f 6762/6762 6554/6554 5036/5036
f 6762/6762 5036/5036 7268/7268
f 6513/6513 5036/5036 5034/5034
f 5036/5036 5035/5035 5034/5034
f 5036/5036 6554/6554 5035/5035
f 5035/5035 5033/5033 5034/5034
f 6554/6554 6656/6656 5035/5035
f 5035/5035 6656/6656 5033/5033
f 5034/5034 5033/5033 5031/5031
f 5033/5033 5032/5032 5031/5031
f 6656/6656 7561/7561 5033/5033
f 5033/5033 7561/7561 5032/5032
f 5032/5032 5002/5002 5031/5031
f 1005/1005 1011/1011 1083/1083
f 7561/7561 5002/5002 5032/5032
f 5031/5031 5002/5002 5001/5001
f 1011/1011 1037/1037 1083/1083
f 5001/5001 5002/5002 4990/4990
f 5002/5002 5005/5005 4990/4990
f 1037/1037 1040/1040 1082/1082
f 1037/1037 1082/1082 1083/1083
f 5005/5005 5017/5017 4990/4990
f 4990/4990 5017/5017 5000/5000
f 1040/1040 1041/1041 1081/1081
f 1040/1040 1081/1081 1082/1082
f 5017/5017 7360/7360 5000/5000
f 5000/5000 7360/7360 6947/6947
f 1041/1041 1044/1044 1080/1080
f 1041/1041 1080/1080 1081/1081
f 1044/1044 1046/1046 1080/1080
f 7360/7360 7415/7415 6947/6947
f 6947/6947 7415/7415 7666/7666
f 1046/1046 1048/1048 1079/1079
f 1046/1046 1079/1079 1080/1080
f 8122/8122 8123/8123 8124/8124
f 1079/1079 1050/1050 1075/1075
f 8123/8123 8125/8125 8124/8124
f 1048/1048 1050/1050 1079/1079
f 1062/1062 1057/1057 1059/1059
f 1059/1059 1057/1057 1058/1058
f 1057/1057 1056/1056 1028/1028
f 1057/1057 1028/1028 1058/1058
f 1036/1036 1038/1038 1037/1037
f 1036/1036 1037/1037 1011/1011
f 1038/1038 1039/1039 1037/1037
f 1039/1039 1040/1040 1037/1037
f 1039/1039 1042/1042 1041/1041
f 1039/1039 1041/1041 1040/1040
f 1042/1042 1043/1043 1044/1044
f 1042/1042 1044/1044 1041/1041
f 1043/1043 1045/1045 1044/1044
f 1044/1044 1045/1045 1046/1046
f 1045/1045 1047/1047 1046/1046
f 1046/1046 1047/1047 1048/1048
f 1050/1050 1049/1049 1075/1075
f 1176/1176 1177/1177 1174/1174
f 1047/1047 1049/1049 1048/1048
f 1048/1048 1049/1049 1050/1050
f 1026/1026 1027/1027 1028/1028
f 1026/1026 1024/1024 1027/1027
f 1027/1027 1024/1024 1029/1029
f 1026/1026 1025/1025 1024/1024
f 1024/1024 1021/1021 1030/1030
f 1024/1024 1030/1030 1029/1029
f 1025/1025 1023/1023 1024/1024
f 1024/1024 1023/1023 1021/1021
f 1023/1023 1022/1022 1021/1021
f 1021/1021 1019/1019 1033/1033
f 1021/1021 1033/1033 1030/1030
f 1022/1022 1020/1020 1021/1021
f 1021/1021 1020/1020 1019/1019
f 1019/1019 1017/1017 1033/1033
f 1033/1033 1017/1017 1035/1035
f 1020/1020 1018/1018 1019/1019
f 1019/1019 1018/1018 1017/1017
f 1017/1017 1015/1015 1035/1035
f 1018/1018 1016/1016 1017/1017
f 1017/1017 1016/1016 1015/1015
f 1015/1015 1012/1012 1010/1010
f 1015/1015 1010/1010 1035/1035
f 1016/1016 1007/1007 1015/1015
f 1015/1015 1007/1007 1012/1012
f 1012/1012 1006/1006 1010/1010
f 1010/1010 1006/1006 1008/1008
f 1012/1012 1007/1007 1006/1006
f 1007/1007 1004/1004 1006/1006
f 1006/1006 1002/1002 1008/1008
f 1006/1006 1004/1004 1002/1002
f 1008/1008 1002/1002 1013/1013
f 1004/1004 1003/1003 1002/1002
f 1002/1002 1001/1001 1013/1013
f 1002/1002 1003/1003 1001/1001
f 1013/1013 1001/1001 1032/1032
f 1001/1001 999/999 1032/1032
f 1003/1003 1000/1000 1001/1001
f 1001/1001 1000/1000 999/999
f 1032/1032 999/999 1031/1031
f 1000/1000 998/998 999/999
f 999/999 991/991 1031/1031
f 999/999 998/998 991/991
f 991/991 1066/1066 1031/1031
f 998/998 997/997 991/991
f 1066/1066 991/991 1067/1067
f 1067/1067 991/991 1034/1034
f 991/991 987/987 1034/1034
f 997/997 990/990 991/991
f 991/991 990/990 987/987
f 987/987 1014/1014 1034/1034
f 987/987 989/989 1014/1014
f 1014/1014 989/989 994/994
f 990/990 988/988 987/987
f 987/987 988/988 989/989
f 989/989 992/992 994/994
f 989/989 988/988 992/992
f 988/988 993/993 992/992
f 992/992 995/995 996/996
f 992/992 996/996 994/994
f 992/992 993/993 995/995
f 995/995 1005/1005 996/996
f 995/995 1009/1009 1005/1005
f 1005/1005 1009/1009 1011/1011
f 1011/1011 1009/1009 1036/1036

